experiment,seed,accuracy,macro_f1,weighted_f1,macro_precision,macro_recall,metrics_path
compgcn_all_neighbours,42,0.43169609186202224,0.15800400708344173,0.3872800814342801,0.19723999617726565,0.147604890127045,runs_report/level3/compgcn_all_neighbours/seed_42/metrics.json
compgcn_all_neighbours,43,0.4312035341019287,0.1536803213520748,0.3854022352067224,0.19863862043516062,0.1429601890018658,runs_report/level3/compgcn_all_neighbours/seed_43/metrics.json
compgcn_all_neighbours,44,0.43149599027198426,0.15696194983922496,0.3862730984712842,0.20093926731795675,0.14622014103887082,runs_report/level3/compgcn_all_neighbours/seed_44/metrics.json
compgcn_baseline,42,0.4294487970815953,0.15072987152440329,0.382200206121863,0.19801370929096518,0.1389574908342865,runs_report/level3/compgcn_baseline/seed_42/metrics.json
compgcn_baseline,43,0.4309110779318731,0.15528026659580108,0.3838111689109496,0.20149060961633594,0.1435621314651078,runs_report/level3/compgcn_baseline/seed_43/metrics.json
compgcn_baseline,44,0.43044930503178536,0.15689038900040184,0.3833307283143243,0.19907226228881192,0.14554856746297212,runs_report/level3/compgcn_baseline/seed_44/metrics.json
compgcn_structural_full,42,0.10426832083981098,0.00027690027514665514,0.01969065402960314,0.00015288610093813928,0.001466275659824047,runs_report/level3/compgcn_structural_full/seed_42/metrics.json
compgcn_structural_full,43,0.10426832083981098,0.00027690027514665514,0.01969065402960314,0.00015288610093813928,0.001466275659824047,runs_report/level3/compgcn_structural_full/seed_43/metrics.json
compgcn_structural_full,44,0.07493034925423676,0.00020441984426214536,0.010446364721690403,0.0001098685472936023,0.001466275659824047,runs_report/level3/compgcn_structural_full/seed_44/metrics.json
compgcn_structural_sampled_full_eval,42,0.24226145581602967,0.005875878066666526,0.1405081503022401,0.006909800774605786,0.009409104371207093,runs_report/level3/compgcn_structural_sampled_full_eval/seed_42/metrics.json
compgcn_structural_sampled_full_eval,43,0.2411378084258162,0.005729169450837818,0.14163987773998693,0.005993183183248131,0.009620212012580193,runs_report/level3/compgcn_structural_sampled_full_eval/seed_43/metrics.json
compgcn_structural_sampled_full_eval,44,0.2436005972262841,0.006253353811968741,0.14231376974941118,0.008242987546663092,0.00963036965309397,runs_report/level3/compgcn_structural_sampled_full_eval/seed_44/metrics.json
rgat_baseline,42,0.42398448443055703,0.13936482958717714,0.3800989071869294,0.18325553416790535,0.1254729290539257,runs_report/level3/rgat_baseline/seed_42/metrics.json
rgat_baseline,43,0.42538519556082316,0.1406335250646348,0.38066101023349014,0.18888894673587464,0.12588638472253705,runs_report/level3/rgat_baseline/seed_43/metrics.json
rgat_baseline,44,0.42647805809103084,0.1400220193983438,0.3794488948112198,0.19442731728095666,0.12456507073193407,runs_report/level3/rgat_baseline/seed_44/metrics.json
rgcn_balanced_roots,42,0.014899872242830976,0.004706297676419123,0.01310015073632785,0.009326727036882589,0.016973279063357737,runs_report/level3/rgcn_balanced_roots/seed_42/metrics.json
rgcn_balanced_roots,43,0.013021995782474179,0.004734418493978767,0.01262614223276582,0.013364684894521955,0.01868082768341653,runs_report/level3/rgcn_balanced_roots/seed_43/metrics.json
rgcn_balanced_roots,44,0.014361137192728616,0.0048387111760836155,0.013321254822860212,0.00939077080085938,0.02035319842953871,runs_report/level3/rgcn_balanced_roots/seed_44/metrics.json
rgcn_baseline,42,0.4319115858820632,0.1477200482157306,0.3853485440182384,0.20484869240496367,0.1321269763353032,runs_report/level3/rgcn_baseline/seed_42/metrics.json
rgcn_baseline,43,0.431141964381917,0.14598477761776635,0.3838674334053463,0.19445731790823298,0.1316040311544097,runs_report/level3/rgcn_baseline/seed_43/metrics.json
rgcn_baseline,44,0.4316037372820047,0.1507576877031807,0.3853946083195255,0.20623906029494155,0.13550503603933592,runs_report/level3/rgcn_baseline/seed_44/metrics.json
rgcn_class_balanced,42,0.21273877507042036,0.10215575034687033,0.24979551839971822,0.11489835549156953,0.15457337214936226,runs_report/level3/rgcn_class_balanced/seed_42/metrics.json
rgcn_class_balanced,43,0.217710529961365,0.10621646633886965,0.25726728613795674,0.12314270664367871,0.15369230441663279,runs_report/level3/rgcn_class_balanced/seed_43/metrics.json
rgcn_class_balanced,44,0.21121492450013082,0.10259546790057143,0.25130550420271874,0.11699743193192154,0.15069638705302293,runs_report/level3/rgcn_class_balanced/seed_44/metrics.json
rgcn_hierarchy_with_aux,42,0.44147028491387935,0.15468004298453364,0.39811576700142665,0.2036280641584573,0.14237722882288045,runs_report/level3/rgcn_hierarchy_with_aux/seed_42/metrics.json
rgcn_hierarchy_with_aux,43,0.4411778287438238,0.14945799583246502,0.39706121000344097,0.19548126313860925,0.13749883069638524,runs_report/level3/rgcn_hierarchy_with_aux/seed_43/metrics.json
rgcn_hierarchy_with_aux,44,0.4391768128434436,0.15220962386911313,0.396601674367984,0.19396811506732717,0.14021005623505653,runs_report/level3/rgcn_hierarchy_with_aux/seed_44/metrics.json
rgcn_l3_only,42,0.4309110779318731,0.14788949890029754,0.3833653706153711,0.20665963056492134,0.1320303730345962,runs_report/level3/rgcn_l3_only/seed_42/metrics.json
rgcn_l3_only,43,0.4298336078316684,0.14701012066865013,0.384433462880643,0.19960611731906414,0.13192332249212985,runs_report/level3/rgcn_l3_only/seed_43/metrics.json
rgcn_l3_only,44,0.43026459587175026,0.14872300763454802,0.3845025184076782,0.19841197989583165,0.13374108657674907,runs_report/level3/rgcn_l3_only/seed_44/metrics.json
rgcn_logit_adjusted,42,0.22613018917296474,0.11857859537834725,0.2652242526295138,0.1327632861685806,0.1651049591918742,runs_report/level3/rgcn_logit_adjusted/seed_42/metrics.json
rgcn_logit_adjusted,43,0.21823387258146443,0.12017139664137007,0.25800933347158245,0.13005193389301858,0.17032408848351302,runs_report/level3/rgcn_logit_adjusted/seed_43/metrics.json
rgcn_logit_adjusted,44,0.22365200794249387,0.12062208062510867,0.25855338059308747,0.13219708229897795,0.16171242117851617,runs_report/level3/rgcn_logit_adjusted/seed_44/metrics.json
rgcn_random_matched_education,42,0.40522111225699203,0.13071581199483318,0.36062750509406577,0.1836490142997636,0.11509222543855221,runs_report/level3/rgcn_random_matched_education/seed_42/metrics.json
rgcn_random_matched_education,43,0.406452506657226,0.13721292886957814,0.3620662668372911,0.1955438625668445,0.12055875282652657,runs_report/level3/rgcn_random_matched_education/seed_43/metrics.json
rgcn_random_matched_education,44,0.40582141702710606,0.1355060097063938,0.362522285867823,0.19217120927256512,0.11882286838956094,runs_report/level3/rgcn_random_matched_education/seed_44/metrics.json
rgcn_random_matched_kinship,42,0.2797574153031539,0.07324754729041404,0.25455091031977833,0.14765538836241257,0.05525409626915331,runs_report/level3/rgcn_random_matched_kinship/seed_42/metrics.json
rgcn_random_matched_kinship,43,0.27827974202287314,0.07867962593858027,0.25439254621135765,0.15234217838954128,0.05960120451293796,runs_report/level3/rgcn_random_matched_kinship/seed_43/metrics.json
rgcn_random_matched_kinship,44,0.277494728092724,0.07832906017646578,0.2526244125220112,0.15273954393117373,0.05924103272433368,runs_report/level3/rgcn_random_matched_kinship/seed_44/metrics.json
rgcn_relation_shuffled,42,0.40837656040759157,0.1312723781068955,0.36614260038363977,0.1727865898979453,0.11928180163960159,runs_report/level3/rgcn_relation_shuffled/seed_42/metrics.json
rgcn_relation_shuffled,43,0.40745301460741606,0.13311993843227574,0.3661339651601951,0.1752242042057238,0.12165113905440868,runs_report/level3/rgcn_relation_shuffled/seed_43/metrics.json
rgcn_relation_shuffled,44,0.4108547416380624,0.13274249155163587,0.3647468013792374,0.17541552207460567,0.12225690547670799,runs_report/level3/rgcn_relation_shuffled/seed_44/metrics.json
rgcn_semantic_occupation,42,0.42954115166161283,0.13529618451985717,0.3803031448580724,0.1845923170625763,0.12243584941513934,runs_report/level3/rgcn_semantic_occupation/seed_42/metrics.json
rgcn_semantic_occupation,43,0.4307879384918497,0.13231738058003292,0.3796553092049585,0.18297257068171754,0.11909798002402212,runs_report/level3/rgcn_semantic_occupation/seed_43/metrics.json
rgcn_semantic_occupation,44,0.43038773531177366,0.13337865725049602,0.3794938456871371,0.18478282919347974,0.12026897762065174,runs_report/level3/rgcn_semantic_occupation/seed_44/metrics.json
rgcn_structural,42,0.24798743977711762,0.011621406979749694,0.15860883419183616,0.026315449516220942,0.013190973255842394,runs_report/level3/rgcn_structural/seed_42/metrics.json
rgcn_structural,43,0.24827989594717317,0.010154252174182973,0.15582721062840355,0.02210610917160123,0.012105155978070797,runs_report/level3/rgcn_structural/seed_43/metrics.json
rgcn_structural,44,0.24881863099727555,0.010240178442856395,0.15785772432583467,0.02361265568828122,0.012138671482877466,runs_report/level3/rgcn_structural/seed_44/metrics.json
rgcn_without_education,42,0.35510336016746963,0.11446614442748773,0.30863372828473506,0.1749524524044188,0.09945319070400835,runs_report/level3/rgcn_without_education/seed_42/metrics.json
rgcn_without_education,43,0.356457894007727,0.11614837011607956,0.31056302025743904,0.1809612332177309,0.10079890974144534,runs_report/level3/rgcn_without_education/seed_43/metrics.json
rgcn_without_education,44,0.3563347545677036,0.11558759084388147,0.31079240583012635,0.17348508286350955,0.10061040205772498,runs_report/level3/rgcn_without_education/seed_44/metrics.json
rgcn_without_kinship,42,0.27450859667215666,0.05724558086026601,0.2194362026491075,0.12211947460482793,0.04629183364109922,runs_report/level3/rgcn_without_kinship/seed_42/metrics.json
rgcn_without_kinship,43,0.27484723013222095,0.05854747337457103,0.220003942484963,0.12894123622478393,0.04736236779674997,runs_report/level3/rgcn_without_kinship/seed_43/metrics.json
rgcn_without_kinship,44,0.2747548755522034,0.05955831738746994,0.22045803520017881,0.1266896687138169,0.04823063484974286,runs_report/level3/rgcn_without_kinship/seed_44/metrics.json
