source_file	rank	raw_value	current_l1	recommended_l1	finding_type	audit_rationale	evidence
batch_1_review.tsv	115	Agriculturalist	Discovery/Science	Other	category_correction	该词与精确保留同词 Agriculturist 表示农业从业/顾问角色；职业短语本身没有明确科研职责，不能因农业知识自动上提 Discovery/Science。	author_role_analogy:Agriculturist→Other; external_data/notable_people/bhht_2022/derived/author_keyword_l123_rules.csv: Agriculturist, rule 1510
batch_1_review.tsv	1811	Industriemechaniker	Discovery/Science	Other	category_correction	德语词指工业机械技工，负责维护、修理或装配生产设备；是技工服务而非工程研发。	author_role_analogy:mechanic→Other; https://www.onetonline.org/link/summary/49-9041.00
batch_1_review.tsv	1451	Aircraft maintenance technician	Discovery/Science	Other	category_correction	飞机维修技师检查、诊断、维修发动机和机体系统；“maintenance technician”是维修服务职责，不是飞机工程设计/研发。	author_role_analogy:technician/mechanic→Other; https://www.onetonline.org/link/details/49-3011.00
batch_2_review.tsv	1715	Computer Tech	Discovery/Science	Other	category_correction	O*NET将 Computer Tech 列作 Computer User Support Specialist 的常见职称，职责是解答用户问题、排障和安装/维护软硬件，属于支持服务而非研发。	https://www.onetonline.org/link/summary/15-1232.00
batch_2_review.tsv	1587	Electronics technician	Discovery/Science	Other	category_correction	此常见职称对应电子工程技术员/技师：按工程说明装配、测试、维修或调整元件，通常辅助工程人员；标题没有表明自主研究或设计研发。	https://www.onetonline.org/link/summary/17-3023.00; author_role_analogy:technician→Other
batch_3_review.tsv	1005	Information systems technician	Discovery/Science	Other	category_correction	O*NET将 IS Tech / Information Systems Technician 列为计算机用户支持职称，主要协助用户处理系统软硬件问题，不是信息系统研发工程师。	https://www.onetonline.org/link/summary/15-1232.00; exact occupational title: IS Tech
batch_1_review.tsv	855	Senior SEO Manager	Leadership	Other	consistency_and_category_correction	在该复合职称中 SEO限定管理的是营销/搜索获客业务；“Manager”没有证明其管理整个企业。按 marketing 功能归类应与其他 SEO/数字营销岗位一致。	author_role_analogy:marketing→Other; primary_adjudications.tsv 对同 rank 已覆写 Other
batch_1_review.tsv	1605	Investment advisor	Leadership	Other	category_correction	投资顾问为客户提供投资建议或财务规划，不能仅凭金融领域将个人咨询岗位升为商业领导；按咨询/经纪类服务同口径归 Other。	occupation_meaning:客户投资建议服务; author_role_analogy:consultant/broker→Other
batch_1_review.tsv	1726	Investment banking	Leadership	needs_context	occupation_vs_field	Investment banking 通常指金融行业/业务领域，不足以识别个体职位；该标签可能涵盖分析师、经纪人或高管，暂不强判 Leadership。	occupation_meaning:金融行业/业务领域名；当前无具体岗位职责
batch_1_review.tsv	1754	Party organizer	Leadership	needs_context	occupation_sense_ambiguity	可指政党组织者（Leadership）或派对/社交活动组织者（Other/活动服务）；短语本身缺少限定语，不能默认政治含义。	occupation_meaning:party有政党/社交聚会两义；当前无语境
batch_2_review.tsv	1780	Puzzle designer	Sports/Games	Culture	category_correction	设计谜题的玩法、题面和解题体验属于创意内容设计；不是从事比赛、体育训练或游戏竞技的参与者。与 Computer game designer 的 Culture 设计口径一致。	occupation_meaning:谜题内容/玩法创作; author_role_analogy:designer→Culture
batch_2_review.tsv	1362	Automotive design	Discovery/Science	Culture	field_sense_and_consistency	此词更像汽车造型/工业产品设计领域标签，不能仅因 automotive 与工程相关就归科学技术；若指车辆系统工程应由 engineer 明示。建议按产品/工业设计归 Culture；若字段不能确认其是造型设计岗位，可留 needs_context。	https://www.bls.gov/ooh/arts-and-design/industrial-designers.htm; crosswalk Product Designer→Culture; Design Engineer→Discovery/Science
batch_2_review.tsv	691	Drafter	Discovery/Science	Culture	author_exact_analogy	Drafter 是技术制图/绘图岗位，作者精确同义 Draftsman 已归 Culture；不能仅因图纸常服务工程项目就把制图员等同工程研发人员。	author_exact_unique:Draftsman→Culture; external_data/notable_people/bhht_2022/derived/author_keyword_l123_rules.csv
batch_3_review.tsv	1480	Engineering Drafter	Discovery/Science	Culture	role_vs_subject	该复合词表示依工程规范制作技术图纸的制图员；工程是图纸题材/服务对象，不等于工程师的技术研发职责。与作者精确 Draftsman→Culture 同口径。	author_exact_unique:Draftsman→Culture; occupation_meaning:technical drafting; https://www.onetonline.org/link/summary/17-3013.00
batch_1_review.tsv	371	Music pedagogue	Discovery/Science	Culture	consistency_and_category_correction	该称谓通常指音乐教学法教师/音乐教师，直接教授音乐技艺；本行无 theorist/researcher/scholar 限定。Music Teacher、Voice Teacher、Ballet Teacher 均为 Culture，宜对直接技艺教学采用同一口径，学术音乐研究另归 Science。	crosswalk:Music Teacher→Culture; Voice teacher→Culture; Ballet Teacher→Culture; occupation_meaning:音乐技艺教学
batch_2_review.tsv	1204	Human Resources Officer	Leadership	Other	category_correction	普通 HR officer 通常处理员工事务、招聘或人事行政；Officer 不是公职/治理权力的充分证据。与 Recruitment Officer 的普通人事服务口径一致。	occupation_meaning:人事行政/员工服务; crosswalk Recruitment Officer→Other
batch_2_review.tsv	1516	Information security	Discovery/Science	needs_context	occupation_vs_field	这是学科/专业领域或业务域名称，未说明从事安全分析、工程研发、运维、管理还是研究；需要具体岗位再裁决。	occupation_meaning:领域标签而非具体职位
batch_2_review.tsv	1523	Neuroscience	Discovery/Science	needs_context	occupation_vs_field	Neuroscience 是学科/专业名称而非具体职业；可能指研究者、教师、技术员等职责不同的角色。	occupation_meaning:学科名称
batch_2_review.tsv	1327	Industrial Supplies Merchant Wholesalers	Other	needs_context	occupation_vs_industry	词条描述批发行业/商业机构类型，不是明确个人职业；无法知道是经营者、销售员还是公司分类。	occupation_meaning:行业/机构分类短语
batch_2_review.tsv	1333	Merchant navy	Other	needs_context	generic_occupational_group	Merchant navy 是商船海员群体/商业航运领域的泛称，并非具体船上岗位；船员、船长和经营管理职责的 L1 可能不同。	occupation_meaning:商船航运群体标签
primary_adjudications.tsv	150	Spokesperson	Culture	Culture	boundary_case_review	对外向公众/媒体传播信息属于传播职能，Culture有可辩护依据；但 O*NET PR 职能本身不是文化创作岗位，且该角色可服务政府、商业或社会组织。建议保留 Culture 但 medium confidence，明确这是按传播职能映射而非其机构领域决定。	https://www.onetonline.org/link/summary/27-3031.00; boundary: public communication vs cultural production
batch_2_review.tsv	7	Film director	Culture	Culture	rationale_specificity	保留该行现有类别作为暂定判断，但此依据只是 L1 类别通用模板，没有写出该完整职业的实际职责，无法证明这项逐行语义判断。请补充该称谓的具体职责及限定词含义。	current_rationale:该岗位通过创作、演出、编辑、制作或传播文化内容完成工作，归入 Culture。
batch_2_review.tsv	14	Businessperson	Leadership	Leadership	rationale_specificity	保留该行现有类别作为暂定判断，但此依据只是 L1 类别通用模板，没有写出该完整职业的实际职责，无法证明这项逐行语义判断。请补充该称谓的具体职责及限定词含义。	current_rationale:该岗位履行治理、司法、军事指挥、宗教权威或组织/商业管理职责，归入 Leadership。
batch_2_review.tsv	19	Television producer	Culture	Culture	rationale_specificity	保留该行现有类别作为暂定判断，但此依据只是 L1 类别通用模板，没有写出该完整职业的实际职责，无法证明这项逐行语义判断。请补充该称谓的具体职责及限定词含义。	current_rationale:该岗位通过创作、演出、编辑、制作或传播文化内容完成工作，归入 Culture。
batch_2_review.tsv	27	Television director	Culture	Culture	rationale_specificity	保留该行现有类别作为暂定判断，但此依据只是 L1 类别通用模板，没有写出该完整职业的实际职责，无法证明这项逐行语义判断。请补充该称谓的具体职责及限定词含义。	current_rationale:该岗位通过创作、演出、编辑、制作或传播文化内容完成工作，归入 Culture。
batch_2_review.tsv	36	Health professional	Discovery/Science	Discovery/Science	rationale_specificity	保留该行现有类别作为暂定判断，但此依据只是 L1 类别通用模板，没有写出该完整职业的实际职责，无法证明这项逐行语义判断。请补充该称谓的具体职责及限定词含义。	current_rationale:该岗位以专业研究、教学、医疗服务或技术开发为核心，属于知识与科学专业职能。
batch_2_review.tsv	43	Cameraman	Culture	Culture	rationale_specificity	保留该行现有类别作为暂定判断，但此依据只是 L1 类别通用模板，没有写出该完整职业的实际职责，无法证明这项逐行语义判断。请补充该称谓的具体职责及限定词含义。	current_rationale:该岗位通过创作、演出、编辑、制作或传播文化内容完成工作，归入 Culture。
batch_2_review.tsv	79	Pornographic film actor	Culture	Culture	rationale_specificity	保留该行现有类别作为暂定判断，但此依据只是 L1 类别通用模板，没有写出该完整职业的实际职责，无法证明这项逐行语义判断。请补充该称谓的具体职责及限定词含义。	current_rationale:该岗位通过创作、演出、编辑、制作或传播文化内容完成工作，归入 Culture。
batch_2_review.tsv	86	Basketball Player	Sports/Games	Sports/Games	rationale_specificity	保留该行现有类别作为暂定判断，但此依据只是 L1 类别通用模板，没有写出该完整职业的实际职责，无法证明这项逐行语义判断。请补充该称谓的具体职责及限定词含义。	current_rationale:该岗位直接参与竞技项目、竞赛组织、体育训练/裁判或游戏活动，归入 Sports/Games。
batch_2_review.tsv	89	Military Officer	Leadership	Leadership	rationale_specificity	保留该行现有类别作为暂定判断，但此依据只是 L1 类别通用模板，没有写出该完整职业的实际职责，无法证明这项逐行语义判断。请补充该称谓的具体职责及限定词含义。	current_rationale:该岗位履行治理、司法、军事指挥、宗教权威或组织/商业管理职责，归入 Leadership。
batch_2_review.tsv	97	TV Personality (Profession)	Culture	Culture	rationale_specificity	保留该行现有类别作为暂定判断，但此依据只是 L1 类别通用模板，没有写出该完整职业的实际职责，无法证明这项逐行语义判断。请补充该称谓的具体职责及限定词含义。	current_rationale:该岗位通过创作、演出、编辑、制作或传播文化内容完成工作，归入 Culture。
batch_2_review.tsv	104	Translator (Film job)	Culture	Culture	rationale_specificity	保留该行现有类别作为暂定判断，但此依据只是 L1 类别通用模板，没有写出该完整职业的实际职责，无法证明这项逐行语义判断。请补充该称谓的具体职责及限定词含义。	current_rationale:该岗位通过创作、演出、编辑、制作或传播文化内容完成工作，归入 Culture。
batch_2_review.tsv	111	Arranger	Culture	Culture	rationale_specificity	保留该行现有类别作为暂定判断，但此依据只是 L1 类别通用模板，没有写出该完整职业的实际职责，无法证明这项逐行语义判断。请补充该称谓的具体职责及限定词含义。	current_rationale:该岗位通过创作、演出、编辑、制作或传播文化内容完成工作，归入 Culture。
batch_2_review.tsv	117	Publisher (Editor title)	Culture	Culture	rationale_specificity	保留该行现有类别作为暂定判断，但此依据只是 L1 类别通用模板，没有写出该完整职业的实际职责，无法证明这项逐行语义判断。请补充该称谓的具体职责及限定词含义。	current_rationale:该岗位通过创作、演出、编辑、制作或传播文化内容完成工作，归入 Culture。
batch_2_review.tsv	124	Tennis player	Sports/Games	Sports/Games	rationale_specificity	保留该行现有类别作为暂定判断，但此依据只是 L1 类别通用模板，没有写出该完整职业的实际职责，无法证明这项逐行语义判断。请补充该称谓的具体职责及限定词含义。	current_rationale:该岗位直接参与竞技项目、竞赛组织、体育训练/裁判或游戏活动，归入 Sports/Games。
batch_2_review.tsv	130	Child Actor	Culture	Culture	rationale_specificity	保留该行现有类别作为暂定判断，但此依据只是 L1 类别通用模板，没有写出该完整职业的实际职责，无法证明这项逐行语义判断。请补充该称谓的具体职责及限定词含义。	current_rationale:该岗位通过创作、演出、编辑、制作或传播文化内容完成工作，归入 Culture。
batch_2_review.tsv	133	Television Editor	Culture	Culture	rationale_specificity	保留该行现有类别作为暂定判断，但此依据只是 L1 类别通用模板，没有写出该完整职业的实际职责，无法证明这项逐行语义判断。请补充该称谓的具体职责及限定词含义。	current_rationale:该岗位通过创作、演出、编辑、制作或传播文化内容完成工作，归入 Culture。
batch_2_review.tsv	140	Ballet Dancer	Culture	Culture	rationale_specificity	保留该行现有类别作为暂定判断，但此依据只是 L1 类别通用模板，没有写出该完整职业的实际职责，无法证明这项逐行语义判断。请补充该称谓的具体职责及限定词含义。	current_rationale:该岗位通过创作、演出、编辑、制作或传播文化内容完成工作，归入 Culture。
batch_2_review.tsv	146	Law enforcement officer	Leadership	Leadership	rationale_specificity	保留该行现有类别作为暂定判断，但此依据只是 L1 类别通用模板，没有写出该完整职业的实际职责，无法证明这项逐行语义判断。请补充该称谓的具体职责及限定词含义。	current_rationale:该岗位履行治理、司法、军事指挥、宗教权威或组织/商业管理职责，归入 Leadership。
batch_2_review.tsv	151	Opera singer	Culture	Culture	rationale_specificity	保留该行现有类别作为暂定判断，但此依据只是 L1 类别通用模板，没有写出该完整职业的实际职责，无法证明这项逐行语义判断。请补充该称谓的具体职责及限定词含义。	current_rationale:该岗位通过创作、演出、编辑、制作或传播文化内容完成工作，归入 Culture。
batch_2_review.tsv	156	Researcher	Discovery/Science	Discovery/Science	rationale_specificity	保留该行现有类别作为暂定判断，但此依据只是 L1 类别通用模板，没有写出该完整职业的实际职责，无法证明这项逐行语义判断。请补充该称谓的具体职责及限定词含义。	current_rationale:该岗位以专业研究、教学、医疗服务或技术开发为核心，属于知识与科学专业职能。
batch_2_review.tsv	184	Track and field athlete	Sports/Games	Sports/Games	rationale_specificity	保留该行现有类别作为暂定判断，但此依据只是 L1 类别通用模板，没有写出该完整职业的实际职责，无法证明这项逐行语义判断。请补充该称谓的具体职责及限定词含义。	current_rationale:该岗位直接参与竞技项目、竞赛组织、体育训练/裁判或游戏活动，归入 Sports/Games。
batch_2_review.tsv	187	Playback Singer	Culture	Culture	rationale_specificity	保留该行现有类别作为暂定判断，但此依据只是 L1 类别通用模板，没有写出该完整职业的实际职责，无法证明这项逐行语义判断。请补充该称谓的具体职责及限定词含义。	current_rationale:该岗位通过创作、演出、编辑、制作或传播文化内容完成工作，归入 Culture。
batch_2_review.tsv	192	Talk show host	Culture	Culture	rationale_specificity	保留该行现有类别作为暂定判断，但此依据只是 L1 类别通用模板，没有写出该完整职业的实际职责，无法证明这项逐行语义判断。请补充该称谓的具体职责及限定词含义。	current_rationale:该岗位通过创作、演出、编辑、制作或传播文化内容完成工作，归入 Culture。
batch_2_review.tsv	200	Talent manager	Culture	Culture	rationale_specificity	保留该行现有类别作为暂定判断，但此依据只是 L1 类别通用模板，没有写出该完整职业的实际职责，无法证明这项逐行语义判断。请补充该称谓的具体职责及限定词含义。	current_rationale:该岗位通过创作、演出、编辑、制作或传播文化内容完成工作，归入 Culture。
batch_2_review.tsv	207	Office Worker	Other	Other	rationale_specificity	保留该行现有类别作为暂定判断，但此依据只是 L1 类别通用模板，没有写出该完整职业的实际职责，无法证明这项逐行语义判断。请补充该称谓的具体职责及限定词含义。	current_rationale:该岗位属于一般服务、日常工种、小型经营、家庭身份或其他非四类核心职能，归入 Other。
batch_2_review.tsv	214	Political activist	Leadership	Leadership	rationale_specificity	保留该行现有类别作为暂定判断，但此依据只是 L1 类别通用模板，没有写出该完整职业的实际职责，无法证明这项逐行语义判断。请补充该称谓的具体职责及限定词含义。	current_rationale:该岗位履行治理、司法、军事指挥、宗教权威或组织/商业管理职责，归入 Leadership。
batch_2_review.tsv	219	American Football coach	Sports/Games	Sports/Games	rationale_specificity	保留该行现有类别作为暂定判断，但此依据只是 L1 类别通用模板，没有写出该完整职业的实际职责，无法证明这项逐行语义判断。请补充该称谓的具体职责及限定词含义。	current_rationale:该岗位直接参与竞技项目、竞赛组织、体育训练/裁判或游戏活动，归入 Sports/Games。
batch_2_review.tsv	228	Social Worker	Other	Other	rationale_specificity	保留该行现有类别作为暂定判断，但此依据只是 L1 类别通用模板，没有写出该完整职业的实际职责，无法证明这项逐行语义判断。请补充该称谓的具体职责及限定词含义。	current_rationale:该岗位属于一般服务、日常工种、小型经营、家庭身份或其他非四类核心职能，归入 Other。
batch_2_review.tsv	236	Electrical engineer	Discovery/Science	Discovery/Science	rationale_specificity	保留该行现有类别作为暂定判断，但此依据只是 L1 类别通用模板，没有写出该完整职业的实际职责，无法证明这项逐行语义判断。请补充该称谓的具体职责及限定词含义。	current_rationale:该岗位以专业研究、教学、医疗服务或技术开发为核心，属于知识与科学专业职能。
batch_2_review.tsv	244	Snowboarder	Sports/Games	Sports/Games	rationale_specificity	保留该行现有类别作为暂定判断，但此依据只是 L1 类别通用模板，没有写出该完整职业的实际职责，无法证明这项逐行语义判断。请补充该称谓的具体职责及限定词含义。	current_rationale:该岗位直接参与竞技项目、竞赛组织、体育训练/裁判或游戏活动，归入 Sports/Games。
batch_2_review.tsv	250	Supermodel	Culture	Culture	rationale_specificity	保留该行现有类别作为暂定判断，但此依据只是 L1 类别通用模板，没有写出该完整职业的实际职责，无法证明这项逐行语义判断。请补充该称谓的具体职责及限定词含义。	current_rationale:该岗位通过创作、演出、编辑、制作或传播文化内容完成工作，归入 Culture。
batch_2_review.tsv	256	Book editor	Culture	Culture	rationale_specificity	保留该行现有类别作为暂定判断，但此依据只是 L1 类别通用模板，没有写出该完整职业的实际职责，无法证明这项逐行语义判断。请补充该称谓的具体职责及限定词含义。	current_rationale:该岗位通过创作、演出、编辑、制作或传播文化内容完成工作，归入 Culture。
batch_2_review.tsv	259	Homemaking	Other	Other	rationale_specificity	保留该行现有类别作为暂定判断，但此依据只是 L1 类别通用模板，没有写出该完整职业的实际职责，无法证明这项逐行语义判断。请补充该称谓的具体职责及限定词含义。	current_rationale:该岗位属于一般服务、日常工种、小型经营、家庭身份或其他非四类核心职能，归入 Other。
batch_2_review.tsv	263	Speed Skater	Sports/Games	Sports/Games	rationale_specificity	保留该行现有类别作为暂定判断，但此依据只是 L1 类别通用模板，没有写出该完整职业的实际职责，无法证明这项逐行语义判断。请补充该称谓的具体职责及限定词含义。	current_rationale:该岗位直接参与竞技项目、竞赛组织、体育训练/裁判或游戏活动，归入 Sports/Games。
batch_2_review.tsv	270	Mangaka	Culture	Culture	rationale_specificity	保留该行现有类别作为暂定判断，但此依据只是 L1 类别通用模板，没有写出该完整职业的实际职责，无法证明这项逐行语义判断。请补充该称谓的具体职责及限定词含义。	current_rationale:该岗位通过创作、演出、编辑、制作或传播文化内容完成工作，归入 Culture。
batch_2_review.tsv	275	Spiritual leader	Leadership	Leadership	rationale_specificity	保留该行现有类别作为暂定判断，但此依据只是 L1 类别通用模板，没有写出该完整职业的实际职责，无法证明这项逐行语义判断。请补充该称谓的具体职责及限定词含义。	current_rationale:该岗位履行治理、司法、军事指挥、宗教权威或组织/商业管理职责，归入 Leadership。
batch_2_review.tsv	279	Violinist	Culture	Culture	rationale_specificity	保留该行现有类别作为暂定判断，但此依据只是 L1 类别通用模板，没有写出该完整职业的实际职责，无法证明这项逐行语义判断。请补充该称谓的具体职责及限定词含义。	current_rationale:该岗位通过创作、演出、编辑、制作或传播文化内容完成工作，归入 Culture。
batch_2_review.tsv	285	Mechanical Engineer	Discovery/Science	Discovery/Science	rationale_specificity	保留该行现有类别作为暂定判断，但此依据只是 L1 类别通用模板，没有写出该完整职业的实际职责，无法证明这项逐行语义判断。请补充该称谓的具体职责及限定词含义。	current_rationale:该岗位以专业研究、教学、医疗服务或技术开发为核心，属于知识与科学专业职能。
batch_2_review.tsv	290	Carpentry	Other	Other	rationale_specificity	保留该行现有类别作为暂定判断，但此依据只是 L1 类别通用模板，没有写出该完整职业的实际职责，无法证明这项逐行语义判断。请补充该称谓的具体职责及限定词含义。	current_rationale:该岗位属于一般服务、日常工种、小型经营、家庭身份或其他非四类核心职能，归入 Other。
batch_2_review.tsv	300	Music critic	Culture	Culture	rationale_specificity	保留该行现有类别作为暂定判断，但此依据只是 L1 类别通用模板，没有写出该完整职业的实际职责，无法证明这项逐行语义判断。请补充该称谓的具体职责及限定词含义。	current_rationale:该岗位通过创作、演出、编辑、制作或传播文化内容完成工作，归入 Culture。
batch_2_review.tsv	304	Orchestrator	Culture	Culture	rationale_specificity	保留该行现有类别作为暂定判断，但此依据只是 L1 类别通用模板，没有写出该完整职业的实际职责，无法证明这项逐行语义判断。请补充该称谓的具体职责及限定词含义。	current_rationale:该岗位通过创作、演出、编辑、制作或传播文化内容完成工作，归入 Culture。
batch_2_review.tsv	314	Aerospace Engineer	Discovery/Science	Discovery/Science	rationale_specificity	保留该行现有类别作为暂定判断，但此依据只是 L1 类别通用模板，没有写出该完整职业的实际职责，无法证明这项逐行语义判断。请补充该称谓的具体职责及限定词含义。	current_rationale:该岗位以专业研究、教学、医疗服务或技术开发为核心，属于知识与科学专业职能。
batch_2_review.tsv	323	Game Show Host	Culture	Culture	rationale_specificity	保留该行现有类别作为暂定判断，但此依据只是 L1 类别通用模板，没有写出该完整职业的实际职责，无法证明这项逐行语义判断。请补充该称谓的具体职责及限定词含义。	current_rationale:该岗位通过创作、演出、编辑、制作或传播文化内容完成工作，归入 Culture。
batch_2_review.tsv	327	Territorial lord	Leadership	Leadership	rationale_specificity	保留该行现有类别作为暂定判断，但此依据只是 L1 类别通用模板，没有写出该完整职业的实际职责，无法证明这项逐行语义判断。请补充该称谓的具体职责及限定词含义。	current_rationale:该岗位履行治理、司法、军事指挥、宗教权威或组织/商业管理职责，归入 Leadership。
batch_2_review.tsv	331	Character Actor	Culture	Culture	rationale_specificity	保留该行现有类别作为暂定判断，但此依据只是 L1 类别通用模板，没有写出该完整职业的实际职责，无法证明这项逐行语义判断。请补充该称谓的具体职责及限定词含义。	current_rationale:该岗位通过创作、演出、编辑、制作或传播文化内容完成工作，归入 Culture。
batch_2_review.tsv	337	Documentary Filmmaker	Culture	Culture	rationale_specificity	保留该行现有类别作为暂定判断，但此依据只是 L1 类别通用模板，没有写出该完整职业的实际职责，无法证明这项逐行语义判断。请补充该称谓的具体职责及限定词含义。	current_rationale:该岗位通过创作、演出、编辑、制作或传播文化内容完成工作，归入 Culture。
batch_2_review.tsv	340	Comic book creator	Culture	Culture	rationale_specificity	保留该行现有类别作为暂定判断，但此依据只是 L1 类别通用模板，没有写出该完整职业的实际职责，无法证明这项逐行语义判断。请补充该称谓的具体职责及限定词含义。	current_rationale:该岗位通过创作、演出、编辑、制作或传播文化内容完成工作，归入 Culture。
batch_2_review.tsv	349	Personal trainer	Sports/Games	Sports/Games	rationale_specificity	保留该行现有类别作为暂定判断，但此依据只是 L1 类别通用模板，没有写出该完整职业的实际职责，无法证明这项逐行语义判断。请补充该称谓的具体职责及限定词含义。	current_rationale:该岗位直接参与竞技项目、竞赛组织、体育训练/裁判或游戏活动，归入 Sports/Games。
batch_2_review.tsv	353	Editing	Culture	Culture	rationale_specificity	保留该行现有类别作为暂定判断，但此依据只是 L1 类别通用模板，没有写出该完整职业的实际职责，无法证明这项逐行语义判断。请补充该称谓的具体职责及限定词含义。	current_rationale:该岗位通过创作、演出、编辑、制作或传播文化内容完成工作，归入 Culture。
batch_2_review.tsv	357	Music Teacher	Culture	Culture	rationale_specificity	保留该行现有类别作为暂定判断，但此依据只是 L1 类别通用模板，没有写出该完整职业的实际职责，无法证明这项逐行语义判断。请补充该称谓的具体职责及限定词含义。	current_rationale:该岗位通过创作、演出、编辑、制作或传播文化内容完成工作，归入 Culture。
batch_2_review.tsv	366	Media Personality	Culture	Culture	rationale_specificity	保留该行现有类别作为暂定判断，但此依据只是 L1 类别通用模板，没有写出该完整职业的实际职责，无法证明这项逐行语义判断。请补充该称谓的具体职责及限定词含义。	current_rationale:该岗位通过创作、演出、编辑、制作或传播文化内容完成工作，归入 Culture。
batch_2_review.tsv	372	Software Engineer	Discovery/Science	Discovery/Science	rationale_specificity	保留该行现有类别作为暂定判断，但此依据只是 L1 类别通用模板，没有写出该完整职业的实际职责，无法证明这项逐行语义判断。请补充该称谓的具体职责及限定词含义。	current_rationale:该岗位以专业研究、教学、医疗服务或技术开发为核心，属于知识与科学专业职能。
batch_2_review.tsv	397	Professional Poker Player	Sports/Games	Sports/Games	rationale_specificity	保留该行现有类别作为暂定判断，但此依据只是 L1 类别通用模板，没有写出该完整职业的实际职责，无法证明这项逐行语义判断。请补充该称谓的具体职责及限定词含义。	current_rationale:该岗位直接参与竞技项目、竞赛组织、体育训练/裁判或游戏活动，归入 Sports/Games。
batch_2_review.tsv	403	Crime writer	Culture	Culture	rationale_specificity	保留该行现有类别作为暂定判断，但此依据只是 L1 类别通用模板，没有写出该完整职业的实际职责，无法证明这项逐行语义判断。请补充该称谓的具体职责及限定词含义。	current_rationale:该岗位通过创作、演出、编辑、制作或传播文化内容完成工作，归入 Culture。
batch_2_review.tsv	406	Triathlete	Sports/Games	Sports/Games	rationale_specificity	保留该行现有类别作为暂定判断，但此依据只是 L1 类别通用模板，没有写出该完整职业的实际职责，无法证明这项逐行语义判断。请补充该称谓的具体职责及限定词含义。	current_rationale:该岗位直接参与竞技项目、竞赛组织、体育训练/裁判或游戏活动，归入 Sports/Games。
batch_2_review.tsv	410	Newspaper editor	Culture	Culture	rationale_specificity	保留该行现有类别作为暂定判断，但此依据只是 L1 类别通用模板，没有写出该完整职业的实际职责，无法证明这项逐行语义判断。请补充该称谓的具体职责及限定词含义。	current_rationale:该岗位通过创作、演出、编辑、制作或传播文化内容完成工作，归入 Culture。
batch_2_review.tsv	427	Ski jumper	Sports/Games	Sports/Games	rationale_specificity	保留该行现有类别作为暂定判断，但此依据只是 L1 类别通用模板，没有写出该完整职业的实际职责，无法证明这项逐行语义判断。请补充该称谓的具体职责及限定词含义。	current_rationale:该岗位直接参与竞技项目、竞赛组织、体育训练/裁判或游戏活动，归入 Sports/Games。
batch_2_review.tsv	430	SEM Professional	Other	Other	rationale_specificity	保留该行现有类别作为暂定判断，但此依据只是 L1 类别通用模板，没有写出该完整职业的实际职责，无法证明这项逐行语义判断。请补充该称谓的具体职责及限定词含义。	current_rationale:该岗位属于一般服务、日常工种、小型经营、家庭身份或其他非四类核心职能，归入 Other。
batch_2_review.tsv	433	Short Track Speed Skater	Sports/Games	Sports/Games	rationale_specificity	保留该行现有类别作为暂定判断，但此依据只是 L1 类别通用模板，没有写出该完整职业的实际职责，无法证明这项逐行语义判断。请补充该称谓的具体职责及限定词含义。	current_rationale:该岗位直接参与竞技项目、竞赛组织、体育训练/裁判或游戏活动，归入 Sports/Games。
batch_2_review.tsv	436	Cultural critic	Culture	Culture	rationale_specificity	保留该行现有类别作为暂定判断，但此依据只是 L1 类别通用模板，没有写出该完整职业的实际职责，无法证明这项逐行语义判断。请补充该称谓的具体职责及限定词含义。	current_rationale:该岗位通过创作、演出、编辑、制作或传播文化内容完成工作，归入 Culture。
batch_2_review.tsv	442	Voice acting in Japan	Culture	Culture	rationale_specificity	保留该行现有类别作为暂定判断，但此依据只是 L1 类别通用模板，没有写出该完整职业的实际职责，无法证明这项逐行语义判断。请补充该称谓的具体职责及限定词含义。	current_rationale:该岗位通过创作、演出、编辑、制作或传播文化内容完成工作，归入 Culture。
batch_2_review.tsv	449	Mime artist	Culture	Culture	rationale_specificity	保留该行现有类别作为暂定判断，但此依据只是 L1 类别通用模板，没有写出该完整职业的实际职责，无法证明这项逐行语义判断。请补充该称谓的具体职责及限定词含义。	current_rationale:该岗位通过创作、演出、编辑、制作或传播文化内容完成工作，归入 Culture。
batch_2_review.tsv	463	Registered nurse	Discovery/Science	Discovery/Science	rationale_specificity	保留该行现有类别作为暂定判断，但此依据只是 L1 类别通用模板，没有写出该完整职业的实际职责，无法证明这项逐行语义判断。请补充该称谓的具体职责及限定词含义。	current_rationale:该岗位以专业研究、教学、医疗服务或技术开发为核心，属于知识与科学专业职能。
batch_2_review.tsv	468	TV chef	Culture	Culture	rationale_specificity	保留该行现有类别作为暂定判断，但此依据只是 L1 类别通用模板，没有写出该完整职业的实际职责，无法证明这项逐行语义判断。请补充该称谓的具体职责及限定词含义。	current_rationale:该岗位通过创作、演出、编辑、制作或传播文化内容完成工作，归入 Culture。
batch_2_review.tsv	472	Landlord	Other	Other	rationale_specificity	保留该行现有类别作为暂定判断，但此依据只是 L1 类别通用模板，没有写出该完整职业的实际职责，无法证明这项逐行语义判断。请补充该称谓的具体职责及限定词含义。	current_rationale:该岗位属于一般服务、日常工种、小型经营、家庭身份或其他非四类核心职能，归入 Other。
batch_2_review.tsv	476	Opera composer	Culture	Culture	rationale_specificity	保留该行现有类别作为暂定判断，但此依据只是 L1 类别通用模板，没有写出该完整职业的实际职责，无法证明这项逐行语义判断。请补充该称谓的具体职责及限定词含义。	current_rationale:该岗位通过创作、演出、编辑、制作或传播文化内容完成工作，归入 Culture。
batch_2_review.tsv	481	Food critic	Culture	Culture	rationale_specificity	保留该行现有类别作为暂定判断，但此依据只是 L1 类别通用模板，没有写出该完整职业的实际职责，无法证明这项逐行语义判断。请补充该称谓的具体职责及限定词含义。	current_rationale:该岗位通过创作、演出、编辑、制作或传播文化内容完成工作，归入 Culture。
batch_2_review.tsv	488	Dance Teacher	Culture	Culture	rationale_specificity	保留该行现有类别作为暂定判断，但此依据只是 L1 类别通用模板，没有写出该完整职业的实际职责，无法证明这项逐行语义判断。请补充该称谓的具体职责及限定词含义。	current_rationale:该岗位通过创作、演出、编辑、制作或传播文化内容完成工作，归入 Culture。
batch_2_review.tsv	496	Baseball Umpire	Sports/Games	Sports/Games	rationale_specificity	保留该行现有类别作为暂定判断，但此依据只是 L1 类别通用模板，没有写出该完整职业的实际职责，无法证明这项逐行语义判断。请补充该称谓的具体职责及限定词含义。	current_rationale:该岗位直接参与竞技项目、竞赛组织、体育训练/裁判或游戏活动，归入 Sports/Games。
batch_2_review.tsv	508	Music director	Culture	Culture	rationale_specificity	保留该行现有类别作为暂定判断，但此依据只是 L1 类别通用模板，没有写出该完整职业的实际职责，无法证明这项逐行语义判断。请补充该称谓的具体职责及限定词含义。	current_rationale:该岗位通过创作、演出、编辑、制作或传播文化内容完成工作，归入 Culture。
batch_2_review.tsv	514	Dance Instructor	Culture	Culture	rationale_specificity	保留该行现有类别作为暂定判断，但此依据只是 L1 类别通用模板，没有写出该完整职业的实际职责，无法证明这项逐行语义判断。请补充该称谓的具体职责及限定词含义。	current_rationale:该岗位通过创作、演出、编辑、制作或传播文化内容完成工作，归入 Culture。
batch_2_review.tsv	525	Skeleton racer	Sports/Games	Sports/Games	rationale_specificity	保留该行现有类别作为暂定判断，但此依据只是 L1 类别通用模板，没有写出该完整职业的实际职责，无法证明这项逐行语义判断。请补充该称谓的具体职责及限定词含义。	current_rationale:该岗位直接参与竞技项目、竞赛组织、体育训练/裁判或游戏活动，归入 Sports/Games。
batch_2_review.tsv	536	Yoga Instructor	Sports/Games	Sports/Games	rationale_specificity	保留该行现有类别作为暂定判断，但此依据只是 L1 类别通用模板，没有写出该完整职业的实际职责，无法证明这项逐行语义判断。请补充该称谓的具体职责及限定词含义。	current_rationale:该岗位直接参与竞技项目、竞赛组织、体育训练/裁判或游戏活动，归入 Sports/Games。
batch_2_review.tsv	543	Visual Effects Supervisor	Culture	Culture	rationale_specificity	保留该行现有类别作为暂定判断，但此依据只是 L1 类别通用模板，没有写出该完整职业的实际职责，无法证明这项逐行语义判断。请补充该称谓的具体职责及限定词含义。	current_rationale:该岗位通过创作、演出、编辑、制作或传播文化内容完成工作，归入 Culture。
batch_2_review.tsv	548	Postal worker	Other	Other	rationale_specificity	保留该行现有类别作为暂定判断，但此依据只是 L1 类别通用模板，没有写出该完整职业的实际职责，无法证明这项逐行语义判断。请补充该称谓的具体职责及限定词含义。	current_rationale:该岗位属于一般服务、日常工种、小型经营、家庭身份或其他非四类核心职能，归入 Other。
batch_2_review.tsv	554	Cattle Rancher	Other	Other	rationale_specificity	保留该行现有类别作为暂定判断，但此依据只是 L1 类别通用模板，没有写出该完整职业的实际职责，无法证明这项逐行语义判断。请补充该称谓的具体职责及限定词含义。	current_rationale:该岗位属于一般服务、日常工种、小型经营、家庭身份或其他非四类核心职能，归入 Other。
batch_2_review.tsv	558	Dialect coach	Culture	Culture	rationale_specificity	保留该行现有类别作为暂定判断，但此依据只是 L1 类别通用模板，没有写出该完整职业的实际职责，无法证明这项逐行语义判断。请补充该称谓的具体职责及限定词含义。	current_rationale:该岗位通过创作、演出、编辑、制作或传播文化内容完成工作，归入 Culture。
batch_2_review.tsv	561	Art Teacher	Culture	Culture	rationale_specificity	保留该行现有类别作为暂定判断，但此依据只是 L1 类别通用模板，没有写出该完整职业的实际职责，无法证明这项逐行语义判断。请补充该称谓的具体职责及限定词含义。	current_rationale:该岗位通过创作、演出、编辑、制作或传播文化内容完成工作，归入 Culture。
batch_2_review.tsv	565	Social Critic	Culture	Culture	rationale_specificity	保留该行现有类别作为暂定判断，但此依据只是 L1 类别通用模板，没有写出该完整职业的实际职责，无法证明这项逐行语义判断。请补充该称谓的具体职责及限定词含义。	current_rationale:该岗位通过创作、演出、编辑、制作或传播文化内容完成工作，归入 Culture。
batch_2_review.tsv	568	Fisherman	Other	Other	rationale_specificity	保留该行现有类别作为暂定判断，但此依据只是 L1 类别通用模板，没有写出该完整职业的实际职责，无法证明这项逐行语义判断。请补充该称谓的具体职责及限定词含义。	current_rationale:该岗位属于一般服务、日常工种、小型经营、家庭身份或其他非四类核心职能，归入 Other。
batch_2_review.tsv	572	Magistrate	Leadership	Leadership	rationale_specificity	保留该行现有类别作为暂定判断，但此依据只是 L1 类别通用模板，没有写出该完整职业的实际职责，无法证明这项逐行语义判断。请补充该称谓的具体职责及限定词含义。	current_rationale:该岗位履行治理、司法、军事指挥、宗教权威或组织/商业管理职责，归入 Leadership。
batch_2_review.tsv	581	House painter and decorator	Other	Other	rationale_specificity	保留该行现有类别作为暂定判断，但此依据只是 L1 类别通用模板，没有写出该完整职业的实际职责，无法证明这项逐行语义判断。请补充该称谓的具体职责及限定词含义。	current_rationale:该岗位属于一般服务、日常工种、小型经营、家庭身份或其他非四类核心职能，归入 Other。
batch_2_review.tsv	585	Inker	Culture	Culture	rationale_specificity	保留该行现有类别作为暂定判断，但此依据只是 L1 类别通用模板，没有写出该完整职业的实际职责，无法证明这项逐行语义判断。请补充该称谓的具体职责及限定词含义。	current_rationale:该岗位通过创作、演出、编辑、制作或传播文化内容完成工作，归入 Culture。
batch_2_review.tsv	590	Studio executive	Culture	Culture	rationale_specificity	保留该行现有类别作为暂定判断，但此依据只是 L1 类别通用模板，没有写出该完整职业的实际职责，无法证明这项逐行语义判断。请补充该称谓的具体职责及限定词含义。	current_rationale:该岗位通过创作、演出、编辑、制作或传播文化内容完成工作，归入 Culture。
batch_2_review.tsv	594	Music Manager	Culture	Culture	rationale_specificity	保留该行现有类别作为暂定判断，但此依据只是 L1 类别通用模板，没有写出该完整职业的实际职责，无法证明这项逐行语义判断。请补充该称谓的具体职责及限定词含义。	current_rationale:该岗位通过创作、演出、编辑、制作或传播文化内容完成工作，归入 Culture。
batch_2_review.tsv	597	Cosmetologist	Other	Other	rationale_specificity	保留该行现有类别作为暂定判断，但此依据只是 L1 类别通用模板，没有写出该完整职业的实际职责，无法证明这项逐行语义判断。请补充该称谓的具体职责及限定词含义。	current_rationale:该岗位属于一般服务、日常工种、小型经营、家庭身份或其他非四类核心职能，归入 Other。
batch_2_review.tsv	602	Sound Recordist	Culture	Culture	rationale_specificity	保留该行现有类别作为暂定判断，但此依据只是 L1 类别通用模板，没有写出该完整职业的实际职责，无法证明这项逐行语义判断。请补充该称谓的具体职责及限定词含义。	current_rationale:该岗位通过创作、演出、编辑、制作或传播文化内容完成工作，归入 Culture。
batch_2_review.tsv	608	Installation Artist	Culture	Culture	rationale_specificity	保留该行现有类别作为暂定判断，但此依据只是 L1 类别通用模板，没有写出该完整职业的实际职责，无法证明这项逐行语义判断。请补充该称谓的具体职责及限定词含义。	current_rationale:该岗位通过创作、演出、编辑、制作或传播文化内容完成工作，归入 Culture。
batch_2_review.tsv	612	Auto mechanic	Other	Other	rationale_specificity	保留该行现有类别作为暂定判断，但此依据只是 L1 类别通用模板，没有写出该完整职业的实际职责，无法证明这项逐行语义判断。请补充该称谓的具体职责及限定词含义。	current_rationale:该岗位属于一般服务、日常工种、小型经营、家庭身份或其他非四类核心职能，归入 Other。
batch_2_review.tsv	617	Video game designer	Culture	Culture	rationale_specificity	保留该行现有类别作为暂定判断，但此依据只是 L1 类别通用模板，没有写出该完整职业的实际职责，无法证明这项逐行语义判断。请补充该称谓的具体职责及限定词含义。	current_rationale:该岗位通过创作、演出、编辑、制作或传播文化内容完成工作，归入 Culture。
batch_2_review.tsv	637	Presenter (Profession) #27	Culture	Culture	rationale_specificity	保留该行现有类别作为暂定判断，但此依据只是 L1 类别通用模板，没有写出该完整职业的实际职责，无法证明这项逐行语义判断。请补充该称谓的具体职责及限定词含义。	current_rationale:该岗位通过创作、演出、编辑、制作或传播文化内容完成工作，归入 Culture。
batch_2_review.tsv	642	Film Distributor	Culture	Culture	rationale_specificity	保留该行现有类别作为暂定判断，但此依据只是 L1 类别通用模板，没有写出该完整职业的实际职责，无法证明这项逐行语义判断。请补充该称谓的具体职责及限定词含义。	current_rationale:该岗位通过创作、演出、编辑、制作或传播文化内容完成工作，归入 Culture。
batch_2_review.tsv	651	Gossip columnist	Culture	Culture	rationale_specificity	保留该行现有类别作为暂定判断，但此依据只是 L1 类别通用模板，没有写出该完整职业的实际职责，无法证明这项逐行语义判断。请补充该称谓的具体职责及限定词含义。	current_rationale:该岗位通过创作、演出、编辑、制作或传播文化内容完成工作，归入 Culture。
batch_2_review.tsv	666	Corporate lawyer	Leadership	Leadership	rationale_specificity	保留该行现有类别作为暂定判断，但此依据只是 L1 类别通用模板，没有写出该完整职业的实际职责，无法证明这项逐行语义判断。请补充该称谓的具体职责及限定词含义。	current_rationale:该岗位履行治理、司法、军事指挥、宗教权威或组织/商业管理职责，归入 Leadership。
batch_2_review.tsv	673	Public Relations	Culture	Culture	rationale_specificity	保留该行现有类别作为暂定判断，但此依据只是 L1 类别通用模板，没有写出该完整职业的实际职责，无法证明这项逐行语义判断。请补充该称谓的具体职责及限定词含义。	current_rationale:该岗位通过创作、演出、编辑、制作或传播文化内容完成工作，归入 Culture。
batch_2_review.tsv	677	Professional Chess Player	Sports/Games	Sports/Games	rationale_specificity	保留该行现有类别作为暂定判断，但此依据只是 L1 类别通用模板，没有写出该完整职业的实际职责，无法证明这项逐行语义判断。请补充该称谓的具体职责及限定词含义。	current_rationale:该岗位直接参与竞技项目、竞赛组织、体育训练/裁判或游戏活动，归入 Sports/Games。
batch_2_review.tsv	681	Generalissimo	Leadership	Leadership	rationale_specificity	保留该行现有类别作为暂定判断，但此依据只是 L1 类别通用模板，没有写出该完整职业的实际职责，无法证明这项逐行语义判断。请补充该称谓的具体职责及限定词含义。	current_rationale:该岗位履行治理、司法、军事指挥、宗教权威或组织/商业管理职责，归入 Leadership。
batch_2_review.tsv	684	Dubbing Director	Culture	Culture	rationale_specificity	保留该行现有类别作为暂定判断，但此依据只是 L1 类别通用模板，没有写出该完整职业的实际职责，无法证明这项逐行语义判断。请补充该称谓的具体职责及限定词含义。	current_rationale:该岗位通过创作、演出、编辑、制作或传播文化内容完成工作，归入 Culture。
batch_2_review.tsv	688	Chiropractor	Discovery/Science	Discovery/Science	rationale_specificity	保留该行现有类别作为暂定判断，但此依据只是 L1 类别通用模板，没有写出该完整职业的实际职责，无法证明这项逐行语义判断。请补充该称谓的具体职责及限定词含义。	current_rationale:该岗位以专业研究、教学、医疗服务或技术开发为核心，属于知识与科学专业职能。
batch_2_review.tsv	691	Drafter	Discovery/Science	Discovery/Science	rationale_specificity	保留该行现有类别作为暂定判断，但此依据只是 L1 类别通用模板，没有写出该完整职业的实际职责，无法证明这项逐行语义判断。请补充该称谓的具体职责及限定词含义。	current_rationale:该岗位以专业研究、教学、医疗服务或技术开发为核心，属于知识与科学专业职能。
batch_2_review.tsv	707	Lumberjack	Other	Other	rationale_specificity	保留该行现有类别作为暂定判断，但此依据只是 L1 类别通用模板，没有写出该完整职业的实际职责，无法证明这项逐行语义判断。请补充该称谓的具体职责及限定词含义。	current_rationale:该岗位属于一般服务、日常工种、小型经营、家庭身份或其他非四类核心职能，归入 Other。
batch_2_review.tsv	714	Gospel singer	Culture	Culture	rationale_specificity	保留该行现有类别作为暂定判断，但此依据只是 L1 类别通用模板，没有写出该完整职业的实际职责，无法证明这项逐行语义判断。请补充该称谓的具体职责及限定词含义。	current_rationale:该岗位通过创作、演出、编辑、制作或传播文化内容完成工作，归入 Culture。
batch_2_review.tsv	717	Customs officer	Leadership	Leadership	rationale_specificity	保留该行现有类别作为暂定判断，但此依据只是 L1 类别通用模板，没有写出该完整职业的实际职责，无法证明这项逐行语义判断。请补充该称谓的具体职责及限定词含义。	current_rationale:该岗位履行治理、司法、军事指挥、宗教权威或组织/商业管理职责，归入 Leadership。
batch_2_review.tsv	724	Pastoralist	Other	Other	rationale_specificity	保留该行现有类别作为暂定判断，但此依据只是 L1 类别通用模板，没有写出该完整职业的实际职责，无法证明这项逐行语义判断。请补充该称谓的具体职责及限定词含义。	current_rationale:该岗位属于一般服务、日常工种、小型经营、家庭身份或其他非四类核心职能，归入 Other。
batch_2_review.tsv	729	Educationalist	Discovery/Science	Discovery/Science	rationale_specificity	保留该行现有类别作为暂定判断，但此依据只是 L1 类别通用模板，没有写出该完整职业的实际职责，无法证明这项逐行语义判断。请补充该称谓的具体职责及限定词含义。	current_rationale:该岗位以专业研究、教学、医疗服务或技术开发为核心，属于知识与科学专业职能。
batch_2_review.tsv	733	Newspaper publisher	Culture	Culture	rationale_specificity	保留该行现有类别作为暂定判断，但此依据只是 L1 类别通用模板，没有写出该完整职业的实际职责，无法证明这项逐行语义判断。请补充该称谓的具体职责及限定词含义。	current_rationale:该岗位通过创作、演出、编辑、制作或传播文化内容完成工作，归入 Culture。
batch_2_review.tsv	737	Climber	Sports/Games	Sports/Games	rationale_specificity	保留该行现有类别作为暂定判断，但此依据只是 L1 类别通用模板，没有写出该完整职业的实际职责，无法证明这项逐行语义判断。请补充该称谓的具体职责及限定词含义。	current_rationale:该岗位直接参与竞技项目、竞赛组织、体育训练/裁判或游戏活动，归入 Sports/Games。
batch_2_review.tsv	740	Speech therapist	Discovery/Science	Discovery/Science	rationale_specificity	保留该行现有类别作为暂定判断，但此依据只是 L1 类别通用模板，没有写出该完整职业的实际职责，无法证明这项逐行语义判断。请补充该称谓的具体职责及限定词含义。	current_rationale:该岗位以专业研究、教学、医疗服务或技术开发为核心，属于知识与科学专业职能。
batch_2_review.tsv	744	Production Manager (Band)	Culture	Culture	rationale_specificity	保留该行现有类别作为暂定判断，但此依据只是 L1 类别通用模板，没有写出该完整职业的实际职责，无法证明这项逐行语义判断。请补充该称谓的具体职责及限定词含义。	current_rationale:该岗位通过创作、演出、编辑、制作或传播文化内容完成工作，归入 Culture。
batch_2_review.tsv	747	Public Relations Executive	Culture	Culture	rationale_specificity	保留该行现有类别作为暂定判断，但此依据只是 L1 类别通用模板，没有写出该完整职业的实际职责，无法证明这项逐行语义判断。请补充该称谓的具体职责及限定词含义。	current_rationale:该岗位通过创作、演出、编辑、制作或传播文化内容完成工作，归入 Culture。
batch_2_review.tsv	750	Flamenco Dancer	Culture	Culture	rationale_specificity	保留该行现有类别作为暂定判断，但此依据只是 L1 类别通用模板，没有写出该完整职业的实际职责，无法证明这项逐行语义判断。请补充该称谓的具体职责及限定词含义。	current_rationale:该岗位通过创作、演出、编辑、制作或传播文化内容完成工作，归入 Culture。
batch_2_review.tsv	755	Stunt Double	Culture	Culture	rationale_specificity	保留该行现有类别作为暂定判断，但此依据只是 L1 类别通用模板，没有写出该完整职业的实际职责，无法证明这项逐行语义判断。请补充该称谓的具体职责及限定词含义。	current_rationale:该岗位通过创作、演出、编辑、制作或传播文化内容完成工作，归入 Culture。
batch_2_review.tsv	761	Tennis coach	Sports/Games	Sports/Games	rationale_specificity	保留该行现有类别作为暂定判断，但此依据只是 L1 类别通用模板，没有写出该完整职业的实际职责，无法证明这项逐行语义判断。请补充该称谓的具体职责及限定词含义。	current_rationale:该岗位直接参与竞技项目、竞赛组织、体育训练/裁判或游戏活动，归入 Sports/Games。
batch_2_review.tsv	765	Still Photographer	Culture	Culture	rationale_specificity	保留该行现有类别作为暂定判断，但此依据只是 L1 类别通用模板，没有写出该完整职业的实际职责，无法证明这项逐行语义判断。请补充该称谓的具体职责及限定词含义。	current_rationale:该岗位通过创作、演出、编辑、制作或传播文化内容完成工作，归入 Culture。
batch_2_review.tsv	774	Literary Scholar	Discovery/Science	Discovery/Science	rationale_specificity	保留该行现有类别作为暂定判断，但此依据只是 L1 类别通用模板，没有写出该完整职业的实际职责，无法证明这项逐行语义判断。请补充该称谓的具体职责及限定词含义。	current_rationale:该岗位以专业研究、教学、医疗服务或技术开发为核心，属于知识与科学专业职能。
batch_2_review.tsv	778	Microbiologist	Discovery/Science	Discovery/Science	rationale_specificity	保留该行现有类别作为暂定判断，但此依据只是 L1 类别通用模板，没有写出该完整职业的实际职责，无法证明这项逐行语义判断。请补充该称谓的具体职责及限定词含义。	current_rationale:该岗位以专业研究、教学、医疗服务或技术开发为核心，属于知识与科学专业职能。
batch_2_review.tsv	781	Internet Entrepreneur	Leadership	Leadership	rationale_specificity	保留该行现有类别作为暂定判断，但此依据只是 L1 类别通用模板，没有写出该完整职业的实际职责，无法证明这项逐行语义判断。请补充该称谓的具体职责及限定词含义。	current_rationale:该岗位履行治理、司法、军事指挥、宗教权威或组织/商业管理职责，归入 Leadership。
batch_2_review.tsv	787	Website content writer	Culture	Culture	rationale_specificity	保留该行现有类别作为暂定判断，但此依据只是 L1 类别通用模板，没有写出该完整职业的实际职责，无法证明这项逐行语义判断。请补充该称谓的具体职责及限定词含义。	current_rationale:该岗位通过创作、演出、编辑、制作或传播文化内容完成工作，归入 Culture。
batch_2_review.tsv	790	Eastern Roman Emperor	Leadership	Leadership	rationale_specificity	保留该行现有类别作为暂定判断，但此依据只是 L1 类别通用模板，没有写出该完整职业的实际职责，无法证明这项逐行语义判断。请补充该称谓的具体职责及限定词含义。	current_rationale:该岗位履行治理、司法、军事指挥、宗教权威或组织/商业管理职责，归入 Leadership。
batch_2_review.tsv	800	Digital Compositor	Culture	Culture	rationale_specificity	保留该行现有类别作为暂定判断，但此依据只是 L1 类别通用模板，没有写出该完整职业的实际职责，无法证明这项逐行语义判断。请补充该称谓的具体职责及限定词含义。	current_rationale:该岗位通过创作、演出、编辑、制作或传播文化内容完成工作，归入 Culture。
batch_2_review.tsv	804	Hypnotherapist	Discovery/Science	Discovery/Science	rationale_specificity	保留该行现有类别作为暂定判断，但此依据只是 L1 类别通用模板，没有写出该完整职业的实际职责，无法证明这项逐行语义判断。请补充该称谓的具体职责及限定词含义。	current_rationale:该岗位以专业研究、教学、医疗服务或技术开发为核心，属于知识与科学专业职能。
batch_2_review.tsv	812	Primatologist	Discovery/Science	Discovery/Science	rationale_specificity	保留该行现有类别作为暂定判断，但此依据只是 L1 类别通用模板，没有写出该完整职业的实际职责，无法证明这项逐行语义判断。请补充该称谓的具体职责及限定词含义。	current_rationale:该岗位以专业研究、教学、医疗服务或技术开发为核心，属于知识与科学专业职能。
batch_2_review.tsv	815	Cultural Historian	Discovery/Science	Discovery/Science	rationale_specificity	保留该行现有类别作为暂定判断，但此依据只是 L1 类别通用模板，没有写出该完整职业的实际职责，无法证明这项逐行语义判断。请补充该称谓的具体职责及限定词含义。	current_rationale:该岗位以专业研究、教学、医疗服务或技术开发为核心，属于知识与科学专业职能。
batch_2_review.tsv	820	Military Historian	Discovery/Science	Discovery/Science	rationale_specificity	保留该行现有类别作为暂定判断，但此依据只是 L1 类别通用模板，没有写出该完整职业的实际职责，无法证明这项逐行语义判断。请补充该称谓的具体职责及限定词含义。	current_rationale:该岗位以专业研究、教学、医疗服务或技术开发为核心，属于知识与科学专业职能。
batch_2_review.tsv	823	Visual Effects Designer	Culture	Culture	rationale_specificity	保留该行现有类别作为暂定判断，但此依据只是 L1 类别通用模板，没有写出该完整职业的实际职责，无法证明这项逐行语义判断。请补充该称谓的具体职责及限定词含义。	current_rationale:该岗位通过创作、演出、编辑、制作或传播文化内容完成工作，归入 Culture。
batch_2_review.tsv	826	Theatre practitioner	Culture	Culture	rationale_specificity	保留该行现有类别作为暂定判断，但此依据只是 L1 类别通用模板，没有写出该完整职业的实际职责，无法证明这项逐行语义判断。请补充该称谓的具体职责及限定词含义。	current_rationale:该岗位通过创作、演出、编辑、制作或传播文化内容完成工作，归入 Culture。
batch_2_review.tsv	830	Public Relations Consultant	Culture	Culture	rationale_specificity	保留该行现有类别作为暂定判断，但此依据只是 L1 类别通用模板，没有写出该完整职业的实际职责，无法证明这项逐行语义判断。请补充该称谓的具体职责及限定词含义。	current_rationale:该岗位通过创作、演出、编辑、制作或传播文化内容完成工作，归入 Culture。
batch_2_review.tsv	833	Pimp	Other	Other	rationale_specificity	保留该行现有类别作为暂定判断，但此依据只是 L1 类别通用模板，没有写出该完整职业的实际职责，无法证明这项逐行语义判断。请补充该称谓的具体职责及限定词含义。	current_rationale:该岗位属于一般服务、日常工种、小型经营、家庭身份或其他非四类核心职能，归入 Other。
batch_2_review.tsv	839	Script editor	Culture	Culture	rationale_specificity	保留该行现有类别作为暂定判断，但此依据只是 L1 类别通用模板，没有写出该完整职业的实际职责，无法证明这项逐行语义判断。请补充该称谓的具体职责及限定词含义。	current_rationale:该岗位通过创作、演出、编辑、制作或传播文化内容完成工作，归入 Culture。
batch_2_review.tsv	848	Tax collector	Leadership	Leadership	rationale_specificity	保留该行现有类别作为暂定判断，但此依据只是 L1 类别通用模板，没有写出该完整职业的实际职责，无法证明这项逐行语义判断。请补充该称谓的具体职责及限定词含义。	current_rationale:该岗位履行治理、司法、军事指挥、宗教权威或组织/商业管理职责，归入 Leadership。
batch_2_review.tsv	851	Graffiti artist	Culture	Culture	rationale_specificity	保留该行现有类别作为暂定判断，但此依据只是 L1 类别通用模板，没有写出该完整职业的实际职责，无法证明这项逐行语义判断。请补充该称谓的具体职责及限定词含义。	current_rationale:该岗位通过创作、演出、编辑、制作或传播文化内容完成工作，归入 Culture。
batch_2_review.tsv	856	Political Economist	Discovery/Science	Discovery/Science	rationale_specificity	保留该行现有类别作为暂定判断，但此依据只是 L1 类别通用模板，没有写出该完整职业的实际职责，无法证明这项逐行语义判断。请补充该称谓的具体职责及限定词含义。	current_rationale:该岗位以专业研究、教学、医疗服务或技术开发为核心，属于知识与科学专业职能。
batch_2_review.tsv	865	Jazz Composer	Culture	Culture	rationale_specificity	保留该行现有类别作为暂定判断，但此依据只是 L1 类别通用模板，没有写出该完整职业的实际职责，无法证明这项逐行语义判断。请补充该称谓的具体职责及限定词含义。	current_rationale:该岗位通过创作、演出、编辑、制作或传播文化内容完成工作，归入 Culture。
batch_2_review.tsv	871	Christian Theologian	Discovery/Science	Discovery/Science	rationale_specificity	保留该行现有类别作为暂定判断，但此依据只是 L1 类别通用模板，没有写出该完整职业的实际职责，无法证明这项逐行语义判断。请补充该称谓的具体职责及限定词含义。	current_rationale:该岗位以专业研究、教学、医疗服务或技术开发为核心，属于知识与科学专业职能。
batch_2_review.tsv	876	Actor-manager	Culture	Culture	rationale_specificity	保留该行现有类别作为暂定判断，但此依据只是 L1 类别通用模板，没有写出该完整职业的实际职责，无法证明这项逐行语义判断。请补充该称谓的具体职责及限定词含义。	current_rationale:该岗位通过创作、演出、编辑、制作或传播文化内容完成工作，归入 Culture。
batch_2_review.tsv	880	Biophysicist	Discovery/Science	Discovery/Science	rationale_specificity	保留该行现有类别作为暂定判断，但此依据只是 L1 类别通用模板，没有写出该完整职业的实际职责，无法证明这项逐行语义判断。请补充该称谓的具体职责及限定词含义。	current_rationale:该岗位以专业研究、教学、医疗服务或技术开发为核心，属于知识与科学专业职能。
batch_2_review.tsv	885	Nurse midwife	Discovery/Science	Discovery/Science	rationale_specificity	保留该行现有类别作为暂定判断，但此依据只是 L1 类别通用模板，没有写出该完整职业的实际职责，无法证明这项逐行语义判断。请补充该称谓的具体职责及限定词含义。	current_rationale:该岗位以专业研究、教学、医疗服务或技术开发为核心，属于知识与科学专业职能。
batch_2_review.tsv	901	Textile worker	Other	Other	rationale_specificity	保留该行现有类别作为暂定判断，但此依据只是 L1 类别通用模板，没有写出该完整职业的实际职责，无法证明这项逐行语义判断。请补充该称谓的具体职责及限定词含义。	current_rationale:该岗位属于一般服务、日常工种、小型经营、家庭身份或其他非四类核心职能，归入 Other。
batch_2_review.tsv	906	Script doctor	Culture	Culture	rationale_specificity	保留该行现有类别作为暂定判断，但此依据只是 L1 类别通用模板，没有写出该完整职业的实际职责，无法证明这项逐行语义判断。请补充该称谓的具体职责及限定词含义。	current_rationale:该岗位通过创作、演出、编辑、制作或传播文化内容完成工作，归入 Culture。
batch_2_review.tsv	909	Educational psychologist	Discovery/Science	Discovery/Science	rationale_specificity	保留该行现有类别作为暂定判断，但此依据只是 L1 类别通用模板，没有写出该完整职业的实际职责，无法证明这项逐行语义判断。请补充该称谓的具体职责及限定词含义。	current_rationale:该岗位以专业研究、教学、医疗服务或技术开发为核心，属于知识与科学专业职能。
batch_2_review.tsv	914	Corporate officer	Leadership	Leadership	rationale_specificity	保留该行现有类别作为暂定判断，但此依据只是 L1 类别通用模板，没有写出该完整职业的实际职责，无法证明这项逐行语义判断。请补充该称谓的具体职责及限定词含义。	current_rationale:该岗位履行治理、司法、军事指挥、宗教权威或组织/商业管理职责，归入 Leadership。
batch_2_review.tsv	920	Publicist (Profession) #5	Culture	Culture	rationale_specificity	保留该行现有类别作为暂定判断，但此依据只是 L1 类别通用模板，没有写出该完整职业的实际职责，无法证明这项逐行语义判断。请补充该称谓的具体职责及限定词含义。	current_rationale:该岗位通过创作、演出、编辑、制作或传播文化内容完成工作，归入 Culture。
batch_2_review.tsv	923	Network administrator	Discovery/Science	Discovery/Science	rationale_specificity	保留该行现有类别作为暂定判断，但此依据只是 L1 类别通用模板，没有写出该完整职业的实际职责，无法证明这项逐行语义判断。请补充该称谓的具体职责及限定词含义。	current_rationale:该岗位以专业研究、教学、医疗服务或技术开发为核心，属于知识与科学专业职能。
batch_2_review.tsv	926	Radio announcer	Culture	Culture	rationale_specificity	保留该行现有类别作为暂定判断，但此依据只是 L1 类别通用模板，没有写出该完整职业的实际职责，无法证明这项逐行语义判断。请补充该称谓的具体职责及限定词含义。	current_rationale:该岗位通过创作、演出、编辑、制作或传播文化内容完成工作，归入 Culture。
batch_2_review.tsv	943	Concert Producer	Culture	Culture	rationale_specificity	保留该行现有类别作为暂定判断，但此依据只是 L1 类别通用模板，没有写出该完整职业的实际职责，无法证明这项逐行语义判断。请补充该称谓的具体职责及限定词含义。	current_rationale:该岗位通过创作、演出、编辑、制作或传播文化内容完成工作，归入 Culture。
batch_2_review.tsv	948	Historian of Science	Discovery/Science	Discovery/Science	rationale_specificity	保留该行现有类别作为暂定判断，但此依据只是 L1 类别通用模板，没有写出该完整职业的实际职责，无法证明这项逐行语义判断。请补充该称谓的具体职责及限定词含义。	current_rationale:该岗位以专业研究、教学、医疗服务或技术开发为核心，属于知识与科学专业职能。
batch_2_review.tsv	952	College Administrator	Discovery/Science	Discovery/Science	rationale_specificity	保留该行现有类别作为暂定判断，但此依据只是 L1 类别通用模板，没有写出该完整职业的实际职责，无法证明这项逐行语义判断。请补充该称谓的具体职责及限定词含义。	current_rationale:该岗位以专业研究、教学、医疗服务或技术开发为核心，属于知识与科学专业职能。
batch_2_review.tsv	955	Cyberneticist	Discovery/Science	Discovery/Science	rationale_specificity	保留该行现有类别作为暂定判断，但此依据只是 L1 类别通用模板，没有写出该完整职业的实际职责，无法证明这项逐行语义判断。请补充该称谓的具体职责及限定词含义。	current_rationale:该岗位以专业研究、教学、医疗服务或技术开发为核心，属于知识与科学专业职能。
batch_2_review.tsv	960	Theatrical Set Designer	Culture	Culture	rationale_specificity	保留该行现有类别作为暂定判断，但此依据只是 L1 类别通用模板，没有写出该完整职业的实际职责，无法证明这项逐行语义判断。请补充该称谓的具体职责及限定词含义。	current_rationale:该岗位通过创作、演出、编辑、制作或传播文化内容完成工作，归入 Culture。
batch_2_review.tsv	964	News producer	Culture	Culture	rationale_specificity	保留该行现有类别作为暂定判断，但此依据只是 L1 类别通用模板，没有写出该完整职业的实际职责，无法证明这项逐行语义判断。请补充该称谓的具体职责及限定词含义。	current_rationale:该岗位通过创作、演出、编辑、制作或传播文化内容完成工作，归入 Culture。
batch_2_review.tsv	971	Mental health professional	Discovery/Science	Discovery/Science	rationale_specificity	保留该行现有类别作为暂定判断，但此依据只是 L1 类别通用模板，没有写出该完整职业的实际职责，无法证明这项逐行语义判断。请补充该称谓的具体职责及限定词含义。	current_rationale:该岗位以专业研究、教学、医疗服务或技术开发为核心，属于知识与科学专业职能。
batch_2_review.tsv	974	Letterer	Culture	Culture	rationale_specificity	保留该行现有类别作为暂定判断，但此依据只是 L1 类别通用模板，没有写出该完整职业的实际职责，无法证明这项逐行语义判断。请补充该称谓的具体职责及限定词含义。	current_rationale:该岗位通过创作、演出、编辑、制作或传播文化内容完成工作，归入 Culture。
batch_2_review.tsv	978	A&R executive	Culture	Culture	rationale_specificity	保留该行现有类别作为暂定判断，但此依据只是 L1 类别通用模板，没有写出该完整职业的实际职责，无法证明这项逐行语义判断。请补充该称谓的具体职责及限定词含义。	current_rationale:该岗位通过创作、演出、编辑、制作或传播文化内容完成工作，归入 Culture。
batch_2_review.tsv	981	Freelance Writer	Culture	Culture	rationale_specificity	保留该行现有类别作为暂定判断，但此依据只是 L1 类别通用模板，没有写出该完整职业的实际职责，无法证明这项逐行语义判断。请补充该称谓的具体职责及限定词含义。	current_rationale:该岗位通过创作、演出、编辑、制作或传播文化内容完成工作，归入 Culture。
batch_2_review.tsv	985	Basketball Analyst	Culture	Culture	rationale_specificity	保留该行现有类别作为暂定判断，但此依据只是 L1 类别通用模板，没有写出该完整职业的实际职责，无法证明这项逐行语义判断。请补充该称谓的具体职责及限定词含义。	current_rationale:该岗位通过创作、演出、编辑、制作或传播文化内容完成工作，归入 Culture。
batch_2_review.tsv	988	White-collar worker	Other	Other	rationale_specificity	保留该行现有类别作为暂定判断，但此依据只是 L1 类别通用模板，没有写出该完整职业的实际职责，无法证明这项逐行语义判断。请补充该称谓的具体职责及限定词含义。	current_rationale:该岗位属于一般服务、日常工种、小型经营、家庭身份或其他非四类核心职能，归入 Other。
batch_2_review.tsv	991	Angel investor	Leadership	Leadership	rationale_specificity	保留该行现有类别作为暂定判断，但此依据只是 L1 类别通用模板，没有写出该完整职业的实际职责，无法证明这项逐行语义判断。请补充该称谓的具体职责及限定词含义。	current_rationale:该岗位履行治理、司法、军事指挥、宗教权威或组织/商业管理职责，归入 Leadership。
batch_2_review.tsv	996	Marine biologist	Discovery/Science	Discovery/Science	rationale_specificity	保留该行现有类别作为暂定判断，但此依据只是 L1 类别通用模板，没有写出该完整职业的实际职责，无法证明这项逐行语义判断。请补充该称谓的具体职责及限定词含义。	current_rationale:该岗位以专业研究、教学、医疗服务或技术开发为核心，属于知识与科学专业职能。
batch_2_review.tsv	1000	Special Effects Designer	Culture	Culture	rationale_specificity	保留该行现有类别作为暂定判断，但此依据只是 L1 类别通用模板，没有写出该完整职业的实际职责，无法证明这项逐行语义判断。请补充该称谓的具体职责及限定词含义。	current_rationale:该岗位通过创作、演出、编辑、制作或传播文化内容完成工作，归入 Culture。
batch_2_review.tsv	1004	TV Meteorologist	Discovery/Science	Discovery/Science	rationale_specificity	保留该行现有类别作为暂定判断，但此依据只是 L1 类别通用模板，没有写出该完整职业的实际职责，无法证明这项逐行语义判断。请补充该称谓的具体职责及限定词含义。	current_rationale:该岗位以专业研究、教学、医疗服务或技术开发为核心，属于知识与科学专业职能。
batch_2_review.tsv	1007	Alchemist	Discovery/Science	Discovery/Science	rationale_specificity	保留该行现有类别作为暂定判断，但此依据只是 L1 类别通用模板，没有写出该完整职业的实际职责，无法证明这项逐行语义判断。请补充该称谓的具体职责及限定词含义。	current_rationale:该岗位以专业研究、教学、医疗服务或技术开发为核心，属于知识与科学专业职能。
batch_2_review.tsv	1013	Digital Artist	Culture	Culture	rationale_specificity	保留该行现有类别作为暂定判断，但此依据只是 L1 类别通用模板，没有写出该完整职业的实际职责，无法证明这项逐行语义判断。请补充该称谓的具体职责及限定词含义。	current_rationale:该岗位通过创作、演出、编辑、制作或传播文化内容完成工作，归入 Culture。
batch_2_review.tsv	1022	People's Artist of Ukraine	Culture	Culture	rationale_specificity	保留该行现有类别作为暂定判断，但此依据只是 L1 类别通用模板，没有写出该完整职业的实际职责，无法证明这项逐行语义判断。请补充该称谓的具体职责及限定词含义。	current_rationale:该岗位通过创作、演出、编辑、制作或传播文化内容完成工作，归入 Culture。
batch_2_review.tsv	1031	Jazz Artist/Singer	Culture	Culture	rationale_specificity	保留该行现有类别作为暂定判断，但此依据只是 L1 类别通用模板，没有写出该完整职业的实际职责，无法证明这项逐行语义判断。请补充该称谓的具体职责及限定词含义。	current_rationale:该岗位通过创作、演出、编辑、制作或传播文化内容完成工作，归入 Culture。
batch_2_review.tsv	1034	Film Journalist	Culture	Culture	rationale_specificity	保留该行现有类别作为暂定判断，但此依据只是 L1 类别通用模板，没有写出该完整职业的实际职责，无法证明这项逐行语义判断。请补充该称谓的具体职责及限定词含义。	current_rationale:该岗位通过创作、演出、编辑、制作或传播文化内容完成工作，归入 Culture。
batch_2_review.tsv	1040	Greengrocer	Other	Other	rationale_specificity	保留该行现有类别作为暂定判断，但此依据只是 L1 类别通用模板，没有写出该完整职业的实际职责，无法证明这项逐行语义判断。请补充该称谓的具体职责及限定词含义。	current_rationale:该岗位属于一般服务、日常工种、小型经营、家庭身份或其他非四类核心职能，归入 Other。
batch_2_review.tsv	1043	Art Conservator	Culture	Culture	rationale_specificity	保留该行现有类别作为暂定判断，但此依据只是 L1 类别通用模板，没有写出该完整职业的实际职责，无法证明这项逐行语义判断。请补充该称谓的具体职责及限定词含义。	current_rationale:该岗位通过创作、演出、编辑、制作或传播文化内容完成工作，归入 Culture。
batch_2_review.tsv	1056	Biblical Scholar	Discovery/Science	Discovery/Science	rationale_specificity	保留该行现有类别作为暂定判断，但此依据只是 L1 类别通用模板，没有写出该完整职业的实际职责，无法证明这项逐行语义判断。请补充该称谓的具体职责及限定词含义。	current_rationale:该岗位以专业研究、教学、医疗服务或技术开发为核心，属于知识与科学专业职能。
batch_2_review.tsv	1063	Legal Scholar	Discovery/Science	Discovery/Science	rationale_specificity	保留该行现有类别作为暂定判断，但此依据只是 L1 类别通用模板，没有写出该完整职业的实际职责，无法证明这项逐行语义判断。请补充该称谓的具体职责及限定词含义。	current_rationale:该岗位以专业研究、教学、医疗服务或技术开发为核心，属于知识与科学专业职能。
batch_2_review.tsv	1067	Shepherd	Other	Other	rationale_specificity	保留该行现有类别作为暂定判断，但此依据只是 L1 类别通用模板，没有写出该完整职业的实际职责，无法证明这项逐行语义判断。请补充该称谓的具体职责及限定词含义。	current_rationale:该岗位属于一般服务、日常工种、小型经营、家庭身份或其他非四类核心职能，归入 Other。
batch_2_review.tsv	1073	Gamekeeper	Other	Other	rationale_specificity	保留该行现有类别作为暂定判断，但此依据只是 L1 类别通用模板，没有写出该完整职业的实际职责，无法证明这项逐行语义判断。请补充该称谓的具体职责及限定词含义。	current_rationale:该岗位属于一般服务、日常工种、小型经营、家庭身份或其他非四类核心职能，归入 Other。
batch_2_review.tsv	1080	Managing Director	Leadership	Leadership	rationale_specificity	保留该行现有类别作为暂定判断，但此依据只是 L1 类别通用模板，没有写出该完整职业的实际职责，无法证明这项逐行语义判断。请补充该称谓的具体职责及限定词含义。	current_rationale:该岗位履行治理、司法、军事指挥、宗教权威或组织/商业管理职责，归入 Leadership。
batch_2_review.tsv	1083	Political campaigner	Leadership	Leadership	rationale_specificity	保留该行现有类别作为暂定判断，但此依据只是 L1 类别通用模板，没有写出该完整职业的实际职责，无法证明这项逐行语义判断。请补充该称谓的具体职责及限定词含义。	current_rationale:该岗位履行治理、司法、军事指挥、宗教权威或组织/商业管理职责，归入 Leadership。
batch_2_review.tsv	1086	Television executive producer	Culture	Culture	rationale_specificity	保留该行现有类别作为暂定判断，但此依据只是 L1 类别通用模板，没有写出该完整职业的实际职责，无法证明这项逐行语义判断。请补充该称谓的具体职责及限定词含义。	current_rationale:该岗位通过创作、演出、编辑、制作或传播文化内容完成工作，归入 Culture。
batch_2_review.tsv	1089	Acrobatics	Culture	Culture	rationale_specificity	保留该行现有类别作为暂定判断，但此依据只是 L1 类别通用模板，没有写出该完整职业的实际职责，无法证明这项逐行语义判断。请补充该称谓的具体职责及限定词含义。	current_rationale:该岗位通过创作、演出、编辑、制作或传播文化内容完成工作，归入 Culture。
batch_2_review.tsv	1093	English Professor	Discovery/Science	Discovery/Science	rationale_specificity	保留该行现有类别作为暂定判断，但此依据只是 L1 类别通用模板，没有写出该完整职业的实际职责，无法证明这项逐行语义判断。请补充该称谓的具体职责及限定词含义。	current_rationale:该岗位以专业研究、教学、医疗服务或技术开发为核心，属于知识与科学专业职能。
batch_2_review.tsv	1098	Dental hygienist	Discovery/Science	Discovery/Science	rationale_specificity	保留该行现有类别作为暂定判断，但此依据只是 L1 类别通用模板，没有写出该完整职业的实际职责，无法证明这项逐行语义判断。请补充该称谓的具体职责及限定词含义。	current_rationale:该岗位以专业研究、教学、医疗服务或技术开发为核心，属于知识与科学专业职能。
batch_2_review.tsv	1102	Theater Actress	Culture	Culture	rationale_specificity	保留该行现有类别作为暂定判断，但此依据只是 L1 类别通用模板，没有写出该完整职业的实际职责，无法证明这项逐行语义判断。请补充该称谓的具体职责及限定词含义。	current_rationale:该岗位通过创作、演出、编辑、制作或传播文化内容完成工作，归入 Culture。
batch_2_review.tsv	1105	Enzymologist	Discovery/Science	Discovery/Science	rationale_specificity	保留该行现有类别作为暂定判断，但此依据只是 L1 类别通用模板，没有写出该完整职业的实际职责，无法证明这项逐行语义判断。请补充该称谓的具体职责及限定词含义。	current_rationale:该岗位以专业研究、教学、医疗服务或技术开发为核心，属于知识与科学专业职能。
batch_2_review.tsv	1118	TV Art Director	Culture	Culture	rationale_specificity	保留该行现有类别作为暂定判断，但此依据只是 L1 类别通用模板，没有写出该完整职业的实际职责，无法证明这项逐行语义判断。请补充该称谓的具体职责及限定词含义。	current_rationale:该岗位通过创作、演出、编辑、制作或传播文化内容完成工作，归入 Culture。
batch_2_review.tsv	1123	Character Designer	Culture	Culture	rationale_specificity	保留该行现有类别作为暂定判断，但此依据只是 L1 类别通用模板，没有写出该完整职业的实际职责，无法证明这项逐行语义判断。请补充该称谓的具体职责及限定词含义。	current_rationale:该岗位通过创作、演出、编辑、制作或传播文化内容完成工作，归入 Culture。
batch_2_review.tsv	1126	noblewoman	Leadership	Leadership	rationale_specificity	保留该行现有类别作为暂定判断，但此依据只是 L1 类别通用模板，没有写出该完整职业的实际职责，无法证明这项逐行语义判断。请补充该称谓的具体职责及限定词含义。	current_rationale:该岗位履行治理、司法、军事指挥、宗教权威或组织/商业管理职责，归入 Leadership。
batch_2_review.tsv	1129	Theatre teacher	Culture	Culture	rationale_specificity	保留该行现有类别作为暂定判断，但此依据只是 L1 类别通用模板，没有写出该完整职业的实际职责，无法证明这项逐行语义判断。请补充该称谓的具体职责及限定词含义。	current_rationale:该岗位通过创作、演出、编辑、制作或传播文化内容完成工作，归入 Culture。
batch_2_review.tsv	1137	Folk Artist	Culture	Culture	rationale_specificity	保留该行现有类别作为暂定判断，但此依据只是 L1 类别通用模板，没有写出该完整职业的实际职责，无法证明这项逐行语义判断。请补充该称谓的具体职责及限定词含义。	current_rationale:该岗位通过创作、演出、编辑、制作或传播文化内容完成工作，归入 Culture。
batch_2_review.tsv	1140	Clerk (Profession) #147	Other	Other	rationale_specificity	保留该行现有类别作为暂定判断，但此依据只是 L1 类别通用模板，没有写出该完整职业的实际职责，无法证明这项逐行语义判断。请补充该称谓的具体职责及限定词含义。	current_rationale:该岗位属于一般服务、日常工种、小型经营、家庭身份或其他非四类核心职能，归入 Other。
batch_2_review.tsv	1146	Road manager	Culture	Culture	rationale_specificity	保留该行现有类别作为暂定判断，但此依据只是 L1 类别通用模板，没有写出该完整职业的实际职责，无法证明这项逐行语义判断。请补充该称谓的具体职责及限定词含义。	current_rationale:该岗位通过创作、演出、编辑、制作或传播文化内容完成工作，归入 Culture。
batch_2_review.tsv	1151	Art History Professor	Discovery/Science	Discovery/Science	rationale_specificity	保留该行现有类别作为暂定判断，但此依据只是 L1 类别通用模板，没有写出该完整职业的实际职责，无法证明这项逐行语义判断。请补充该称谓的具体职责及限定词含义。	current_rationale:该岗位以专业研究、教学、医疗服务或技术开发为核心，属于知识与科学专业职能。
batch_2_review.tsv	1157	Softball Player	Sports/Games	Sports/Games	rationale_specificity	保留该行现有类别作为暂定判断，但此依据只是 L1 类别通用模板，没有写出该完整职业的实际职责，无法证明这项逐行语义判断。请补充该称谓的具体职责及限定词含义。	current_rationale:该岗位直接参与竞技项目、竞赛组织、体育训练/裁判或游戏活动，归入 Sports/Games。
batch_2_review.tsv	1166	Java Developer	Discovery/Science	Discovery/Science	rationale_specificity	保留该行现有类别作为暂定判断，但此依据只是 L1 类别通用模板，没有写出该完整职业的实际职责，无法证明这项逐行语义判断。请补充该称谓的具体职责及限定词含义。	current_rationale:该岗位以专业研究、教学、医疗服务或技术开发为核心，属于知识与科学专业职能。
batch_2_review.tsv	1169	Lieutenant colonel	Leadership	Leadership	rationale_specificity	保留该行现有类别作为暂定判断，但此依据只是 L1 类别通用模板，没有写出该完整职业的实际职责，无法证明这项逐行语义判断。请补充该称谓的具体职责及限定词含义。	current_rationale:该岗位履行治理、司法、军事指挥、宗教权威或组织/商业管理职责，归入 Leadership。
batch_2_review.tsv	1173	Aquanaut	Discovery/Science	Discovery/Science	rationale_specificity	保留该行现有类别作为暂定判断，但此依据只是 L1 类别通用模板，没有写出该完整职业的实际职责，无法证明这项逐行语义判断。请补充该称谓的具体职责及限定词含义。	current_rationale:该岗位以专业研究、教学、医疗服务或技术开发为核心，属于知识与科学专业职能。
batch_2_review.tsv	1176	Labour leader	Leadership	Leadership	rationale_specificity	保留该行现有类别作为暂定判断，但此依据只是 L1 类别通用模板，没有写出该完整职业的实际职责，无法证明这项逐行语义判断。请补充该称谓的具体职责及限定词含义。	current_rationale:该岗位履行治理、司法、军事指挥、宗教权威或组织/商业管理职责，归入 Leadership。
batch_2_review.tsv	1181	Historian of Philosophy and Religion	Discovery/Science	Discovery/Science	rationale_specificity	保留该行现有类别作为暂定判断，但此依据只是 L1 类别通用模板，没有写出该完整职业的实际职责，无法证明这项逐行语义判断。请补充该称谓的具体职责及限定词含义。	current_rationale:该岗位以专业研究、教学、医疗服务或技术开发为核心，属于知识与科学专业职能。
batch_2_review.tsv	1185	Line producer	Culture	Culture	rationale_specificity	保留该行现有类别作为暂定判断，但此依据只是 L1 类别通用模板，没有写出该完整职业的实际职责，无法证明这项逐行语义判断。请补充该称谓的具体职责及限定词含义。	current_rationale:该岗位通过创作、演出、编辑、制作或传播文化内容完成工作，归入 Culture。
batch_2_review.tsv	1191	Caterer	Other	Other	rationale_specificity	保留该行现有类别作为暂定判断，但此依据只是 L1 类别通用模板，没有写出该完整职业的实际职责，无法证明这项逐行语义判断。请补充该称谓的具体职责及限定词含义。	current_rationale:该岗位属于一般服务、日常工种、小型经营、家庭身份或其他非四类核心职能，归入 Other。
batch_2_review.tsv	1198	Theater Arts Educator	Culture	Culture	rationale_specificity	保留该行现有类别作为暂定判断，但此依据只是 L1 类别通用模板，没有写出该完整职业的实际职责，无法证明这项逐行语义判断。请补充该称谓的具体职责及限定词含义。	current_rationale:该岗位通过创作、演出、编辑、制作或传播文化内容完成工作，归入 Culture。
batch_2_review.tsv	1204	Human Resources Officer	Leadership	Leadership	rationale_specificity	保留该行现有类别作为暂定判断，但此依据只是 L1 类别通用模板，没有写出该完整职业的实际职责，无法证明这项逐行语义判断。请补充该称谓的具体职责及限定词含义。	current_rationale:该岗位履行治理、司法、军事指挥、宗教权威或组织/商业管理职责，归入 Leadership。
batch_2_review.tsv	1217	Roboticist	Discovery/Science	Discovery/Science	rationale_specificity	保留该行现有类别作为暂定判断，但此依据只是 L1 类别通用模板，没有写出该完整职业的实际职责，无法证明这项逐行语义判断。请补充该称谓的具体职责及限定词含义。	current_rationale:该岗位以专业研究、教学、医疗服务或技术开发为核心，属于知识与科学专业职能。
batch_2_review.tsv	1226	Editorial Writer	Culture	Culture	rationale_specificity	保留该行现有类别作为暂定判断，但此依据只是 L1 类别通用模板，没有写出该完整职业的实际职责，无法证明这项逐行语义判断。请补充该称谓的具体职责及限定词含义。	current_rationale:该岗位通过创作、演出、编辑、制作或传播文化内容完成工作，归入 Culture。
batch_2_review.tsv	1230	Driller	Other	Other	rationale_specificity	保留该行现有类别作为暂定判断，但此依据只是 L1 类别通用模板，没有写出该完整职业的实际职责，无法证明这项逐行语义判断。请补充该称谓的具体职责及限定词含义。	current_rationale:该岗位属于一般服务、日常工种、小型经营、家庭身份或其他非四类核心职能，归入 Other。
batch_2_review.tsv	1233	Payroll (Profession)	Other	Other	rationale_specificity	保留该行现有类别作为暂定判断，但此依据只是 L1 类别通用模板，没有写出该完整职业的实际职责，无法证明这项逐行语义判断。请补充该称谓的具体职责及限定词含义。	current_rationale:该岗位属于一般服务、日常工种、小型经营、家庭身份或其他非四类核心职能，归入 Other。
batch_2_review.tsv	1237	Open source/Internet technologist	Discovery/Science	Discovery/Science	rationale_specificity	保留该行现有类别作为暂定判断，但此依据只是 L1 类别通用模板，没有写出该完整职业的实际职责，无法证明这项逐行语义判断。请补充该称谓的具体职责及限定词含义。	current_rationale:该岗位以专业研究、教学、医疗服务或技术开发为核心，属于知识与科学专业职能。
batch_2_review.tsv	1241	Bellhop	Other	Other	rationale_specificity	保留该行现有类别作为暂定判断，但此依据只是 L1 类别通用模板，没有写出该完整职业的实际职责，无法证明这项逐行语义判断。请补充该称谓的具体职责及限定词含义。	current_rationale:该岗位属于一般服务、日常工种、小型经营、家庭身份或其他非四类核心职能，归入 Other。
batch_2_review.tsv	1248	Computer Graphics Animator	Culture	Culture	rationale_specificity	保留该行现有类别作为暂定判断，但此依据只是 L1 类别通用模板，没有写出该完整职业的实际职责，无法证明这项逐行语义判断。请补充该称谓的具体职责及限定词含义。	current_rationale:该岗位通过创作、演出、编辑、制作或传播文化内容完成工作，归入 Culture。
batch_2_review.tsv	1251	Genetics Counselor	Discovery/Science	Discovery/Science	rationale_specificity	保留该行现有类别作为暂定判断，但此依据只是 L1 类别通用模板，没有写出该完整职业的实际职责，无法证明这项逐行语义判断。请补充该称谓的具体职责及限定词含义。	current_rationale:该岗位以专业研究、教学、医疗服务或技术开发为核心，属于知识与科学专业职能。
batch_2_review.tsv	1254	Nuclear Physicist	Discovery/Science	Discovery/Science	rationale_specificity	保留该行现有类别作为暂定判断，但此依据只是 L1 类别通用模板，没有写出该完整职业的实际职责，无法证明这项逐行语义判断。请补充该称谓的具体职责及限定词含义。	current_rationale:该岗位以专业研究、教学、医疗服务或技术开发为核心，属于知识与科学专业职能。
batch_2_review.tsv	1258	Intellectual Historian	Discovery/Science	Discovery/Science	rationale_specificity	保留该行现有类别作为暂定判断，但此依据只是 L1 类别通用模板，没有写出该完整职业的实际职责，无法证明这项逐行语义判断。请补充该称谓的具体职责及限定词含义。	current_rationale:该岗位以专业研究、教学、医疗服务或技术开发为核心，属于知识与科学专业职能。
batch_2_review.tsv	1261	Milkmaid	Other	Other	rationale_specificity	保留该行现有类别作为暂定判断，但此依据只是 L1 类别通用模板，没有写出该完整职业的实际职责，无法证明这项逐行语义判断。请补充该称谓的具体职责及限定词含义。	current_rationale:该岗位属于一般服务、日常工种、小型经营、家庭身份或其他非四类核心职能，归入 Other。
batch_2_review.tsv	1265	Diagnostic radiographer	Discovery/Science	Discovery/Science	rationale_specificity	保留该行现有类别作为暂定判断，但此依据只是 L1 类别通用模板，没有写出该完整职业的实际职责，无法证明这项逐行语义判断。请补充该称谓的具体职责及限定词含义。	current_rationale:该岗位以专业研究、教学、医疗服务或技术开发为核心，属于知识与科学专业职能。
batch_2_review.tsv	1268	VFX creative director	Culture	Culture	rationale_specificity	保留该行现有类别作为暂定判断，但此依据只是 L1 类别通用模板，没有写出该完整职业的实际职责，无法证明这项逐行语义判断。请补充该称谓的具体职责及限定词含义。	current_rationale:该岗位通过创作、演出、编辑、制作或传播文化内容完成工作，归入 Culture。
batch_2_review.tsv	1274	Costume Supervisor	Culture	Culture	rationale_specificity	保留该行现有类别作为暂定判断，但此依据只是 L1 类别通用模板，没有写出该完整职业的实际职责，无法证明这项逐行语义判断。请补充该称谓的具体职责及限定词含义。	current_rationale:该岗位通过创作、演出、编辑、制作或传播文化内容完成工作，归入 Culture。
batch_2_review.tsv	1278	Silent Film Actress	Culture	Culture	rationale_specificity	保留该行现有类别作为暂定判断，但此依据只是 L1 类别通用模板，没有写出该完整职业的实际职责，无法证明这项逐行语义判断。请补充该称谓的具体职责及限定词含义。	current_rationale:该岗位通过创作、演出、编辑、制作或传播文化内容完成工作，归入 Culture。
batch_2_review.tsv	1281	Special Makeup Effects Artist	Culture	Culture	rationale_specificity	保留该行现有类别作为暂定判断，但此依据只是 L1 类别通用模板，没有写出该完整职业的实际职责，无法证明这项逐行语义判断。请补充该称谓的具体职责及限定词含义。	current_rationale:该岗位通过创作、演出、编辑、制作或传播文化内容完成工作，归入 Culture。
batch_2_review.tsv	1291	Child Psychologist	Discovery/Science	Discovery/Science	rationale_specificity	保留该行现有类别作为暂定判断，但此依据只是 L1 类别通用模板，没有写出该完整职业的实际职责，无法证明这项逐行语义判断。请补充该称谓的具体职责及限定词含义。	current_rationale:该岗位以专业研究、教学、医疗服务或技术开发为核心，属于知识与科学专业职能。
batch_2_review.tsv	1301	Astrobiologist	Discovery/Science	Discovery/Science	rationale_specificity	保留该行现有类别作为暂定判断，但此依据只是 L1 类别通用模板，没有写出该完整职业的实际职责，无法证明这项逐行语义判断。请补充该称谓的具体职责及限定词含义。	current_rationale:该岗位以专业研究、教学、医疗服务或技术开发为核心，属于知识与科学专业职能。
batch_2_review.tsv	1317	Sketch Artist	Culture	Culture	rationale_specificity	保留该行现有类别作为暂定判断，但此依据只是 L1 类别通用模板，没有写出该完整职业的实际职责，无法证明这项逐行语义判断。请补充该称谓的具体职责及限定词含义。	current_rationale:该岗位通过创作、演出、编辑、制作或传播文化内容完成工作，归入 Culture。
batch_2_review.tsv	1321	Artistic Director (Job title)	Culture	Culture	rationale_specificity	保留该行现有类别作为暂定判断，但此依据只是 L1 类别通用模板，没有写出该完整职业的实际职责，无法证明这项逐行语义判断。请补充该称谓的具体职责及限定词含义。	current_rationale:该岗位通过创作、演出、编辑、制作或传播文化内容完成工作，归入 Culture。
batch_2_review.tsv	1324	Cavalryman	Leadership	Leadership	rationale_specificity	保留该行现有类别作为暂定判断，但此依据只是 L1 类别通用模板，没有写出该完整职业的实际职责，无法证明这项逐行语义判断。请补充该称谓的具体职责及限定词含义。	current_rationale:该岗位履行治理、司法、军事指挥、宗教权威或组织/商业管理职责，归入 Leadership。
batch_2_review.tsv	1327	Industrial Supplies Merchant Wholesalers	Other	Other	rationale_specificity	保留该行现有类别作为暂定判断，但此依据只是 L1 类别通用模板，没有写出该完整职业的实际职责，无法证明这项逐行语义判断。请补充该称谓的具体职责及限定词含义。	current_rationale:该岗位属于一般服务、日常工种、小型经营、家庭身份或其他非四类核心职能，归入 Other。
batch_2_review.tsv	1333	Merchant navy	Other	Other	rationale_specificity	保留该行现有类别作为暂定判断，但此依据只是 L1 类别通用模板，没有写出该完整职业的实际职责，无法证明这项逐行语义判断。请补充该称谓的具体职责及限定词含义。	current_rationale:该岗位属于一般服务、日常工种、小型经营、家庭身份或其他非四类核心职能，归入 Other。
batch_2_review.tsv	1336	Special Effects Creator	Culture	Culture	rationale_specificity	保留该行现有类别作为暂定判断，但此依据只是 L1 类别通用模板，没有写出该完整职业的实际职责，无法证明这项逐行语义判断。请补充该称谓的具体职责及限定词含义。	current_rationale:该岗位通过创作、演出、编辑、制作或传播文化内容完成工作，归入 Culture。
batch_2_review.tsv	1340	Dormitory Matron	Other	Other	rationale_specificity	保留该行现有类别作为暂定判断，但此依据只是 L1 类别通用模板，没有写出该完整职业的实际职责，无法证明这项逐行语义判断。请补充该称谓的具体职责及限定词含义。	current_rationale:该岗位属于一般服务、日常工种、小型经营、家庭身份或其他非四类核心职能，归入 Other。
batch_2_review.tsv	1352	Logger	Other	Other	rationale_specificity	保留该行现有类别作为暂定判断，但此依据只是 L1 类别通用模板，没有写出该完整职业的实际职责，无法证明这项逐行语义判断。请补充该称谓的具体职责及限定词含义。	current_rationale:该岗位属于一般服务、日常工种、小型经营、家庭身份或其他非四类核心职能，归入 Other。
batch_2_review.tsv	1355	Gymnastics Teacher	Sports/Games	Sports/Games	rationale_specificity	保留该行现有类别作为暂定判断，但此依据只是 L1 类别通用模板，没有写出该完整职业的实际职责，无法证明这项逐行语义判断。请补充该称谓的具体职责及限定词含义。	current_rationale:该岗位直接参与竞技项目、竞赛组织、体育训练/裁判或游戏活动，归入 Sports/Games。
batch_2_review.tsv	1359	Surgical Nurse	Discovery/Science	Discovery/Science	rationale_specificity	保留该行现有类别作为暂定判断，但此依据只是 L1 类别通用模板，没有写出该完整职业的实际职责，无法证明这项逐行语义判断。请补充该称谓的具体职责及限定词含义。	current_rationale:该岗位以专业研究、教学、医疗服务或技术开发为核心，属于知识与科学专业职能。
batch_2_review.tsv	1362	Automotive design	Discovery/Science	Discovery/Science	rationale_specificity	保留该行现有类别作为暂定判断，但此依据只是 L1 类别通用模板，没有写出该完整职业的实际职责，无法证明这项逐行语义判断。请补充该称谓的具体职责及限定词含义。	current_rationale:该岗位以专业研究、教学、医疗服务或技术开发为核心，属于知识与科学专业职能。
batch_2_review.tsv	1365	First Assistant Director	Culture	Culture	rationale_specificity	保留该行现有类别作为暂定判断，但此依据只是 L1 类别通用模板，没有写出该完整职业的实际职责，无法证明这项逐行语义判断。请补充该称谓的具体职责及限定词含义。	current_rationale:该岗位通过创作、演出、编辑、制作或传播文化内容完成工作，归入 Culture。
batch_2_review.tsv	1371	Pool Player	Sports/Games	Sports/Games	rationale_specificity	保留该行现有类别作为暂定判断，但此依据只是 L1 类别通用模板，没有写出该完整职业的实际职责，无法证明这项逐行语义判断。请补充该称谓的具体职责及限定词含义。	current_rationale:该岗位直接参与竞技项目、竞赛组织、体育训练/裁判或游戏活动，归入 Sports/Games。
batch_2_review.tsv	1374	Carmelite Friar	Leadership	Leadership	rationale_specificity	保留该行现有类别作为暂定判断，但此依据只是 L1 类别通用模板，没有写出该完整职业的实际职责，无法证明这项逐行语义判断。请补充该称谓的具体职责及限定词含义。	current_rationale:该岗位履行治理、司法、军事指挥、宗教权威或组织/商业管理职责，归入 Leadership。
batch_2_review.tsv	1377	Assayer	Discovery/Science	Discovery/Science	rationale_specificity	保留该行现有类别作为暂定判断，但此依据只是 L1 类别通用模板，没有写出该完整职业的实际职责，无法证明这项逐行语义判断。请补充该称谓的具体职责及限定词含义。	current_rationale:该岗位以专业研究、教学、医疗服务或技术开发为核心，属于知识与科学专业职能。
batch_2_review.tsv	1380	Clasics Violin Teacher	Culture	Culture	rationale_specificity	保留该行现有类别作为暂定判断，但此依据只是 L1 类别通用模板，没有写出该完整职业的实际职责，无法证明这项逐行语义判断。请补充该称谓的具体职责及限定词含义。	current_rationale:该岗位通过创作、演出、编辑、制作或传播文化内容完成工作，归入 Culture。
batch_2_review.tsv	1386	PR Expert	Culture	Culture	rationale_specificity	保留该行现有类别作为暂定判断，但此依据只是 L1 类别通用模板，没有写出该完整职业的实际职责，无法证明这项逐行语义判断。请补充该称谓的具体职责及限定词含义。	current_rationale:该岗位通过创作、演出、编辑、制作或传播文化内容完成工作，归入 Culture。
batch_2_review.tsv	1391	Rum-running	Other	Other	rationale_specificity	保留该行现有类别作为暂定判断，但此依据只是 L1 类别通用模板，没有写出该完整职业的实际职责，无法证明这项逐行语义判断。请补充该称谓的具体职责及限定词含义。	current_rationale:该岗位属于一般服务、日常工种、小型经营、家庭身份或其他非四类核心职能，归入 Other。
batch_2_review.tsv	1395	Shoemaking	Other	Other	rationale_specificity	保留该行现有类别作为暂定判断，但此依据只是 L1 类别通用模板，没有写出该完整职业的实际职责，无法证明这项逐行语义判断。请补充该称谓的具体职责及限定词含义。	current_rationale:该岗位属于一般服务、日常工种、小型经营、家庭身份或其他非四类核心职能，归入 Other。
batch_2_review.tsv	1402	Multi Media Artist	Culture	Culture	rationale_specificity	保留该行现有类别作为暂定判断，但此依据只是 L1 类别通用模板，没有写出该完整职业的实际职责，无法证明这项逐行语义判断。请补充该称谓的具体职责及限定词含义。	current_rationale:该岗位通过创作、演出、编辑、制作或传播文化内容完成工作，归入 Culture。
batch_2_review.tsv	1405	Security Firm Chief	Leadership	Leadership	rationale_specificity	保留该行现有类别作为暂定判断，但此依据只是 L1 类别通用模板，没有写出该完整职业的实际职责，无法证明这项逐行语义判断。请补充该称谓的具体职责及限定词含义。	current_rationale:该岗位履行治理、司法、军事指挥、宗教权威或组织/商业管理职责，归入 Leadership。
batch_2_review.tsv	1408	Trampoline Gymnast	Sports/Games	Sports/Games	rationale_specificity	保留该行现有类别作为暂定判断，但此依据只是 L1 类别通用模板，没有写出该完整职业的实际职责，无法证明这项逐行语义判断。请补充该称谓的具体职责及限定词含义。	current_rationale:该岗位直接参与竞技项目、竞赛组织、体育训练/裁判或游戏活动，归入 Sports/Games。
batch_2_review.tsv	1412	Professor (Profession) #40	Discovery/Science	Discovery/Science	rationale_specificity	保留该行现有类别作为暂定判断，但此依据只是 L1 类别通用模板，没有写出该完整职业的实际职责，无法证明这项逐行语义判断。请补充该称谓的具体职责及限定词含义。	current_rationale:该岗位以专业研究、教学、医疗服务或技术开发为核心，属于知识与科学专业职能。
batch_2_review.tsv	1424	Reverand	Leadership	Leadership	rationale_specificity	保留该行现有类别作为暂定判断，但此依据只是 L1 类别通用模板，没有写出该完整职业的实际职责，无法证明这项逐行语义判断。请补充该称谓的具体职责及限定词含义。	current_rationale:该岗位履行治理、司法、军事指挥、宗教权威或组织/商业管理职责，归入 Leadership。
batch_2_review.tsv	1427	Machine Tool operator	Other	Other	rationale_specificity	保留该行现有类别作为暂定判断，但此依据只是 L1 类别通用模板，没有写出该完整职业的实际职责，无法证明这项逐行语义判断。请补充该称谓的具体职责及限定词含义。	current_rationale:该岗位属于一般服务、日常工种、小型经营、家庭身份或其他非四类核心职能，归入 Other。
batch_2_review.tsv	1430	Shock jock	Culture	Culture	rationale_specificity	保留该行现有类别作为暂定判断，但此依据只是 L1 类别通用模板，没有写出该完整职业的实际职责，无法证明这项逐行语义判断。请补充该称谓的具体职责及限定词含义。	current_rationale:该岗位通过创作、演出、编辑、制作或传播文化内容完成工作，归入 Culture。
batch_2_review.tsv	1437	Lord Chamberlain	Leadership	Leadership	rationale_specificity	保留该行现有类别作为暂定判断，但此依据只是 L1 类别通用模板，没有写出该完整职业的实际职责，无法证明这项逐行语义判断。请补充该称谓的具体职责及限定词含义。	current_rationale:该岗位履行治理、司法、军事指挥、宗教权威或组织/商业管理职责，归入 Leadership。
batch_2_review.tsv	1441	Crewman	Other	Other	rationale_specificity	保留该行现有类别作为暂定判断，但此依据只是 L1 类别通用模板，没有写出该完整职业的实际职责，无法证明这项逐行语义判断。请补充该称谓的具体职责及限定词含义。	current_rationale:该岗位属于一般服务、日常工种、小型经营、家庭身份或其他非四类核心职能，归入 Other。
batch_2_review.tsv	1444	Vice admiral	Leadership	Leadership	rationale_specificity	保留该行现有类别作为暂定判断，但此依据只是 L1 类别通用模板，没有写出该完整职业的实际职责，无法证明这项逐行语义判断。请补充该称谓的具体职责及限定词含义。	current_rationale:该岗位履行治理、司法、军事指挥、宗教权威或组织/商业管理职责，归入 Leadership。
batch_2_review.tsv	1448	Basketball Official	Sports/Games	Sports/Games	rationale_specificity	保留该行现有类别作为暂定判断，但此依据只是 L1 类别通用模板，没有写出该完整职业的实际职责，无法证明这项逐行语义判断。请补充该称谓的具体职责及限定词含义。	current_rationale:该岗位直接参与竞技项目、竞赛组织、体育训练/裁判或游戏活动，归入 Sports/Games。
batch_2_review.tsv	1452	Physical Training Instructor	Sports/Games	Sports/Games	rationale_specificity	保留该行现有类别作为暂定判断，但此依据只是 L1 类别通用模板，没有写出该完整职业的实际职责，无法证明这项逐行语义判断。请补充该称谓的具体职责及限定词含义。	current_rationale:该岗位直接参与竞技项目、竞赛组织、体育训练/裁判或游戏活动，归入 Sports/Games。
batch_2_review.tsv	1456	Stunt Assistant	Culture	Culture	rationale_specificity	保留该行现有类别作为暂定判断，但此依据只是 L1 类别通用模板，没有写出该完整职业的实际职责，无法证明这项逐行语义判断。请补充该称谓的具体职责及限定词含义。	current_rationale:该岗位通过创作、演出、编辑、制作或传播文化内容完成工作，归入 Culture。
batch_2_review.tsv	1459	Barista	Other	Other	rationale_specificity	保留该行现有类别作为暂定判断，但此依据只是 L1 类别通用模板，没有写出该完整职业的实际职责，无法证明这项逐行语义判断。请补充该称谓的具体职责及限定词含义。	current_rationale:该岗位属于一般服务、日常工种、小型经营、家庭身份或其他非四类核心职能，归入 Other。
batch_2_review.tsv	1465	Attaché	Leadership	Leadership	rationale_specificity	保留该行现有类别作为暂定判断，但此依据只是 L1 类别通用模板，没有写出该完整职业的实际职责，无法证明这项逐行语义判断。请补充该称谓的具体职责及限定词含义。	current_rationale:该岗位履行治理、司法、军事指挥、宗教权威或组织/商业管理职责，归入 Leadership。
batch_2_review.tsv	1468	School counselor	Discovery/Science	Discovery/Science	rationale_specificity	保留该行现有类别作为暂定判断，但此依据只是 L1 类别通用模板，没有写出该完整职业的实际职责，无法证明这项逐行语义判断。请补充该称谓的具体职责及限定词含义。	current_rationale:该岗位以专业研究、教学、医疗服务或技术开发为核心，属于知识与科学专业职能。
batch_2_review.tsv	1475	Hospital Attendant	Other	Other	rationale_specificity	保留该行现有类别作为暂定判断，但此依据只是 L1 类别通用模板，没有写出该完整职业的实际职责，无法证明这项逐行语义判断。请补充该称谓的具体职责及限定词含义。	current_rationale:该岗位属于一般服务、日常工种、小型经营、家庭身份或其他非四类核心职能，归入 Other。
batch_2_review.tsv	1479	Rock Musician	Culture	Culture	rationale_specificity	保留该行现有类别作为暂定判断，但此依据只是 L1 类别通用模板，没有写出该完整职业的实际职责，无法证明这项逐行语义判断。请补充该称谓的具体职责及限定词含义。	current_rationale:该岗位通过创作、演出、编辑、制作或传播文化内容完成工作，归入 Culture。
batch_2_review.tsv	1482	Custodian	Other	Other	rationale_specificity	保留该行现有类别作为暂定判断，但此依据只是 L1 类别通用模板，没有写出该完整职业的实际职责，无法证明这项逐行语义判断。请补充该称谓的具体职责及限定词含义。	current_rationale:该岗位属于一般服务、日常工种、小型经营、家庭身份或其他非四类核心职能，归入 Other。
batch_2_review.tsv	1486	Wardrobe Assistant	Culture	Culture	rationale_specificity	保留该行现有类别作为暂定判断，但此依据只是 L1 类别通用模板，没有写出该完整职业的实际职责，无法证明这项逐行语义判断。请补充该称谓的具体职责及限定词含义。	current_rationale:该岗位通过创作、演出、编辑、制作或传播文化内容完成工作，归入 Culture。
batch_2_review.tsv	1493	Set Painter	Culture	Culture	rationale_specificity	保留该行现有类别作为暂定判断，但此依据只是 L1 类别通用模板，没有写出该完整职业的实际职责，无法证明这项逐行语义判断。请补充该称谓的具体职责及限定词含义。	current_rationale:该岗位通过创作、演出、编辑、制作或传播文化内容完成工作，归入 Culture。
batch_2_review.tsv	1496	Australian rules football coach	Sports/Games	Sports/Games	rationale_specificity	保留该行现有类别作为暂定判断，但此依据只是 L1 类别通用模板，没有写出该完整职业的实际职责，无法证明这项逐行语义判断。请补充该称谓的具体职责及限定词含义。	current_rationale:该岗位直接参与竞技项目、竞赛组织、体育训练/裁判或游戏活动，归入 Sports/Games。
batch_2_review.tsv	1501	Federal judge	Leadership	Leadership	rationale_specificity	保留该行现有类别作为暂定判断，但此依据只是 L1 类别通用模板，没有写出该完整职业的实际职责，无法证明这项逐行语义判断。请补充该称谓的具体职责及限定词含义。	current_rationale:该岗位履行治理、司法、军事指挥、宗教权威或组织/商业管理职责，归入 Leadership。
batch_2_review.tsv	1504	Professor of Elocution	Culture	Culture	rationale_specificity	保留该行现有类别作为暂定判断，但此依据只是 L1 类别通用模板，没有写出该完整职业的实际职责，无法证明这项逐行语义判断。请补充该称谓的具体职责及限定词含义。	current_rationale:该岗位通过创作、演出、编辑、制作或传播文化内容完成工作，归入 Culture。
batch_2_review.tsv	1508	Epistemologist	Discovery/Science	Discovery/Science	rationale_specificity	保留该行现有类别作为暂定判断，但此依据只是 L1 类别通用模板，没有写出该完整职业的实际职责，无法证明这项逐行语义判断。请补充该称谓的具体职责及限定词含义。	current_rationale:该岗位以专业研究、教学、医疗服务或技术开发为核心，属于知识与科学专业职能。
batch_2_review.tsv	1516	Information security	Discovery/Science	Discovery/Science	rationale_specificity	保留该行现有类别作为暂定判断，但此依据只是 L1 类别通用模板，没有写出该完整职业的实际职责，无法证明这项逐行语义判断。请补充该称谓的具体职责及限定词含义。	current_rationale:该岗位以专业研究、教学、医疗服务或技术开发为核心，属于知识与科学专业职能。
batch_2_review.tsv	1519	Mayor of Montazels	Leadership	Leadership	rationale_specificity	保留该行现有类别作为暂定判断，但此依据只是 L1 类别通用模板，没有写出该完整职业的实际职责，无法证明这项逐行语义判断。请补充该称谓的具体职责及限定词含义。	current_rationale:该岗位履行治理、司法、军事指挥、宗教权威或组织/商业管理职责，归入 Leadership。
batch_2_review.tsv	1523	Neuroscience	Discovery/Science	Discovery/Science	rationale_specificity	保留该行现有类别作为暂定判断，但此依据只是 L1 类别通用模板，没有写出该完整职业的实际职责，无法证明这项逐行语义判断。请补充该称谓的具体职责及限定词含义。	current_rationale:该岗位以专业研究、教学、医疗服务或技术开发为核心，属于知识与科学专业职能。
batch_2_review.tsv	1527	Economic historian	Discovery/Science	Discovery/Science	rationale_specificity	保留该行现有类别作为暂定判断，但此依据只是 L1 类别通用模板，没有写出该完整职业的实际职责，无法证明这项逐行语义判断。请补充该称谓的具体职责及限定词含义。	current_rationale:该岗位以专业研究、教学、医疗服务或技术开发为核心，属于知识与科学专业职能。
batch_2_review.tsv	1530	Vocal Arranger	Culture	Culture	rationale_specificity	保留该行现有类别作为暂定判断，但此依据只是 L1 类别通用模板，没有写出该完整职业的实际职责，无法证明这项逐行语义判断。请补充该称谓的具体职责及限定词含义。	current_rationale:该岗位通过创作、演出、编辑、制作或传播文化内容完成工作，归入 Culture。
batch_2_review.tsv	1535	Air Force Officer	Leadership	Leadership	rationale_specificity	保留该行现有类别作为暂定判断，但此依据只是 L1 类别通用模板，没有写出该完整职业的实际职责，无法证明这项逐行语义判断。请补充该称谓的具体职责及限定词含义。	current_rationale:该岗位履行治理、司法、军事指挥、宗教权威或组织/商业管理职责，归入 Leadership。
batch_2_review.tsv	1538	Bonesetter	Discovery/Science	Discovery/Science	rationale_specificity	保留该行现有类别作为暂定判断，但此依据只是 L1 类别通用模板，没有写出该完整职业的实际职责，无法证明这项逐行语义判断。请补充该称谓的具体职责及限定词含义。	current_rationale:该岗位以专业研究、教学、医疗服务或技术开发为核心，属于知识与科学专业职能。
batch_2_review.tsv	1541	Artillery Officer	Leadership	Leadership	rationale_specificity	保留该行现有类别作为暂定判断，但此依据只是 L1 类别通用模板，没有写出该完整职业的实际职责，无法证明这项逐行语义判断。请补充该称谓的具体职责及限定词含义。	current_rationale:该岗位履行治理、司法、军事指挥、宗教权威或组织/商业管理职责，归入 Leadership。
batch_2_review.tsv	1547	Music Collector	Culture	Culture	rationale_specificity	保留该行现有类别作为暂定判断，但此依据只是 L1 类别通用模板，没有写出该完整职业的实际职责，无法证明这项逐行语义判断。请补充该称谓的具体职责及限定词含义。	current_rationale:该岗位通过创作、演出、编辑、制作或传播文化内容完成工作，归入 Culture。
batch_2_review.tsv	1551	Secret police	Leadership	Leadership	rationale_specificity	保留该行现有类别作为暂定判断，但此依据只是 L1 类别通用模板，没有写出该完整职业的实际职责，无法证明这项逐行语义判断。请补充该称谓的具体职责及限定词含义。	current_rationale:该岗位履行治理、司法、军事指挥、宗教权威或组织/商业管理职责，归入 Leadership。
batch_2_review.tsv	1554	Quantum chemist	Discovery/Science	Discovery/Science	rationale_specificity	保留该行现有类别作为暂定判断，但此依据只是 L1 类别通用模板，没有写出该完整职业的实际职责，无法证明这项逐行语义判断。请补充该称谓的具体职责及限定词含义。	current_rationale:该岗位以专业研究、教学、医疗服务或技术开发为核心，属于知识与科学专业职能。
batch_2_review.tsv	1557	Military police	Leadership	Leadership	rationale_specificity	保留该行现有类别作为暂定判断，但此依据只是 L1 类别通用模板，没有写出该完整职业的实际职责，无法证明这项逐行语义判断。请补充该称谓的具体职责及限定词含义。	current_rationale:该岗位履行治理、司法、军事指挥、宗教权威或组织/商业管理职责，归入 Leadership。
batch_2_review.tsv	1561	Assistant Teacher	Discovery/Science	Discovery/Science	rationale_specificity	保留该行现有类别作为暂定判断，但此依据只是 L1 类别通用模板，没有写出该完整职业的实际职责，无法证明这项逐行语义判断。请补充该称谓的具体职责及限定词含义。	current_rationale:该岗位以专业研究、教学、医疗服务或技术开发为核心，属于知识与科学专业职能。
batch_2_review.tsv	1565	Dispatcher	Other	Other	rationale_specificity	保留该行现有类别作为暂定判断，但此依据只是 L1 类别通用模板，没有写出该完整职业的实际职责，无法证明这项逐行语义判断。请补充该称谓的具体职责及限定词含义。	current_rationale:该岗位属于一般服务、日常工种、小型经营、家庭身份或其他非四类核心职能，归入 Other。
batch_2_review.tsv	1569	Politician & Trade Unionist	Leadership	Leadership	rationale_specificity	保留该行现有类别作为暂定判断，但此依据只是 L1 类别通用模板，没有写出该完整职业的实际职责，无法证明这项逐行语义判断。请补充该称谓的具体职责及限定词含义。	current_rationale:该岗位履行治理、司法、军事指挥、宗教权威或组织/商业管理职责，归入 Leadership。
batch_2_review.tsv	1578	Molecular Geneticist	Discovery/Science	Discovery/Science	rationale_specificity	保留该行现有类别作为暂定判断，但此依据只是 L1 类别通用模板，没有写出该完整职业的实际职责，无法证明这项逐行语义判断。请补充该称谓的具体职责及限定词含义。	current_rationale:该岗位以专业研究、教学、医疗服务或技术开发为核心，属于知识与科学专业职能。
batch_2_review.tsv	1581	Information technology management	Leadership	Leadership	rationale_specificity	保留该行现有类别作为暂定判断，但此依据只是 L1 类别通用模板，没有写出该完整职业的实际职责，无法证明这项逐行语义判断。请补充该称谓的具体职责及限定词含义。	current_rationale:该岗位履行治理、司法、军事指挥、宗教权威或组织/商业管理职责，归入 Leadership。
batch_2_review.tsv	1584	Ghost singer	Culture	Culture	rationale_specificity	保留该行现有类别作为暂定判断，但此依据只是 L1 类别通用模板，没有写出该完整职业的实际职责，无法证明这项逐行语义判断。请补充该称谓的具体职责及限定词含义。	current_rationale:该岗位通过创作、演出、编辑、制作或传播文化内容完成工作，归入 Culture。
batch_2_review.tsv	1587	Electronics technician	Discovery/Science	Discovery/Science	rationale_specificity	保留该行现有类别作为暂定判断，但此依据只是 L1 类别通用模板，没有写出该完整职业的实际职责，无法证明这项逐行语义判断。请补充该称谓的具体职责及限定词含义。	current_rationale:该岗位以专业研究、教学、医疗服务或技术开发为核心，属于知识与科学专业职能。
batch_2_review.tsv	1590	Special Education Teacher	Discovery/Science	Discovery/Science	rationale_specificity	保留该行现有类别作为暂定判断，但此依据只是 L1 类别通用模板，没有写出该完整职业的实际职责，无法证明这项逐行语义判断。请补充该称谓的具体职责及限定词含义。	current_rationale:该岗位以专业研究、教学、医疗服务或技术开发为核心，属于知识与科学专业职能。
batch_2_review.tsv	1593	media & culture scientist	Discovery/Science	Discovery/Science	rationale_specificity	保留该行现有类别作为暂定判断，但此依据只是 L1 类别通用模板，没有写出该完整职业的实际职责，无法证明这项逐行语义判断。请补充该称谓的具体职责及限定词含义。	current_rationale:该岗位以专业研究、教学、医疗服务或技术开发为核心，属于知识与科学专业职能。
batch_2_review.tsv	1600	Waste collector	Other	Other	rationale_specificity	保留该行现有类别作为暂定判断，但此依据只是 L1 类别通用模板，没有写出该完整职业的实际职责，无法证明这项逐行语义判断。请补充该称谓的具体职责及限定词含义。	current_rationale:该岗位属于一般服务、日常工种、小型经营、家庭身份或其他非四类核心职能，归入 Other。
batch_2_review.tsv	1603	Professor of Ancient Greek History and Classical Studies	Discovery/Science	Discovery/Science	rationale_specificity	保留该行现有类别作为暂定判断，但此依据只是 L1 类别通用模板，没有写出该完整职业的实际职责，无法证明这项逐行语义判断。请补充该称谓的具体职责及限定词含义。	current_rationale:该岗位以专业研究、教学、医疗服务或技术开发为核心，属于知识与科学专业职能。
batch_2_review.tsv	1606	Video editor	Culture	Culture	rationale_specificity	保留该行现有类别作为暂定判断，但此依据只是 L1 类别通用模板，没有写出该完整职业的实际职责，无法证明这项逐行语义判断。请补充该称谓的具体职责及限定词含义。	current_rationale:该岗位通过创作、演出、编辑、制作或传播文化内容完成工作，归入 Culture。
batch_2_review.tsv	1609	Character Modeler	Culture	Culture	rationale_specificity	保留该行现有类别作为暂定判断，但此依据只是 L1 类别通用模板，没有写出该完整职业的实际职责，无法证明这项逐行语义判断。请补充该称谓的具体职责及限定词含义。	current_rationale:该岗位通过创作、演出、编辑、制作或传播文化内容完成工作，归入 Culture。
batch_2_review.tsv	1612	County court bailiff	Leadership	Leadership	rationale_specificity	保留该行现有类别作为暂定判断，但此依据只是 L1 类别通用模板，没有写出该完整职业的实际职责，无法证明这项逐行语义判断。请补充该称谓的具体职责及限定词含义。	current_rationale:该岗位履行治理、司法、军事指挥、宗教权威或组织/商业管理职责，归入 Leadership。
batch_2_review.tsv	1615	Dramaturgist	Culture	Culture	rationale_specificity	保留该行现有类别作为暂定判断，但此依据只是 L1 类别通用模板，没有写出该完整职业的实际职责，无法证明这项逐行语义判断。请补充该称谓的具体职责及限定词含义。	current_rationale:该岗位通过创作、演出、编辑、制作或传播文化内容完成工作，归入 Culture。
batch_2_review.tsv	1622	Philosopher of Science	Discovery/Science	Discovery/Science	rationale_specificity	保留该行现有类别作为暂定判断，但此依据只是 L1 类别通用模板，没有写出该完整职业的实际职责，无法证明这项逐行语义判断。请补充该称谓的具体职责及限定词含义。	current_rationale:该岗位以专业研究、教学、医疗服务或技术开发为核心，属于知识与科学专业职能。
batch_2_review.tsv	1625	Professor of Malayalam	Discovery/Science	Discovery/Science	rationale_specificity	保留该行现有类别作为暂定判断，但此依据只是 L1 类别通用模板，没有写出该完整职业的实际职责，无法证明这项逐行语义判断。请补充该称谓的具体职责及限定词含义。	current_rationale:该岗位以专业研究、教学、医疗服务或技术开发为核心，属于知识与科学专业职能。
batch_2_review.tsv	1628	Diving instructor	Sports/Games	Sports/Games	rationale_specificity	保留该行现有类别作为暂定判断，但此依据只是 L1 类别通用模板，没有写出该完整职业的实际职责，无法证明这项逐行语义判断。请补充该称谓的具体职责及限定词含义。	current_rationale:该岗位直接参与竞技项目、竞赛组织、体育训练/裁判或游戏活动，归入 Sports/Games。
batch_2_review.tsv	1631	ADR Editor	Culture	Culture	rationale_specificity	保留该行现有类别作为暂定判断，但此依据只是 L1 类别通用模板，没有写出该完整职业的实际职责，无法证明这项逐行语义判断。请补充该称谓的具体职责及限定词含义。	current_rationale:该岗位通过创作、演出、编辑、制作或传播文化内容完成工作，归入 Culture。
batch_2_review.tsv	1634	Make-up artist	Culture	Culture	rationale_specificity	保留该行现有类别作为暂定判断，但此依据只是 L1 类别通用模板，没有写出该完整职业的实际职责，无法证明这项逐行语义判断。请补充该称谓的具体职责及限定词含义。	current_rationale:该岗位通过创作、演出、编辑、制作或传播文化内容完成工作，归入 Culture。
batch_2_review.tsv	1643	Bank manager	Leadership	Leadership	rationale_specificity	保留该行现有类别作为暂定判断，但此依据只是 L1 类别通用模板，没有写出该完整职业的实际职责，无法证明这项逐行语义判断。请补充该称谓的具体职责及限定词含义。	current_rationale:该岗位履行治理、司法、军事指挥、宗教权威或组织/商业管理职责，归入 Leadership。
batch_2_review.tsv	1646	Population Biologist	Discovery/Science	Discovery/Science	rationale_specificity	保留该行现有类别作为暂定判断，但此依据只是 L1 类别通用模板，没有写出该完整职业的实际职责，无法证明这项逐行语义判断。请补充该称谓的具体职责及限定词含义。	current_rationale:该岗位以专业研究、教学、医疗服务或技术开发为核心，属于知识与科学专业职能。
batch_2_review.tsv	1649	Water Conservation Specialist	Discovery/Science	Discovery/Science	rationale_specificity	保留该行现有类别作为暂定判断，但此依据只是 L1 类别通用模板，没有写出该完整职业的实际职责，无法证明这项逐行语义判断。请补充该称谓的具体职责及限定词含义。	current_rationale:该岗位以专业研究、教学、医疗服务或技术开发为核心，属于知识与科学专业职能。
batch_2_review.tsv	1652	Pub Owner	Other	Other	rationale_specificity	保留该行现有类别作为暂定判断，但此依据只是 L1 类别通用模板，没有写出该完整职业的实际职责，无法证明这项逐行语义判断。请补充该称谓的具体职责及限定词含义。	current_rationale:该岗位属于一般服务、日常工种、小型经营、家庭身份或其他非四类核心职能，归入 Other。
batch_2_review.tsv	1655	Receiver general	Leadership	Leadership	rationale_specificity	保留该行现有类别作为暂定判断，但此依据只是 L1 类别通用模板，没有写出该完整职业的实际职责，无法证明这项逐行语义判断。请补充该称谓的具体职责及限定词含义。	current_rationale:该岗位履行治理、司法、军事指挥、宗教权威或组织/商业管理职责，归入 Leadership。
batch_2_review.tsv	1659	Park ranger	Other	Other	rationale_specificity	保留该行现有类别作为暂定判断，但此依据只是 L1 类别通用模板，没有写出该完整职业的实际职责，无法证明这项逐行语义判断。请补充该称谓的具体职责及限定词含义。	current_rationale:该岗位属于一般服务、日常工种、小型经营、家庭身份或其他非四类核心职能，归入 Other。
batch_2_review.tsv	1662	Plastic arts	Culture	Culture	rationale_specificity	保留该行现有类别作为暂定判断，但此依据只是 L1 类别通用模板，没有写出该完整职业的实际职责，无法证明这项逐行语义判断。请补充该称谓的具体职责及限定词含义。	current_rationale:该岗位通过创作、演出、编辑、制作或传播文化内容完成工作，归入 Culture。
batch_2_review.tsv	1665	Kathak Dancer	Culture	Culture	rationale_specificity	保留该行现有类别作为暂定判断，但此依据只是 L1 类别通用模板，没有写出该完整职业的实际职责，无法证明这项逐行语义判断。请补充该称谓的具体职责及限定词含义。	current_rationale:该岗位通过创作、演出、编辑、制作或传播文化内容完成工作，归入 Culture。
batch_2_review.tsv	1668	Legal nurse consultant	Discovery/Science	Discovery/Science	rationale_specificity	保留该行现有类别作为暂定判断，但此依据只是 L1 类别通用模板，没有写出该完整职业的实际职责，无法证明这项逐行语义判断。请补充该称谓的具体职责及限定词含义。	current_rationale:该岗位以专业研究、教学、医疗服务或技术开发为核心，属于知识与科学专业职能。
batch_2_review.tsv	1671	Atmospheric scientist	Discovery/Science	Discovery/Science	rationale_specificity	保留该行现有类别作为暂定判断，但此依据只是 L1 类别通用模板，没有写出该完整职业的实际职责，无法证明这项逐行语义判断。请补充该称谓的具体职责及限定词含义。	current_rationale:该岗位以专业研究、教学、医疗服务或技术开发为核心，属于知识与科学专业职能。
batch_2_review.tsv	1675	Curriculum Director	Discovery/Science	Discovery/Science	rationale_specificity	保留该行现有类别作为暂定判断，但此依据只是 L1 类别通用模板，没有写出该完整职业的实际职责，无法证明这项逐行语义判断。请补充该称谓的具体职责及限定词含义。	current_rationale:该岗位以专业研究、教学、医疗服务或技术开发为核心，属于知识与科学专业职能。
batch_2_review.tsv	1682	Sociologist of Science	Discovery/Science	Discovery/Science	rationale_specificity	保留该行现有类别作为暂定判断，但此依据只是 L1 类别通用模板，没有写出该完整职业的实际职责，无法证明这项逐行语义判断。请补充该称谓的具体职责及限定词含义。	current_rationale:该岗位以专业研究、教学、医疗服务或技术开发为核心，属于知识与科学专业职能。
batch_2_review.tsv	1708	Medical technologist	Discovery/Science	Discovery/Science	rationale_specificity	保留该行现有类别作为暂定判断，但此依据只是 L1 类别通用模板，没有写出该完整职业的实际职责，无法证明这项逐行语义判断。请补充该称谓的具体职责及限定词含义。	current_rationale:该岗位以专业研究、教学、医疗服务或技术开发为核心，属于知识与科学专业职能。
batch_2_review.tsv	1712	On-set Dresser	Culture	Culture	rationale_specificity	保留该行现有类别作为暂定判断，但此依据只是 L1 类别通用模板，没有写出该完整职业的实际职责，无法证明这项逐行语义判断。请补充该称谓的具体职责及限定词含义。	current_rationale:该岗位通过创作、演出、编辑、制作或传播文化内容完成工作，归入 Culture。
batch_2_review.tsv	1715	Computer Tech	Discovery/Science	Discovery/Science	rationale_specificity	保留该行现有类别作为暂定判断，但此依据只是 L1 类别通用模板，没有写出该完整职业的实际职责，无法证明这项逐行语义判断。请补充该称谓的具体职责及限定词含义。	current_rationale:该岗位以专业研究、教学、医疗服务或技术开发为核心，属于知识与科学专业职能。
batch_2_review.tsv	1721	Nude model	Culture	Culture	rationale_specificity	保留该行现有类别作为暂定判断，但此依据只是 L1 类别通用模板，没有写出该完整职业的实际职责，无法证明这项逐行语义判断。请补充该称谓的具体职责及限定词含义。	current_rationale:该岗位通过创作、演出、编辑、制作或传播文化内容完成工作，归入 Culture。
batch_2_review.tsv	1730	Oficer-Major of King Zog  I	Leadership	Leadership	rationale_specificity	保留该行现有类别作为暂定判断，但此依据只是 L1 类别通用模板，没有写出该完整职业的实际职责，无法证明这项逐行语义判断。请补充该称谓的具体职责及限定词含义。	current_rationale:该岗位履行治理、司法、军事指挥、宗教权威或组织/商业管理职责，归入 Leadership。
batch_2_review.tsv	1733	Solicitor advocate	Leadership	Leadership	rationale_specificity	保留该行现有类别作为暂定判断，但此依据只是 L1 类别通用模板，没有写出该完整职业的实际职责，无法证明这项逐行语义判断。请补充该称谓的具体职责及限定词含义。	current_rationale:该岗位履行治理、司法、军事指挥、宗教权威或组织/商业管理职责，归入 Leadership。
batch_2_review.tsv	1736	CG Artist	Culture	Culture	rationale_specificity	保留该行现有类别作为暂定判断，但此依据只是 L1 类别通用模板，没有写出该完整职业的实际职责，无法证明这项逐行语义判断。请补充该称谓的具体职责及限定词含义。	current_rationale:该岗位通过创作、演出、编辑、制作或传播文化内容完成工作，归入 Culture。
batch_2_review.tsv	1739	Salsa Dancer	Culture	Culture	rationale_specificity	保留该行现有类别作为暂定判断，但此依据只是 L1 类别通用模板，没有写出该完整职业的实际职责，无法证明这项逐行语义判断。请补充该称谓的具体职责及限定词含义。	current_rationale:该岗位通过创作、演出、编辑、制作或传播文化内容完成工作，归入 Culture。
batch_2_review.tsv	1743	Singer/Songwriter/Producer/Filmmaker	Culture	Culture	rationale_specificity	保留该行现有类别作为暂定判断，但此依据只是 L1 类别通用模板，没有写出该完整职业的实际职责，无法证明这项逐行语义判断。请补充该称谓的具体职责及限定词含义。	current_rationale:该岗位通过创作、演出、编辑、制作或传播文化内容完成工作，归入 Culture。
batch_2_review.tsv	1747	Founder/President T. Mellon & Sons Bank	Leadership	Leadership	rationale_specificity	保留该行现有类别作为暂定判断，但此依据只是 L1 类别通用模板，没有写出该完整职业的实际职责，无法证明这项逐行语义判断。请补充该称谓的具体职责及限定词含义。	current_rationale:该岗位履行治理、司法、军事指挥、宗教权威或组织/商业管理职责，归入 Leadership。
batch_2_review.tsv	1755	Outreach worker	Other	Other	rationale_specificity	保留该行现有类别作为暂定判断，但此依据只是 L1 类别通用模板，没有写出该完整职业的实际职责，无法证明这项逐行语义判断。请补充该称谓的具体职责及限定词含义。	current_rationale:该岗位属于一般服务、日常工种、小型经营、家庭身份或其他非四类核心职能，归入 Other。
batch_2_review.tsv	1758	Divemaster	Sports/Games	Sports/Games	rationale_specificity	保留该行现有类别作为暂定判断，但此依据只是 L1 类别通用模板，没有写出该完整职业的实际职责，无法证明这项逐行语义判断。请补充该称谓的具体职责及限定词含义。	current_rationale:该岗位直接参与竞技项目、竞赛组织、体育训练/裁判或游戏活动，归入 Sports/Games。
batch_2_review.tsv	1761	Central Intelligence Agency Officer	Leadership	Leadership	rationale_specificity	保留该行现有类别作为暂定判断，但此依据只是 L1 类别通用模板，没有写出该完整职业的实际职责，无法证明这项逐行语义判断。请补充该称谓的具体职责及限定词含义。	current_rationale:该岗位履行治理、司法、军事指挥、宗教权威或组织/商业管理职责，归入 Leadership。
batch_2_review.tsv	1764	Nature Historian	Discovery/Science	Discovery/Science	rationale_specificity	保留该行现有类别作为暂定判断，但此依据只是 L1 类别通用模板，没有写出该完整职业的实际职责，无法证明这项逐行语义判断。请补充该称谓的具体职责及限定词含义。	current_rationale:该岗位以专业研究、教学、医疗服务或技术开发为核心，属于知识与科学专业职能。
batch_2_review.tsv	1770	Nurse anesthetist	Discovery/Science	Discovery/Science	rationale_specificity	保留该行现有类别作为暂定判断，但此依据只是 L1 类别通用模板，没有写出该完整职业的实际职责，无法证明这项逐行语义判断。请补充该称谓的具体职责及限定词含义。	current_rationale:该岗位以专业研究、教学、医疗服务或技术开发为核心，属于知识与科学专业职能。
batch_2_review.tsv	1774	Hydrogeologist	Discovery/Science	Discovery/Science	rationale_specificity	保留该行现有类别作为暂定判断，但此依据只是 L1 类别通用模板，没有写出该完整职业的实际职责，无法证明这项逐行语义判断。请补充该称谓的具体职责及限定词含义。	current_rationale:该岗位以专业研究、教学、医疗服务或技术开发为核心，属于知识与科学专业职能。
batch_2_review.tsv	1777	Rocket scientist	Discovery/Science	Discovery/Science	rationale_specificity	保留该行现有类别作为暂定判断，但此依据只是 L1 类别通用模板，没有写出该完整职业的实际职责，无法证明这项逐行语义判断。请补充该称谓的具体职责及限定词含义。	current_rationale:该岗位以专业研究、教学、医疗服务或技术开发为核心，属于知识与科学专业职能。
batch_2_review.tsv	1780	Puzzle designer	Sports/Games	Sports/Games	rationale_specificity	保留该行现有类别作为暂定判断，但此依据只是 L1 类别通用模板，没有写出该完整职业的实际职责，无法证明这项逐行语义判断。请补充该称谓的具体职责及限定词含义。	current_rationale:该岗位直接参与竞技项目、竞赛组织、体育训练/裁判或游戏活动，归入 Sports/Games。
batch_2_review.tsv	1784	Palaeontologist (Profession) #1	Discovery/Science	Discovery/Science	rationale_specificity	保留该行现有类别作为暂定判断，但此依据只是 L1 类别通用模板，没有写出该完整职业的实际职责，无法证明这项逐行语义判断。请补充该称谓的具体职责及限定词含义。	current_rationale:该岗位以专业研究、教学、医疗服务或技术开发为核心，属于知识与科学专业职能。
batch_2_review.tsv	1788	Peddler	Other	Other	rationale_specificity	保留该行现有类别作为暂定判断，但此依据只是 L1 类别通用模板，没有写出该完整职业的实际职责，无法证明这项逐行语义判断。请补充该称谓的具体职责及限定词含义。	current_rationale:该岗位属于一般服务、日常工种、小型经营、家庭身份或其他非四类核心职能，归入 Other。
batch_2_review.tsv	1792	Gunslinger	Other	Other	rationale_specificity	保留该行现有类别作为暂定判断，但此依据只是 L1 类别通用模板，没有写出该完整职业的实际职责，无法证明这项逐行语义判断。请补充该称谓的具体职责及限定词含义。	current_rationale:该岗位属于一般服务、日常工种、小型经营、家庭身份或其他非四类核心职能，归入 Other。
batch_2_review.tsv	1795	Goatherd	Other	Other	rationale_specificity	保留该行现有类别作为暂定判断，但此依据只是 L1 类别通用模板，没有写出该完整职业的实际职责，无法证明这项逐行语义判断。请补充该称谓的具体职责及限定词含义。	current_rationale:该岗位属于一般服务、日常工种、小型经营、家庭身份或其他非四类核心职能，归入 Other。
batch_2_review.tsv	1798	Audio Dramatist	Culture	Culture	rationale_specificity	保留该行现有类别作为暂定判断，但此依据只是 L1 类别通用模板，没有写出该完整职业的实际职责，无法证明这项逐行语义判断。请补充该称谓的具体职责及限定词含义。	current_rationale:该岗位通过创作、演出、编辑、制作或传播文化内容完成工作，归入 Culture。
batch_2_review.tsv	1801	Slave Trader	Other	Other	rationale_specificity	保留该行现有类别作为暂定判断，但此依据只是 L1 类别通用模板，没有写出该完整职业的实际职责，无法证明这项逐行语义判断。请补充该称谓的具体职责及限定词含义。	current_rationale:该岗位属于一般服务、日常工种、小型经营、家庭身份或其他非四类核心职能，归入 Other。
batch_2_review.tsv	1804	Professional Artist	Culture	Culture	rationale_specificity	保留该行现有类别作为暂定判断，但此依据只是 L1 类别通用模板，没有写出该完整职业的实际职责，无法证明这项逐行语义判断。请补充该称谓的具体职责及限定词含义。	current_rationale:该岗位通过创作、演出、编辑、制作或传播文化内容完成工作，归入 Culture。
batch_2_review.tsv	1809	Web Application Developer	Discovery/Science	Discovery/Science	rationale_specificity	保留该行现有类别作为暂定判断，但此依据只是 L1 类别通用模板，没有写出该完整职业的实际职责，无法证明这项逐行语义判断。请补充该称谓的具体职责及限定词含义。	current_rationale:该岗位以专业研究、教学、医疗服务或技术开发为核心，属于知识与科学专业职能。
