rank	raw_value	semantic_level1	review_status	confidence	semantic_rationale	evidence	candidate_l1s_json	reviewer
7	Film director	Culture	resolved	high	该岗位通过创作、演出、编辑、制作或传播文化内容完成工作，归入 Culture。	occupation_meaning:该岗位通过创作、演出、编辑、制作或传播文化内容完成工作，归入 Culture。; author_role_analogy:author L1 Culture	"[""Culture""]"	bhht_semantic_batch_2
14	Businessperson	Leadership	resolved	high	该岗位履行治理、司法、军事指挥、宗教权威或组织/商业管理职责，归入 Leadership。	occupation_meaning:该岗位履行治理、司法、军事指挥、宗教权威或组织/商业管理职责，归入 Leadership。; author_role_analogy:author L1 Leadership	"[""Leadership""]"	bhht_semantic_batch_2
19	Television producer	Culture	resolved	high	该岗位通过创作、演出、编辑、制作或传播文化内容完成工作，归入 Culture。	occupation_meaning:该岗位通过创作、演出、编辑、制作或传播文化内容完成工作，归入 Culture。; author_role_analogy:author L1 Culture	"[""Culture""]"	bhht_semantic_batch_2
27	Television director	Culture	resolved	high	该岗位通过创作、演出、编辑、制作或传播文化内容完成工作，归入 Culture。	occupation_meaning:该岗位通过创作、演出、编辑、制作或传播文化内容完成工作，归入 Culture。; author_role_analogy:author L1 Culture	"[""Culture""]"	bhht_semantic_batch_2
36	Health professional	Discovery/Science	resolved	high	该岗位以专业研究、教学、医疗服务或技术开发为核心，属于知识与科学专业职能。	occupation_meaning:该岗位以专业研究、教学、医疗服务或技术开发为核心，属于知识与科学专业职能。; author_role_analogy:author L1 Discovery/Science	"[""Discovery/Science""]"	bhht_semantic_batch_2
43	Cameraman	Culture	resolved	high	该岗位通过创作、演出、编辑、制作或传播文化内容完成工作，归入 Culture。	occupation_meaning:该岗位通过创作、演出、编辑、制作或传播文化内容完成工作，归入 Culture。; author_role_analogy:author L1 Culture	"[""Culture""]"	bhht_semantic_batch_2
50	Music executive	Culture	resolved	medium	Music executive 管理唱片、艺人或音乐制作业务，职责处于音乐文化产业内部，按专门文化产业职能归 Culture。	occupation_meaning:Music executive 管理唱片、艺人或音乐制作业务，职责处于音乐文化产业内部，按专门文化产业职能归 Culture。; author_role_analogy:author L1 Culture	"[""Culture""]"	bhht_semantic_batch_2
61	Official		needs_context	low	“Official”只表示某种正式职务或身份，未说明是政府、体育、企业还是其他机构，缺少岗位语境。	occupation_meaning:原值只给出泛称、资格、身份或无法确认的文本，需补充具体职责/语境。	"[""Leadership"",""Sports/Games"",""Other""]"	bhht_semantic_batch_2
68	Religious Leader (Religious Leadership Title)	Leadership	resolved	high	宗教领袖承担宗教共同体的权威与指导职责，按作者宗教领导类别归入 Leadership。	occupation_meaning:宗教领袖承担宗教共同体的权威与指导职责，按作者宗教领导类别归入 Leadership。; author_role_analogy:author L1 Leadership	"[""Leadership""]"	bhht_semantic_batch_2
79	Pornographic film actor	Culture	resolved	high	该岗位通过创作、演出、编辑、制作或传播文化内容完成工作，归入 Culture。	occupation_meaning:该岗位通过创作、演出、编辑、制作或传播文化内容完成工作，归入 Culture。; author_role_analogy:author L1 Culture	"[""Culture""]"	bhht_semantic_batch_2
86	Basketball Player	Sports/Games	resolved	high	该岗位直接参与竞技项目、竞赛组织、体育训练/裁判或游戏活动，归入 Sports/Games。	occupation_meaning:该岗位直接参与竞技项目、竞赛组织、体育训练/裁判或游戏活动，归入 Sports/Games。; author_role_analogy:author L1 Sports/Games	"[""Sports/Games""]"	bhht_semantic_batch_2
89	Military Officer	Leadership	resolved	high	该岗位履行治理、司法、军事指挥、宗教权威或组织/商业管理职责，归入 Leadership。	occupation_meaning:该岗位履行治理、司法、军事指挥、宗教权威或组织/商业管理职责，归入 Leadership。; author_role_analogy:author L1 Leadership	"[""Leadership""]"	bhht_semantic_batch_2
97	TV Personality (Profession)	Culture	resolved	high	该岗位通过创作、演出、编辑、制作或传播文化内容完成工作，归入 Culture。	occupation_meaning:该岗位通过创作、演出、编辑、制作或传播文化内容完成工作，归入 Culture。; author_role_analogy:author L1 Culture	"[""Culture""]"	bhht_semantic_batch_2
104	Translator (Film job)	Culture	resolved	high	该岗位通过创作、演出、编辑、制作或传播文化内容完成工作，归入 Culture。	occupation_meaning:该岗位通过创作、演出、编辑、制作或传播文化内容完成工作，归入 Culture。; author_role_analogy:author L1 Culture	"[""Culture""]"	bhht_semantic_batch_2
111	Arranger	Culture	resolved	high	该岗位通过创作、演出、编辑、制作或传播文化内容完成工作，归入 Culture。	occupation_meaning:该岗位通过创作、演出、编辑、制作或传播文化内容完成工作，归入 Culture。; author_role_analogy:author L1 Culture	"[""Culture""]"	bhht_semantic_batch_2
117	Publisher (Editor title)	Culture	resolved	high	该岗位通过创作、演出、编辑、制作或传播文化内容完成工作，归入 Culture。	occupation_meaning:该岗位通过创作、演出、编辑、制作或传播文化内容完成工作，归入 Culture。; author_role_analogy:author L1 Culture	"[""Culture""]"	bhht_semantic_batch_2
124	Tennis player	Sports/Games	resolved	high	该岗位直接参与竞技项目、竞赛组织、体育训练/裁判或游戏活动，归入 Sports/Games。	occupation_meaning:该岗位直接参与竞技项目、竞赛组织、体育训练/裁判或游戏活动，归入 Sports/Games。; author_role_analogy:author L1 Sports/Games	"[""Sports/Games""]"	bhht_semantic_batch_2
130	Child Actor	Culture	resolved	high	该岗位通过创作、演出、编辑、制作或传播文化内容完成工作，归入 Culture。	occupation_meaning:该岗位通过创作、演出、编辑、制作或传播文化内容完成工作，归入 Culture。; author_role_analogy:author L1 Culture	"[""Culture""]"	bhht_semantic_batch_2
133	Television Editor	Culture	resolved	high	该岗位通过创作、演出、编辑、制作或传播文化内容完成工作，归入 Culture。	occupation_meaning:该岗位通过创作、演出、编辑、制作或传播文化内容完成工作，归入 Culture。; author_role_analogy:author L1 Culture	"[""Culture""]"	bhht_semantic_batch_2
140	Ballet Dancer	Culture	resolved	high	该岗位通过创作、演出、编辑、制作或传播文化内容完成工作，归入 Culture。	occupation_meaning:该岗位通过创作、演出、编辑、制作或传播文化内容完成工作，归入 Culture。; author_role_analogy:author L1 Culture	"[""Culture""]"	bhht_semantic_batch_2
146	Law enforcement officer	Leadership	resolved	high	该岗位履行治理、司法、军事指挥、宗教权威或组织/商业管理职责，归入 Leadership。	occupation_meaning:该岗位履行治理、司法、军事指挥、宗教权威或组织/商业管理职责，归入 Leadership。; author_role_analogy:author L1 Leadership	"[""Leadership""]"	bhht_semantic_batch_2
151	Opera singer	Culture	resolved	high	该岗位通过创作、演出、编辑、制作或传播文化内容完成工作，归入 Culture。	occupation_meaning:该岗位通过创作、演出、编辑、制作或传播文化内容完成工作，归入 Culture。; author_role_analogy:author L1 Culture	"[""Culture""]"	bhht_semantic_batch_2
156	Researcher	Discovery/Science	resolved	high	该岗位以专业研究、教学、医疗服务或技术开发为核心，属于知识与科学专业职能。	occupation_meaning:该岗位以专业研究、教学、医疗服务或技术开发为核心，属于知识与科学专业职能。; author_role_analogy:author L1 Discovery/Science	"[""Discovery/Science""]"	bhht_semantic_batch_2
165	Sports commentator	Culture	resolved	high	Sports commentator 通过播报和评论赛事向观众提供媒体内容，是体育媒体工作者而非运动员。	occupation_meaning:Sports commentator 通过播报和评论赛事向观众提供媒体内容，是体育媒体工作者而非运动员。; author_role_analogy:author L1 Culture	"[""Culture""]"	bhht_semantic_batch_2
173	Sales management	Leadership	resolved	high	销售管理负责规划销售目标、带领销售团队并监督业绩，属于组织管理职能。	occupation_meaning:销售管理负责规划销售目标、带领销售团队并监督业绩，属于组织管理职能。; author_role_analogy:author L1 Leadership	"[""Leadership""]"	bhht_semantic_batch_2
178	Real Estate Broker	Other	resolved	medium	房地产经纪人撮合买卖/租赁双方、评估并营销房产；作者同义职业 estate_agent / realtor / broker 属普通职业，归 Other。	occupation_meaning:房地产经纪人撮合买卖/租赁双方、评估并营销房产；作者同义职业 estate_agent / realtor / broker 属普通职业，归 Other。; author_role_analogy:author L1 Other	"[""Other""]"	bhht_semantic_batch_2
184	Track and field athlete	Sports/Games	resolved	high	该岗位直接参与竞技项目、竞赛组织、体育训练/裁判或游戏活动，归入 Sports/Games。	occupation_meaning:该岗位直接参与竞技项目、竞赛组织、体育训练/裁判或游戏活动，归入 Sports/Games。; author_role_analogy:author L1 Sports/Games	"[""Sports/Games""]"	bhht_semantic_batch_2
187	Playback Singer	Culture	resolved	high	该岗位通过创作、演出、编辑、制作或传播文化内容完成工作，归入 Culture。	occupation_meaning:该岗位通过创作、演出、编辑、制作或传播文化内容完成工作，归入 Culture。; author_role_analogy:author L1 Culture	"[""Culture""]"	bhht_semantic_batch_2
192	Talk show host	Culture	resolved	high	该岗位通过创作、演出、编辑、制作或传播文化内容完成工作，归入 Culture。	occupation_meaning:该岗位通过创作、演出、编辑、制作或传播文化内容完成工作，归入 Culture。; author_role_analogy:author L1 Culture	"[""Culture""]"	bhht_semantic_batch_2
200	Talent manager	Culture	resolved	high	该岗位通过创作、演出、编辑、制作或传播文化内容完成工作，归入 Culture。	occupation_meaning:该岗位通过创作、演出、编辑、制作或传播文化内容完成工作，归入 Culture。; author_role_analogy:author L1 Culture	"[""Culture""]"	bhht_semantic_batch_2
207	Office Worker	Other	resolved	high	该岗位属于一般服务、日常工种、小型经营、家庭身份或其他非四类核心职能，归入 Other。	occupation_meaning:该岗位属于一般服务、日常工种、小型经营、家庭身份或其他非四类核心职能，归入 Other。; author_role_analogy:author L1 Other	"[""Other""]"	bhht_semantic_batch_2
214	Political activist	Leadership	resolved	high	该岗位履行治理、司法、军事指挥、宗教权威或组织/商业管理职责，归入 Leadership。	occupation_meaning:该岗位履行治理、司法、军事指挥、宗教权威或组织/商业管理职责，归入 Leadership。; author_role_analogy:author L1 Leadership	"[""Leadership""]"	bhht_semantic_batch_2
219	American Football coach	Sports/Games	resolved	high	该岗位直接参与竞技项目、竞赛组织、体育训练/裁判或游戏活动，归入 Sports/Games。	occupation_meaning:该岗位直接参与竞技项目、竞赛组织、体育训练/裁判或游戏活动，归入 Sports/Games。; author_role_analogy:author L1 Sports/Games	"[""Sports/Games""]"	bhht_semantic_batch_2
228	Social Worker	Other	resolved	high	该岗位属于一般服务、日常工种、小型经营、家庭身份或其他非四类核心职能，归入 Other。	occupation_meaning:该岗位属于一般服务、日常工种、小型经营、家庭身份或其他非四类核心职能，归入 Other。; author_role_analogy:author L1 Other	"[""Other""]"	bhht_semantic_batch_2
236	Electrical engineer	Discovery/Science	resolved	high	该岗位以专业研究、教学、医疗服务或技术开发为核心，属于知识与科学专业职能。	occupation_meaning:该岗位以专业研究、教学、医疗服务或技术开发为核心，属于知识与科学专业职能。; author_role_analogy:author L1 Discovery/Science	"[""Discovery/Science""]"	bhht_semantic_batch_2
244	Snowboarder	Sports/Games	resolved	high	该岗位直接参与竞技项目、竞赛组织、体育训练/裁判或游戏活动，归入 Sports/Games。	occupation_meaning:该岗位直接参与竞技项目、竞赛组织、体育训练/裁判或游戏活动，归入 Sports/Games。; author_role_analogy:author L1 Sports/Games	"[""Sports/Games""]"	bhht_semantic_batch_2
250	Supermodel	Culture	resolved	high	该岗位通过创作、演出、编辑、制作或传播文化内容完成工作，归入 Culture。	occupation_meaning:该岗位通过创作、演出、编辑、制作或传播文化内容完成工作，归入 Culture。; author_role_analogy:author L1 Culture	"[""Culture""]"	bhht_semantic_batch_2
256	Book editor	Culture	resolved	high	该岗位通过创作、演出、编辑、制作或传播文化内容完成工作，归入 Culture。	occupation_meaning:该岗位通过创作、演出、编辑、制作或传播文化内容完成工作，归入 Culture。; author_role_analogy:author L1 Culture	"[""Culture""]"	bhht_semantic_batch_2
259	Homemaking	Other	resolved	high	该岗位属于一般服务、日常工种、小型经营、家庭身份或其他非四类核心职能，归入 Other。	occupation_meaning:该岗位属于一般服务、日常工种、小型经营、家庭身份或其他非四类核心职能，归入 Other。; author_role_analogy:author L1 Other	"[""Other""]"	bhht_semantic_batch_2
263	Speed Skater	Sports/Games	resolved	high	该岗位直接参与竞技项目、竞赛组织、体育训练/裁判或游戏活动，归入 Sports/Games。	occupation_meaning:该岗位直接参与竞技项目、竞赛组织、体育训练/裁判或游戏活动，归入 Sports/Games。; author_role_analogy:author L1 Sports/Games	"[""Sports/Games""]"	bhht_semantic_batch_2
270	Mangaka	Culture	resolved	high	该岗位通过创作、演出、编辑、制作或传播文化内容完成工作，归入 Culture。	occupation_meaning:该岗位通过创作、演出、编辑、制作或传播文化内容完成工作，归入 Culture。; author_role_analogy:author L1 Culture	"[""Culture""]"	bhht_semantic_batch_2
275	Spiritual leader	Leadership	resolved	high	该岗位履行治理、司法、军事指挥、宗教权威或组织/商业管理职责，归入 Leadership。	occupation_meaning:该岗位履行治理、司法、军事指挥、宗教权威或组织/商业管理职责，归入 Leadership。; author_role_analogy:author L1 Leadership	"[""Leadership""]"	bhht_semantic_batch_2
279	Violinist	Culture	resolved	high	该岗位通过创作、演出、编辑、制作或传播文化内容完成工作，归入 Culture。	occupation_meaning:该岗位通过创作、演出、编辑、制作或传播文化内容完成工作，归入 Culture。; author_role_analogy:author L1 Culture	"[""Culture""]"	bhht_semantic_batch_2
285	Mechanical Engineer	Discovery/Science	resolved	high	该岗位以专业研究、教学、医疗服务或技术开发为核心，属于知识与科学专业职能。	occupation_meaning:该岗位以专业研究、教学、医疗服务或技术开发为核心，属于知识与科学专业职能。; author_role_analogy:author L1 Discovery/Science	"[""Discovery/Science""]"	bhht_semantic_batch_2
290	Carpentry	Other	resolved	high	该岗位属于一般服务、日常工种、小型经营、家庭身份或其他非四类核心职能，归入 Other。	occupation_meaning:该岗位属于一般服务、日常工种、小型经营、家庭身份或其他非四类核心职能，归入 Other。; author_role_analogy:author L1 Other	"[""Other""]"	bhht_semantic_batch_2
293	Promoter		needs_context	low	“Promoter”可指赛事、艺人、产品或企业推广者；没有领域限定，无法确定其主要职责所属大类。	occupation_meaning:原值只给出泛称、资格、身份或无法确认的文本，需补充具体职责/语境。	"[""Culture"",""Sports/Games"",""Leadership""]"	bhht_semantic_batch_2
300	Music critic	Culture	resolved	high	该岗位通过创作、演出、编辑、制作或传播文化内容完成工作，归入 Culture。	occupation_meaning:该岗位通过创作、演出、编辑、制作或传播文化内容完成工作，归入 Culture。; author_role_analogy:author L1 Culture	"[""Culture""]"	bhht_semantic_batch_2
304	Orchestrator	Culture	resolved	high	该岗位通过创作、演出、编辑、制作或传播文化内容完成工作，归入 Culture。	occupation_meaning:该岗位通过创作、演出、编辑、制作或传播文化内容完成工作，归入 Culture。; author_role_analogy:author L1 Culture	"[""Culture""]"	bhht_semantic_batch_2
314	Aerospace Engineer	Discovery/Science	resolved	high	该岗位以专业研究、教学、医疗服务或技术开发为核心，属于知识与科学专业职能。	occupation_meaning:该岗位以专业研究、教学、医疗服务或技术开发为核心，属于知识与科学专业职能。; author_role_analogy:author L1 Discovery/Science	"[""Discovery/Science""]"	bhht_semantic_batch_2
317	Real estate entrepreneur	Leadership	resolved	medium	房地产企业家经营地产项目或相关业务，核心是商业经营管理，归入 Leadership。	occupation_meaning:房地产企业家经营地产项目或相关业务，核心是商业经营管理，归入 Leadership。; author_role_analogy:author L1 Leadership	"[""Leadership""]"	bhht_semantic_batch_2
323	Game Show Host	Culture	resolved	high	该岗位通过创作、演出、编辑、制作或传播文化内容完成工作，归入 Culture。	occupation_meaning:该岗位通过创作、演出、编辑、制作或传播文化内容完成工作，归入 Culture。; author_role_analogy:author L1 Culture	"[""Culture""]"	bhht_semantic_batch_2
327	Territorial lord	Leadership	resolved	high	该岗位履行治理、司法、军事指挥、宗教权威或组织/商业管理职责，归入 Leadership。	occupation_meaning:该岗位履行治理、司法、军事指挥、宗教权威或组织/商业管理职责，归入 Leadership。; author_role_analogy:author L1 Leadership	"[""Leadership""]"	bhht_semantic_batch_2
331	Character Actor	Culture	resolved	high	该岗位通过创作、演出、编辑、制作或传播文化内容完成工作，归入 Culture。	occupation_meaning:该岗位通过创作、演出、编辑、制作或传播文化内容完成工作，归入 Culture。; author_role_analogy:author L1 Culture	"[""Culture""]"	bhht_semantic_batch_2
337	Documentary Filmmaker	Culture	resolved	high	该岗位通过创作、演出、编辑、制作或传播文化内容完成工作，归入 Culture。	occupation_meaning:该岗位通过创作、演出、编辑、制作或传播文化内容完成工作，归入 Culture。; author_role_analogy:author L1 Culture	"[""Culture""]"	bhht_semantic_batch_2
340	Comic book creator	Culture	resolved	high	该岗位通过创作、演出、编辑、制作或传播文化内容完成工作，归入 Culture。	occupation_meaning:该岗位通过创作、演出、编辑、制作或传播文化内容完成工作，归入 Culture。; author_role_analogy:author L1 Culture	"[""Culture""]"	bhht_semantic_batch_2
349	Personal trainer	Sports/Games	resolved	high	该岗位直接参与竞技项目、竞赛组织、体育训练/裁判或游戏活动，归入 Sports/Games。	occupation_meaning:该岗位直接参与竞技项目、竞赛组织、体育训练/裁判或游戏活动，归入 Sports/Games。; author_role_analogy:author L1 Sports/Games	"[""Sports/Games""]"	bhht_semantic_batch_2
353	Editing	Culture	resolved	high	该岗位通过创作、演出、编辑、制作或传播文化内容完成工作，归入 Culture。	occupation_meaning:该岗位通过创作、演出、编辑、制作或传播文化内容完成工作，归入 Culture。; author_role_analogy:author L1 Culture	"[""Culture""]"	bhht_semantic_batch_2
357	Music Teacher	Culture	resolved	high	该岗位通过创作、演出、编辑、制作或传播文化内容完成工作，归入 Culture。	occupation_meaning:该岗位通过创作、演出、编辑、制作或传播文化内容完成工作，归入 Culture。; author_role_analogy:author L1 Culture	"[""Culture""]"	bhht_semantic_batch_2
366	Media Personality	Culture	resolved	medium	该岗位通过创作、演出、编辑、制作或传播文化内容完成工作，归入 Culture。	occupation_meaning:该岗位通过创作、演出、编辑、制作或传播文化内容完成工作，归入 Culture。; author_role_analogy:author L1 Culture	"[""Culture""]"	bhht_semantic_batch_2
372	Software Engineer	Discovery/Science	resolved	high	该岗位以专业研究、教学、医疗服务或技术开发为核心，属于知识与科学专业职能。	occupation_meaning:该岗位以专业研究、教学、医疗服务或技术开发为核心，属于知识与科学专业职能。; author_role_analogy:author L1 Discovery/Science	"[""Discovery/Science""]"	bhht_semantic_batch_2
385	Condottiere	Leadership	resolved	high	历史上的 condottiere 是受雇佣兵团首领，属于军事指挥。	https://en.wikisource.org/wiki/1911_Encyclop%C3%A6dia_Britannica/Condottiere	"[""Leadership""]"	bhht_semantic_batch_2
390	Human rights activist	Leadership	resolved	medium	Human rights activist 从事人权公共倡议与社会行动；作者 Politics 类包含 activist/humanitarian 等公共倡议职责，因此归 Leadership。	occupation_meaning:Human rights activist 从事人权公共倡议与社会行动；作者 Politics 类包含 activist/humanitarian 等公共倡议职责，因此归 Leadership。; author_role_analogy:author L1 Leadership	"[""Leadership""]"	bhht_semantic_batch_2
397	Professional Poker Player	Sports/Games	resolved	high	该岗位直接参与竞技项目、竞赛组织、体育训练/裁判或游戏活动，归入 Sports/Games。	occupation_meaning:该岗位直接参与竞技项目、竞赛组织、体育训练/裁判或游戏活动，归入 Sports/Games。; author_role_analogy:author L1 Sports/Games	"[""Sports/Games""]"	bhht_semantic_batch_2
403	Crime writer	Culture	resolved	high	该岗位通过创作、演出、编辑、制作或传播文化内容完成工作，归入 Culture。	occupation_meaning:该岗位通过创作、演出、编辑、制作或传播文化内容完成工作，归入 Culture。; author_role_analogy:author L1 Culture	"[""Culture""]"	bhht_semantic_batch_2
406	Triathlete	Sports/Games	resolved	high	该岗位直接参与竞技项目、竞赛组织、体育训练/裁判或游戏活动，归入 Sports/Games。	occupation_meaning:该岗位直接参与竞技项目、竞赛组织、体育训练/裁判或游戏活动，归入 Sports/Games。; author_role_analogy:author L1 Sports/Games	"[""Sports/Games""]"	bhht_semantic_batch_2
410	Newspaper editor	Culture	resolved	high	该岗位通过创作、演出、编辑、制作或传播文化内容完成工作，归入 Culture。	occupation_meaning:该岗位通过创作、演出、编辑、制作或传播文化内容完成工作，归入 Culture。; author_role_analogy:author L1 Culture	"[""Culture""]"	bhht_semantic_batch_2
414	Aircrew		needs_context	low	Aircrew 可指军用或民用航空机组成员，职责背景可能分别归军事或普通服务，缺少具体岗位语境。	occupation_meaning:原值只给出泛称、资格、身份或无法确认的文本，需补充具体职责/语境。	"[""Leadership"",""Other""]"	bhht_semantic_batch_2
423	Web analytics		needs_context	low	该值是网站数据分析领域名称，没有说明它表示数据分析岗位、营销服务还是网站相关研究工作，需补具体职务。	occupation_meaning:原值只给出泛称、资格、身份或无法确认的文本，需补充具体职责/语境。	"[""Discovery/Science"",""Other""]"	bhht_semantic_batch_2
427	Ski jumper	Sports/Games	resolved	high	该岗位直接参与竞技项目、竞赛组织、体育训练/裁判或游戏活动，归入 Sports/Games。	occupation_meaning:该岗位直接参与竞技项目、竞赛组织、体育训练/裁判或游戏活动，归入 Sports/Games。; author_role_analogy:author L1 Sports/Games	"[""Sports/Games""]"	bhht_semantic_batch_2
430	SEM Professional	Other	resolved	high	该岗位属于一般服务、日常工种、小型经营、家庭身份或其他非四类核心职能，归入 Other。	occupation_meaning:该岗位属于一般服务、日常工种、小型经营、家庭身份或其他非四类核心职能，归入 Other。; author_role_analogy:author L1 Other	"[""Other""]"	bhht_semantic_batch_2
433	Short Track Speed Skater	Sports/Games	resolved	high	该岗位直接参与竞技项目、竞赛组织、体育训练/裁判或游戏活动，归入 Sports/Games。	occupation_meaning:该岗位直接参与竞技项目、竞赛组织、体育训练/裁判或游戏活动，归入 Sports/Games。; author_role_analogy:author L1 Sports/Games	"[""Sports/Games""]"	bhht_semantic_batch_2
436	Cultural critic	Culture	resolved	high	该岗位通过创作、演出、编辑、制作或传播文化内容完成工作，归入 Culture。	occupation_meaning:该岗位通过创作、演出、编辑、制作或传播文化内容完成工作，归入 Culture。; author_role_analogy:author L1 Culture	"[""Culture""]"	bhht_semantic_batch_2
442	Voice acting in Japan	Culture	resolved	high	该岗位通过创作、演出、编辑、制作或传播文化内容完成工作，归入 Culture。	occupation_meaning:该岗位通过创作、演出、编辑、制作或传播文化内容完成工作，归入 Culture。; author_role_analogy:author L1 Culture	"[""Culture""]"	bhht_semantic_batch_2
449	Mime artist	Culture	resolved	high	该岗位通过创作、演出、编辑、制作或传播文化内容完成工作，归入 Culture。	occupation_meaning:该岗位通过创作、演出、编辑、制作或传播文化内容完成工作，归入 Culture。; author_role_analogy:author L1 Culture	"[""Culture""]"	bhht_semantic_batch_2
459	Student		needs_context	low	这是学习身份而非职业职责，所学领域也未提供，不能据此确定 L1。	occupation_meaning:原值只给出泛称、资格、身份或无法确认的文本，需补充具体职责/语境。	"[""Discovery/Science""]"	bhht_semantic_batch_2
463	Registered nurse	Discovery/Science	resolved	high	该岗位以专业研究、教学、医疗服务或技术开发为核心，属于知识与科学专业职能。	occupation_meaning:该岗位以专业研究、教学、医疗服务或技术开发为核心，属于知识与科学专业职能。; author_role_analogy:author L1 Discovery/Science	"[""Discovery/Science""]"	bhht_semantic_batch_2
468	TV chef	Culture	resolved	high	该岗位通过创作、演出、编辑、制作或传播文化内容完成工作，归入 Culture。	occupation_meaning:该岗位通过创作、演出、编辑、制作或传播文化内容完成工作，归入 Culture。; author_role_analogy:author L1 Culture	"[""Culture""]"	bhht_semantic_batch_2
472	Landlord	Other	resolved	high	该岗位属于一般服务、日常工种、小型经营、家庭身份或其他非四类核心职能，归入 Other。	occupation_meaning:该岗位属于一般服务、日常工种、小型经营、家庭身份或其他非四类核心职能，归入 Other。; author_role_analogy:author L1 Other	"[""Other""]"	bhht_semantic_batch_2
476	Opera composer	Culture	resolved	high	该岗位通过创作、演出、编辑、制作或传播文化内容完成工作，归入 Culture。	occupation_meaning:该岗位通过创作、演出、编辑、制作或传播文化内容完成工作，归入 Culture。; author_role_analogy:author L1 Culture	"[""Culture""]"	bhht_semantic_batch_2
481	Food critic	Culture	resolved	high	该岗位通过创作、演出、编辑、制作或传播文化内容完成工作，归入 Culture。	occupation_meaning:该岗位通过创作、演出、编辑、制作或传播文化内容完成工作，归入 Culture。; author_role_analogy:author L1 Culture	"[""Culture""]"	bhht_semantic_batch_2
488	Dance Teacher	Culture	resolved	high	该岗位通过创作、演出、编辑、制作或传播文化内容完成工作，归入 Culture。	occupation_meaning:该岗位通过创作、演出、编辑、制作或传播文化内容完成工作，归入 Culture。; author_role_analogy:author L1 Culture	"[""Culture""]"	bhht_semantic_batch_2
496	Baseball Umpire	Sports/Games	resolved	high	该岗位直接参与竞技项目、竞赛组织、体育训练/裁判或游戏活动，归入 Sports/Games。	occupation_meaning:该岗位直接参与竞技项目、竞赛组织、体育训练/裁判或游戏活动，归入 Sports/Games。; author_role_analogy:author L1 Sports/Games	"[""Sports/Games""]"	bhht_semantic_batch_2
503	Hotel Manager	Other	resolved	high	酒店经理管理住宿接待和日常服务运营，属于酒店服务业管理，不据此推为大型企业领导。	occupation_meaning:酒店经理管理住宿接待和日常服务运营，属于酒店服务业管理，不据此推为大型企业领导。; author_role_analogy:author L1 Other	"[""Other""]"	bhht_semantic_batch_2
508	Music director	Culture	resolved	high	该岗位通过创作、演出、编辑、制作或传播文化内容完成工作，归入 Culture。	occupation_meaning:该岗位通过创作、演出、编辑、制作或传播文化内容完成工作，归入 Culture。; author_role_analogy:author L1 Culture	"[""Culture""]"	bhht_semantic_batch_2
514	Dance Instructor	Culture	resolved	high	该岗位通过创作、演出、编辑、制作或传播文化内容完成工作，归入 Culture。	occupation_meaning:该岗位通过创作、演出、编辑、制作或传播文化内容完成工作，归入 Culture。; author_role_analogy:author L1 Culture	"[""Culture""]"	bhht_semantic_batch_2
520	Music Theorist	Discovery/Science	resolved	high	音乐理论研究和教学属于音乐学术职能。	occupation_meaning:音乐理论研究和教学属于音乐学术职能。; author_role_analogy:author L1 Discovery/Science	"[""Discovery/Science""]"	bhht_semantic_batch_2
525	Skeleton racer	Sports/Games	resolved	high	该岗位直接参与竞技项目、竞赛组织、体育训练/裁判或游戏活动，归入 Sports/Games。	occupation_meaning:该岗位直接参与竞技项目、竞赛组织、体育训练/裁判或游戏活动，归入 Sports/Games。; author_role_analogy:author L1 Sports/Games	"[""Sports/Games""]"	bhht_semantic_batch_2
536	Yoga Instructor	Sports/Games	resolved	high	该岗位直接参与竞技项目、竞赛组织、体育训练/裁判或游戏活动，归入 Sports/Games。	occupation_meaning:该岗位直接参与竞技项目、竞赛组织、体育训练/裁判或游戏活动，归入 Sports/Games。; author_role_analogy:author L1 Sports/Games	"[""Sports/Games""]"	bhht_semantic_batch_2
543	Visual Effects Supervisor	Culture	resolved	high	该岗位通过创作、演出、编辑、制作或传播文化内容完成工作，归入 Culture。	occupation_meaning:该岗位通过创作、演出、编辑、制作或传播文化内容完成工作，归入 Culture。; author_role_analogy:author L1 Culture	"[""Culture""]"	bhht_semantic_batch_2
548	Postal worker	Other	resolved	high	该岗位属于一般服务、日常工种、小型经营、家庭身份或其他非四类核心职能，归入 Other。	occupation_meaning:该岗位属于一般服务、日常工种、小型经营、家庭身份或其他非四类核心职能，归入 Other。; author_role_analogy:author L1 Other	"[""Other""]"	bhht_semantic_batch_2
554	Cattle Rancher	Other	resolved	high	该岗位属于一般服务、日常工种、小型经营、家庭身份或其他非四类核心职能，归入 Other。	occupation_meaning:该岗位属于一般服务、日常工种、小型经营、家庭身份或其他非四类核心职能，归入 Other。; author_role_analogy:author L1 Other	"[""Other""]"	bhht_semantic_batch_2
558	Dialect coach	Culture	resolved	high	该岗位通过创作、演出、编辑、制作或传播文化内容完成工作，归入 Culture。	occupation_meaning:该岗位通过创作、演出、编辑、制作或传播文化内容完成工作，归入 Culture。; author_role_analogy:author L1 Culture	"[""Culture""]"	bhht_semantic_batch_2
561	Art Teacher	Culture	resolved	high	该岗位通过创作、演出、编辑、制作或传播文化内容完成工作，归入 Culture。	occupation_meaning:该岗位通过创作、演出、编辑、制作或传播文化内容完成工作，归入 Culture。; author_role_analogy:author L1 Culture	"[""Culture""]"	bhht_semantic_batch_2
565	Social Critic	Culture	resolved	high	该岗位通过创作、演出、编辑、制作或传播文化内容完成工作，归入 Culture。	occupation_meaning:该岗位通过创作、演出、编辑、制作或传播文化内容完成工作，归入 Culture。; author_role_analogy:author L1 Culture	"[""Culture""]"	bhht_semantic_batch_2
568	Fisherman	Other	resolved	high	该岗位属于一般服务、日常工种、小型经营、家庭身份或其他非四类核心职能，归入 Other。	occupation_meaning:该岗位属于一般服务、日常工种、小型经营、家庭身份或其他非四类核心职能，归入 Other。; author_role_analogy:author L1 Other	"[""Other""]"	bhht_semantic_batch_2
572	Magistrate	Leadership	resolved	high	该岗位履行治理、司法、军事指挥、宗教权威或组织/商业管理职责，归入 Leadership。	occupation_meaning:该岗位履行治理、司法、军事指挥、宗教权威或组织/商业管理职责，归入 Leadership。; author_role_analogy:author L1 Leadership	"[""Leadership""]"	bhht_semantic_batch_2
581	House painter and decorator	Other	resolved	high	该岗位属于一般服务、日常工种、小型经营、家庭身份或其他非四类核心职能，归入 Other。	occupation_meaning:该岗位属于一般服务、日常工种、小型经营、家庭身份或其他非四类核心职能，归入 Other。; author_role_analogy:author L1 Other	"[""Other""]"	bhht_semantic_batch_2
585	Inker	Culture	resolved	high	该岗位通过创作、演出、编辑、制作或传播文化内容完成工作，归入 Culture。	occupation_meaning:该岗位通过创作、演出、编辑、制作或传播文化内容完成工作，归入 Culture。; author_role_analogy:author L1 Culture	"[""Culture""]"	bhht_semantic_batch_2
590	Studio executive	Culture	resolved	medium	该岗位通过创作、演出、编辑、制作或传播文化内容完成工作，归入 Culture。	occupation_meaning:该岗位通过创作、演出、编辑、制作或传播文化内容完成工作，归入 Culture。; author_role_analogy:author L1 Culture	"[""Culture""]"	bhht_semantic_batch_2
594	Music Manager	Culture	resolved	medium	该岗位通过创作、演出、编辑、制作或传播文化内容完成工作，归入 Culture。	occupation_meaning:该岗位通过创作、演出、编辑、制作或传播文化内容完成工作，归入 Culture。; author_role_analogy:author L1 Culture	"[""Culture""]"	bhht_semantic_batch_2
597	Cosmetologist	Other	resolved	high	该岗位属于一般服务、日常工种、小型经营、家庭身份或其他非四类核心职能，归入 Other。	occupation_meaning:该岗位属于一般服务、日常工种、小型经营、家庭身份或其他非四类核心职能，归入 Other。; author_role_analogy:author L1 Other	"[""Other""]"	bhht_semantic_batch_2
602	Sound Recordist	Culture	resolved	high	该岗位通过创作、演出、编辑、制作或传播文化内容完成工作，归入 Culture。	occupation_meaning:该岗位通过创作、演出、编辑、制作或传播文化内容完成工作，归入 Culture。; author_role_analogy:author L1 Culture	"[""Culture""]"	bhht_semantic_batch_2
608	Installation Artist	Culture	resolved	high	该岗位通过创作、演出、编辑、制作或传播文化内容完成工作，归入 Culture。	occupation_meaning:该岗位通过创作、演出、编辑、制作或传播文化内容完成工作，归入 Culture。; author_role_analogy:author L1 Culture	"[""Culture""]"	bhht_semantic_batch_2
612	Auto mechanic	Other	resolved	high	该岗位属于一般服务、日常工种、小型经营、家庭身份或其他非四类核心职能，归入 Other。	occupation_meaning:该岗位属于一般服务、日常工种、小型经营、家庭身份或其他非四类核心职能，归入 Other。; author_role_analogy:author L1 Other	"[""Other""]"	bhht_semantic_batch_2
617	Video game designer	Culture	resolved	high	该岗位通过创作、演出、编辑、制作或传播文化内容完成工作，归入 Culture。	occupation_meaning:该岗位通过创作、演出、编辑、制作或传播文化内容完成工作，归入 Culture。; author_role_analogy:author L1 Culture	"[""Culture""]"	bhht_semantic_batch_2
623	Women's rights activist	Leadership	resolved	high	Women’s rights activist 从事女性权益公共倡议；作者 Politics 类包含 activist/feminist 等社会政治倡议职责，因此归 Leadership。	occupation_meaning:Women’s rights activist 从事女性权益公共倡议；作者 Politics 类包含 activist/feminist 等社会政治倡议职责，因此归 Leadership。; author_role_analogy:author L1 Leadership	"[""Leadership""]"	bhht_semantic_batch_2
628	Crown Princess	Leadership	resolved	high	Crown Princess 是王室继承序列中的贵族身份称谓，归入 Leadership 的 Nobility 语义。	occupation_meaning:Crown Princess 是王室继承序列中的贵族身份称谓，归入 Leadership 的 Nobility 语义。; author_role_analogy:author L1 Leadership	"[""Leadership""]"	bhht_semantic_batch_2
637	Presenter (Profession) #27	Culture	resolved	high	该岗位通过创作、演出、编辑、制作或传播文化内容完成工作，归入 Culture。	occupation_meaning:该岗位通过创作、演出、编辑、制作或传播文化内容完成工作，归入 Culture。; author_role_analogy:author L1 Culture	"[""Culture""]"	bhht_semantic_batch_2
642	Film Distributor	Culture	resolved	high	该岗位通过创作、演出、编辑、制作或传播文化内容完成工作，归入 Culture。	occupation_meaning:该岗位通过创作、演出、编辑、制作或传播文化内容完成工作，归入 Culture。; author_role_analogy:author L1 Culture	"[""Culture""]"	bhht_semantic_batch_2
647	Financial Analyst	Other	resolved	high	Financial Analyst 分析财务数据并准备投资/经营决策报告；作者 analyst 相近职业归 Other，按具体分析岗位归类。	occupation_meaning:Financial Analyst 分析财务数据并准备投资/经营决策报告；作者 analyst 相近职业归 Other，按具体分析岗位归类。; author_role_analogy:author L1 Other	"[""Other""]"	bhht_semantic_batch_2
651	Gossip columnist	Culture	resolved	high	该岗位通过创作、演出、编辑、制作或传播文化内容完成工作，归入 Culture。	occupation_meaning:该岗位通过创作、演出、编辑、制作或传播文化内容完成工作，归入 Culture。; author_role_analogy:author L1 Culture	"[""Culture""]"	bhht_semantic_batch_2
654	Acrobat	Culture	resolved	high	Acrobat 以身体技巧完成杂技表演，职责是现场娱乐演出，归入 Culture。	occupation_meaning:Acrobat 以身体技巧完成杂技表演，职责是现场娱乐演出，归入 Culture。; author_role_analogy:author L1 Culture	"[""Culture""]"	bhht_semantic_batch_2
659	Railroad engineer		needs_context	low	该短语可指驾驶机车的铁路工作人员，也可指铁路系统/基础设施工程师，两种职责分属不同类别。	https://www.bls.gov/OOH/transportation-and-material-moving/railroad-occupations.htm	"[""Other"",""Discovery/Science""]"	bhht_semantic_batch_2
663	Online Marketing Professional	Other	resolved	high	Online Marketing Professional 从事线上营销活动与推广，是常规营销服务岗位，归 Other。	occupation_meaning:Online Marketing Professional 从事线上营销活动与推广，是常规营销服务岗位，归 Other。; author_role_analogy:author L1 Other	"[""Other""]"	bhht_semantic_batch_2
666	Corporate lawyer	Leadership	resolved	high	该岗位履行治理、司法、军事指挥、宗教权威或组织/商业管理职责，归入 Leadership。	occupation_meaning:该岗位履行治理、司法、军事指挥、宗教权威或组织/商业管理职责，归入 Leadership。; author_role_analogy:author L1 Leadership	"[""Leadership""]"	bhht_semantic_batch_2
673	Public Relations	Culture	resolved	medium	该岗位通过创作、演出、编辑、制作或传播文化内容完成工作，归入 Culture。	occupation_meaning:该岗位通过创作、演出、编辑、制作或传播文化内容完成工作，归入 Culture。; author_role_analogy:author L1 Culture	"[""Culture""]"	bhht_semantic_batch_2
677	Professional Chess Player	Sports/Games	resolved	high	该岗位直接参与竞技项目、竞赛组织、体育训练/裁判或游戏活动，归入 Sports/Games。	occupation_meaning:该岗位直接参与竞技项目、竞赛组织、体育训练/裁判或游戏活动，归入 Sports/Games。; author_role_analogy:author L1 Sports/Games	"[""Sports/Games""]"	bhht_semantic_batch_2
681	Generalissimo	Leadership	resolved	high	该岗位履行治理、司法、军事指挥、宗教权威或组织/商业管理职责，归入 Leadership。	occupation_meaning:该岗位履行治理、司法、军事指挥、宗教权威或组织/商业管理职责，归入 Leadership。; author_role_analogy:author L1 Leadership	"[""Leadership""]"	bhht_semantic_batch_2
684	Dubbing Director	Culture	resolved	high	该岗位通过创作、演出、编辑、制作或传播文化内容完成工作，归入 Culture。	occupation_meaning:该岗位通过创作、演出、编辑、制作或传播文化内容完成工作，归入 Culture。; author_role_analogy:author L1 Culture	"[""Culture""]"	bhht_semantic_batch_2
688	Chiropractor	Discovery/Science	resolved	high	该岗位以专业研究、教学、医疗服务或技术开发为核心，属于知识与科学专业职能。	occupation_meaning:该岗位以专业研究、教学、医疗服务或技术开发为核心，属于知识与科学专业职能。; author_role_analogy:author L1 Discovery/Science	"[""Discovery/Science""]"	bhht_semantic_batch_2
691	Drafter	Discovery/Science	resolved	high	该岗位以专业研究、教学、医疗服务或技术开发为核心，属于知识与科学专业职能。	occupation_meaning:该岗位以专业研究、教学、医疗服务或技术开发为核心，属于知识与科学专业职能。; author_role_analogy:author L1 Discovery/Science	"[""Discovery/Science""]"	bhht_semantic_batch_2
697	Rodeo performer		needs_context	low	该词可指参加竞技项目的牛仔/骑手，也可指在牛仔竞技场提供娱乐表演的表演者，需具体项目语境。	occupation_meaning:原值只给出泛称、资格、身份或无法确认的文本，需补充具体职责/语境。	"[""Sports/Games"",""Culture""]"	bhht_semantic_batch_2
701	Avatar of Vashanka		needs_context	low	该短语可能是虚构神祇的化身/角色称号，也可能涉及宗教身份；无法确认它是现实职业还是作品设定。	occupation_meaning:原值只给出泛称、资格、身份或无法确认的文本，需补充具体职责/语境。	[]	bhht_semantic_batch_2
707	Lumberjack	Other	resolved	high	该岗位属于一般服务、日常工种、小型经营、家庭身份或其他非四类核心职能，归入 Other。	occupation_meaning:该岗位属于一般服务、日常工种、小型经营、家庭身份或其他非四类核心职能，归入 Other。; author_role_analogy:author L1 Other	"[""Other""]"	bhht_semantic_batch_2
714	Gospel singer	Culture	resolved	high	该岗位通过创作、演出、编辑、制作或传播文化内容完成工作，归入 Culture。	occupation_meaning:该岗位通过创作、演出、编辑、制作或传播文化内容完成工作，归入 Culture。; author_role_analogy:author L1 Culture	"[""Culture""]"	bhht_semantic_batch_2
717	Customs officer	Leadership	resolved	high	该岗位履行治理、司法、军事指挥、宗教权威或组织/商业管理职责，归入 Leadership。	occupation_meaning:该岗位履行治理、司法、军事指挥、宗教权威或组织/商业管理职责，归入 Leadership。; author_role_analogy:author L1 Leadership	"[""Leadership""]"	bhht_semantic_batch_2
721	Magician (Profession) #81	Culture	resolved	high	魔术师以现场幻术表演娱乐观众，属于表演艺术。	occupation_meaning:魔术师以现场幻术表演娱乐观众，属于表演艺术。; author_role_analogy:author L1 Culture	"[""Culture""]"	bhht_semantic_batch_2
724	Pastoralist	Other	resolved	high	该岗位属于一般服务、日常工种、小型经营、家庭身份或其他非四类核心职能，归入 Other。	occupation_meaning:该岗位属于一般服务、日常工种、小型经营、家庭身份或其他非四类核心职能，归入 Other。; author_role_analogy:author L1 Other	"[""Other""]"	bhht_semantic_batch_2
729	Educationalist	Discovery/Science	resolved	high	该岗位以专业研究、教学、医疗服务或技术开发为核心，属于知识与科学专业职能。	occupation_meaning:该岗位以专业研究、教学、医疗服务或技术开发为核心，属于知识与科学专业职能。; author_role_analogy:author L1 Discovery/Science	"[""Discovery/Science""]"	bhht_semantic_batch_2
733	Newspaper publisher	Culture	resolved	high	该岗位通过创作、演出、编辑、制作或传播文化内容完成工作，归入 Culture。	occupation_meaning:该岗位通过创作、演出、编辑、制作或传播文化内容完成工作，归入 Culture。; author_role_analogy:author L1 Culture	"[""Culture""]"	bhht_semantic_batch_2
737	Climber	Sports/Games	resolved	high	该岗位直接参与竞技项目、竞赛组织、体育训练/裁判或游戏活动，归入 Sports/Games。	occupation_meaning:该岗位直接参与竞技项目、竞赛组织、体育训练/裁判或游戏活动，归入 Sports/Games。; author_role_analogy:author L1 Sports/Games	"[""Sports/Games""]"	bhht_semantic_batch_2
740	Speech therapist	Discovery/Science	resolved	high	该岗位以专业研究、教学、医疗服务或技术开发为核心，属于知识与科学专业职能。	occupation_meaning:该岗位以专业研究、教学、医疗服务或技术开发为核心，属于知识与科学专业职能。; author_role_analogy:author L1 Discovery/Science	"[""Discovery/Science""]"	bhht_semantic_batch_2
744	Production Manager (Band)	Culture	resolved	high	该岗位通过创作、演出、编辑、制作或传播文化内容完成工作，归入 Culture。	occupation_meaning:该岗位通过创作、演出、编辑、制作或传播文化内容完成工作，归入 Culture。; author_role_analogy:author L1 Culture	"[""Culture""]"	bhht_semantic_batch_2
747	Public Relations Executive	Culture	resolved	medium	该岗位通过创作、演出、编辑、制作或传播文化内容完成工作，归入 Culture。	occupation_meaning:该岗位通过创作、演出、编辑、制作或传播文化内容完成工作，归入 Culture。; author_role_analogy:author L1 Culture	"[""Culture""]"	bhht_semantic_batch_2
750	Flamenco Dancer	Culture	resolved	high	该岗位通过创作、演出、编辑、制作或传播文化内容完成工作，归入 Culture。	occupation_meaning:该岗位通过创作、演出、编辑、制作或传播文化内容完成工作，归入 Culture。; author_role_analogy:author L1 Culture	"[""Culture""]"	bhht_semantic_batch_2
755	Stunt Double	Culture	resolved	high	该岗位通过创作、演出、编辑、制作或传播文化内容完成工作，归入 Culture。	occupation_meaning:该岗位通过创作、演出、编辑、制作或传播文化内容完成工作，归入 Culture。; author_role_analogy:author L1 Culture	"[""Culture""]"	bhht_semantic_batch_2
761	Tennis coach	Sports/Games	resolved	high	该岗位直接参与竞技项目、竞赛组织、体育训练/裁判或游戏活动，归入 Sports/Games。	occupation_meaning:该岗位直接参与竞技项目、竞赛组织、体育训练/裁判或游戏活动，归入 Sports/Games。; author_role_analogy:author L1 Sports/Games	"[""Sports/Games""]"	bhht_semantic_batch_2
765	Still Photographer	Culture	resolved	high	该岗位通过创作、演出、编辑、制作或传播文化内容完成工作，归入 Culture。	occupation_meaning:该岗位通过创作、演出、编辑、制作或传播文化内容完成工作，归入 Culture。; author_role_analogy:author L1 Culture	"[""Culture""]"	bhht_semantic_batch_2
774	Literary Scholar	Discovery/Science	resolved	high	该岗位以专业研究、教学、医疗服务或技术开发为核心，属于知识与科学专业职能。	occupation_meaning:该岗位以专业研究、教学、医疗服务或技术开发为核心，属于知识与科学专业职能。; author_role_analogy:author L1 Discovery/Science	"[""Discovery/Science""]"	bhht_semantic_batch_2
778	Microbiologist	Discovery/Science	resolved	high	该岗位以专业研究、教学、医疗服务或技术开发为核心，属于知识与科学专业职能。	occupation_meaning:该岗位以专业研究、教学、医疗服务或技术开发为核心，属于知识与科学专业职能。; author_role_analogy:author L1 Discovery/Science	"[""Discovery/Science""]"	bhht_semantic_batch_2
781	Internet Entrepreneur	Leadership	resolved	medium	该岗位履行治理、司法、军事指挥、宗教权威或组织/商业管理职责，归入 Leadership。	occupation_meaning:该岗位履行治理、司法、军事指挥、宗教权威或组织/商业管理职责，归入 Leadership。; author_role_analogy:author L1 Leadership	"[""Leadership""]"	bhht_semantic_batch_2
787	Website content writer	Culture	resolved	high	该岗位通过创作、演出、编辑、制作或传播文化内容完成工作，归入 Culture。	occupation_meaning:该岗位通过创作、演出、编辑、制作或传播文化内容完成工作，归入 Culture。; author_role_analogy:author L1 Culture	"[""Culture""]"	bhht_semantic_batch_2
790	Eastern Roman Emperor	Leadership	resolved	high	该岗位履行治理、司法、军事指挥、宗教权威或组织/商业管理职责，归入 Leadership。	occupation_meaning:该岗位履行治理、司法、军事指挥、宗教权威或组织/商业管理职责，归入 Leadership。; author_role_analogy:author L1 Leadership	"[""Leadership""]"	bhht_semantic_batch_2
795	Officer of the court	Leadership	resolved	high	法院官员在法院体系履行司法行政或法庭程序职责，属于法律/司法职能。	occupation_meaning:法院官员在法院体系履行司法行政或法庭程序职责，属于法律/司法职能。; author_role_analogy:author L1 Leadership	"[""Leadership""]"	bhht_semantic_batch_2
800	Digital Compositor	Culture	resolved	high	该岗位通过创作、演出、编辑、制作或传播文化内容完成工作，归入 Culture。	occupation_meaning:该岗位通过创作、演出、编辑、制作或传播文化内容完成工作，归入 Culture。; author_role_analogy:author L1 Culture	"[""Culture""]"	bhht_semantic_batch_2
804	Hypnotherapist	Discovery/Science	resolved	high	该岗位以专业研究、教学、医疗服务或技术开发为核心，属于知识与科学专业职能。	occupation_meaning:该岗位以专业研究、教学、医疗服务或技术开发为核心，属于知识与科学专业职能。; author_role_analogy:author L1 Discovery/Science	"[""Discovery/Science""]"	bhht_semantic_batch_2
809	Civil Rights Advocate	Leadership	resolved	high	Civil Rights Advocate 推动民权公共倡议和社会改革；作者 Politics 类以 civil_rights 为对应职责语义，归 Leadership。	occupation_meaning:Civil Rights Advocate 推动民权公共倡议和社会改革；作者 Politics 类以 civil_rights 为对应职责语义，归 Leadership。; author_role_analogy:author L1 Leadership	"[""Leadership""]"	bhht_semantic_batch_2
812	Primatologist	Discovery/Science	resolved	high	该岗位以专业研究、教学、医疗服务或技术开发为核心，属于知识与科学专业职能。	occupation_meaning:该岗位以专业研究、教学、医疗服务或技术开发为核心，属于知识与科学专业职能。; author_role_analogy:author L1 Discovery/Science	"[""Discovery/Science""]"	bhht_semantic_batch_2
815	Cultural Historian	Discovery/Science	resolved	high	该岗位以专业研究、教学、医疗服务或技术开发为核心，属于知识与科学专业职能。	occupation_meaning:该岗位以专业研究、教学、医疗服务或技术开发为核心，属于知识与科学专业职能。; author_role_analogy:author L1 Discovery/Science	"[""Discovery/Science""]"	bhht_semantic_batch_2
820	Military Historian	Discovery/Science	resolved	high	该岗位以专业研究、教学、医疗服务或技术开发为核心，属于知识与科学专业职能。	occupation_meaning:该岗位以专业研究、教学、医疗服务或技术开发为核心，属于知识与科学专业职能。; author_role_analogy:author L1 Discovery/Science	"[""Discovery/Science""]"	bhht_semantic_batch_2
823	Visual Effects Designer	Culture	resolved	high	该岗位通过创作、演出、编辑、制作或传播文化内容完成工作，归入 Culture。	occupation_meaning:该岗位通过创作、演出、编辑、制作或传播文化内容完成工作，归入 Culture。; author_role_analogy:author L1 Culture	"[""Culture""]"	bhht_semantic_batch_2
826	Theatre practitioner	Culture	resolved	high	该岗位通过创作、演出、编辑、制作或传播文化内容完成工作，归入 Culture。	occupation_meaning:该岗位通过创作、演出、编辑、制作或传播文化内容完成工作，归入 Culture。; author_role_analogy:author L1 Culture	"[""Culture""]"	bhht_semantic_batch_2
830	Public Relations Consultant	Culture	resolved	high	该岗位通过创作、演出、编辑、制作或传播文化内容完成工作，归入 Culture。	occupation_meaning:该岗位通过创作、演出、编辑、制作或传播文化内容完成工作，归入 Culture。; author_role_analogy:author L1 Culture	"[""Culture""]"	bhht_semantic_batch_2
833	Pimp	Other	resolved	high	该岗位属于一般服务、日常工种、小型经营、家庭身份或其他非四类核心职能，归入 Other。	occupation_meaning:该岗位属于一般服务、日常工种、小型经营、家庭身份或其他非四类核心职能，归入 Other。; author_role_analogy:author L1 Other	"[""Other""]"	bhht_semantic_batch_2
839	Script editor	Culture	resolved	high	该岗位通过创作、演出、编辑、制作或传播文化内容完成工作，归入 Culture。	occupation_meaning:该岗位通过创作、演出、编辑、制作或传播文化内容完成工作，归入 Culture。; author_role_analogy:author L1 Culture	"[""Culture""]"	bhht_semantic_batch_2
845	Chartered Accountant	Other	resolved	high	Chartered accountant 提供审计、会计和财务报告专业服务；按作者 accountant 近似职业归入 Other。	occupation_meaning:Chartered accountant 提供审计、会计和财务报告专业服务；按作者 accountant 近似职业归入 Other。; author_role_analogy:author L1 Other	"[""Other""]"	bhht_semantic_batch_2
848	Tax collector	Leadership	resolved	high	该岗位履行治理、司法、军事指挥、宗教权威或组织/商业管理职责，归入 Leadership。	occupation_meaning:该岗位履行治理、司法、军事指挥、宗教权威或组织/商业管理职责，归入 Leadership。; author_role_analogy:author L1 Leadership	"[""Leadership""]"	bhht_semantic_batch_2
851	Graffiti artist	Culture	resolved	high	该岗位通过创作、演出、编辑、制作或传播文化内容完成工作，归入 Culture。	occupation_meaning:该岗位通过创作、演出、编辑、制作或传播文化内容完成工作，归入 Culture。; author_role_analogy:author L1 Culture	"[""Culture""]"	bhht_semantic_batch_2
856	Political Economist	Discovery/Science	resolved	high	该岗位以专业研究、教学、医疗服务或技术开发为核心，属于知识与科学专业职能。	occupation_meaning:该岗位以专业研究、教学、医疗服务或技术开发为核心，属于知识与科学专业职能。; author_role_analogy:author L1 Discovery/Science	"[""Discovery/Science""]"	bhht_semantic_batch_2
862	Vedette	Culture	resolved	high	vedette 在表演语境指歌舞/音乐厅的主要艺人。	https://www.larousse.fr/dictionnaires/francais/vedette/81241	"[""Culture""]"	bhht_semantic_batch_2
865	Jazz Composer	Culture	resolved	high	该岗位通过创作、演出、编辑、制作或传播文化内容完成工作，归入 Culture。	occupation_meaning:该岗位通过创作、演出、编辑、制作或传播文化内容完成工作，归入 Culture。; author_role_analogy:author L1 Culture	"[""Culture""]"	bhht_semantic_batch_2
871	Christian Theologian	Discovery/Science	resolved	high	该岗位以专业研究、教学、医疗服务或技术开发为核心，属于知识与科学专业职能。	occupation_meaning:该岗位以专业研究、教学、医疗服务或技术开发为核心，属于知识与科学专业职能。; author_role_analogy:author L1 Discovery/Science	"[""Discovery/Science""]"	bhht_semantic_batch_2
876	Actor-manager	Culture	resolved	high	该岗位通过创作、演出、编辑、制作或传播文化内容完成工作，归入 Culture。	occupation_meaning:该岗位通过创作、演出、编辑、制作或传播文化内容完成工作，归入 Culture。; author_role_analogy:author L1 Culture	"[""Culture""]"	bhht_semantic_batch_2
880	Biophysicist	Discovery/Science	resolved	high	该岗位以专业研究、教学、医疗服务或技术开发为核心，属于知识与科学专业职能。	occupation_meaning:该岗位以专业研究、教学、医疗服务或技术开发为核心，属于知识与科学专业职能。; author_role_analogy:author L1 Discovery/Science	"[""Discovery/Science""]"	bhht_semantic_batch_2
885	Nurse midwife	Discovery/Science	resolved	high	该岗位以专业研究、教学、医疗服务或技术开发为核心，属于知识与科学专业职能。	occupation_meaning:该岗位以专业研究、教学、医疗服务或技术开发为核心，属于知识与科学专业职能。; author_role_analogy:author L1 Discovery/Science	"[""Discovery/Science""]"	bhht_semantic_batch_2
889	Virtuoso	Culture	resolved	high	Virtuoso 指技艺精湛的音乐演奏者，属于音乐表演。	occupation_meaning:Virtuoso 指技艺精湛的音乐演奏者，属于音乐表演。; author_role_analogy:author L1 Culture	"[""Culture""]"	bhht_semantic_batch_2
892	Production Supervisor		needs_context	low	未说明所监督的制作属于影视/演出、工业制造或其他行业，职责领域不足以确定。	occupation_meaning:原值只给出泛称、资格、身份或无法确认的文本，需补充具体职责/语境。	"[""Culture"",""Other""]"	bhht_semantic_batch_2
897	Radio jockey	Culture	resolved	high	Radio jockey 在广播中主持节目、介绍音乐并与听众沟通，属于广播媒体传播。	occupation_meaning:Radio jockey 在广播中主持节目、介绍音乐并与听众沟通，属于广播媒体传播。; author_role_analogy:author L1 Culture	"[""Culture""]"	bhht_semantic_batch_2
901	Textile worker	Other	resolved	high	该岗位属于一般服务、日常工种、小型经营、家庭身份或其他非四类核心职能，归入 Other。	occupation_meaning:该岗位属于一般服务、日常工种、小型经营、家庭身份或其他非四类核心职能，归入 Other。; author_role_analogy:author L1 Other	"[""Other""]"	bhht_semantic_batch_2
906	Script doctor	Culture	resolved	high	该岗位通过创作、演出、编辑、制作或传播文化内容完成工作，归入 Culture。	occupation_meaning:该岗位通过创作、演出、编辑、制作或传播文化内容完成工作，归入 Culture。; author_role_analogy:author L1 Culture	"[""Culture""]"	bhht_semantic_batch_2
909	Educational psychologist	Discovery/Science	resolved	high	该岗位以专业研究、教学、医疗服务或技术开发为核心，属于知识与科学专业职能。	occupation_meaning:该岗位以专业研究、教学、医疗服务或技术开发为核心，属于知识与科学专业职能。; author_role_analogy:author L1 Discovery/Science	"[""Discovery/Science""]"	bhht_semantic_batch_2
914	Corporate officer	Leadership	resolved	medium	该岗位履行治理、司法、军事指挥、宗教权威或组织/商业管理职责，归入 Leadership。	occupation_meaning:该岗位履行治理、司法、军事指挥、宗教权威或组织/商业管理职责，归入 Leadership。; author_role_analogy:author L1 Leadership	"[""Leadership""]"	bhht_semantic_batch_2
917	Native American activist	Leadership	resolved	high	Native American activist 代表原住民社群开展公共权益倡议；其职责属于社会政治行动，归 Leadership。	occupation_meaning:Native American activist 代表原住民社群开展公共权益倡议；其职责属于社会政治行动，归 Leadership。; author_role_analogy:author L1 Leadership	"[""Leadership""]"	bhht_semantic_batch_2
920	Publicist (Profession) #5	Culture	resolved	high	该岗位通过创作、演出、编辑、制作或传播文化内容完成工作，归入 Culture。	occupation_meaning:该岗位通过创作、演出、编辑、制作或传播文化内容完成工作，归入 Culture。; author_role_analogy:author L1 Culture	"[""Culture""]"	bhht_semantic_batch_2
923	Network administrator	Discovery/Science	resolved	high	该岗位以专业研究、教学、医疗服务或技术开发为核心，属于知识与科学专业职能。	occupation_meaning:该岗位以专业研究、教学、医疗服务或技术开发为核心，属于知识与科学专业职能。; author_role_analogy:author L1 Discovery/Science	"[""Discovery/Science""]"	bhht_semantic_batch_2
926	Radio announcer	Culture	resolved	high	该岗位通过创作、演出、编辑、制作或传播文化内容完成工作，归入 Culture。	occupation_meaning:该岗位通过创作、演出、编辑、制作或传播文化内容完成工作，归入 Culture。; author_role_analogy:author L1 Culture	"[""Culture""]"	bhht_semantic_batch_2
930	Investment broker	Other	resolved	high	Investment broker 为客户撮合证券或其他投资产品交易，属于金融经纪专业服务；作者 broker 相近职业归 Other。	occupation_meaning:Investment broker 为客户撮合证券或其他投资产品交易，属于金融经纪专业服务；作者 broker 相近职业归 Other。; author_role_analogy:author L1 Other	"[""Other""]"	bhht_semantic_batch_2
936	Professional Wrestling Booker	Sports/Games	resolved	high	Professional wrestling booker 负责编排摔角赛事对阵与故事线，直接服务于摔角比赛。	occupation_meaning:Professional wrestling booker 负责编排摔角赛事对阵与故事线，直接服务于摔角比赛。; author_role_analogy:author L1 Sports/Games	"[""Sports/Games""]"	bhht_semantic_batch_2
939	Dubber	Culture	resolved	high	Dubber 为影视作品录制配音/对白，属于影视声音制作。	occupation_meaning:Dubber 为影视作品录制配音/对白，属于影视声音制作。; author_role_analogy:author L1 Culture	"[""Culture""]"	bhht_semantic_batch_2
943	Concert Producer	Culture	resolved	high	该岗位通过创作、演出、编辑、制作或传播文化内容完成工作，归入 Culture。	occupation_meaning:该岗位通过创作、演出、编辑、制作或传播文化内容完成工作，归入 Culture。; author_role_analogy:author L1 Culture	"[""Culture""]"	bhht_semantic_batch_2
948	Historian of Science	Discovery/Science	resolved	high	该岗位以专业研究、教学、医疗服务或技术开发为核心，属于知识与科学专业职能。	occupation_meaning:该岗位以专业研究、教学、医疗服务或技术开发为核心，属于知识与科学专业职能。; author_role_analogy:author L1 Discovery/Science	"[""Discovery/Science""]"	bhht_semantic_batch_2
952	College Administrator	Discovery/Science	resolved	high	该岗位以专业研究、教学、医疗服务或技术开发为核心，属于知识与科学专业职能。	occupation_meaning:该岗位以专业研究、教学、医疗服务或技术开发为核心，属于知识与科学专业职能。; author_role_analogy:author L1 Discovery/Science	"[""Discovery/Science""]"	bhht_semantic_batch_2
955	Cyberneticist	Discovery/Science	resolved	high	该岗位以专业研究、教学、医疗服务或技术开发为核心，属于知识与科学专业职能。	occupation_meaning:该岗位以专业研究、教学、医疗服务或技术开发为核心，属于知识与科学专业职能。; author_role_analogy:author L1 Discovery/Science	"[""Discovery/Science""]"	bhht_semantic_batch_2
960	Theatrical Set Designer	Culture	resolved	high	该岗位通过创作、演出、编辑、制作或传播文化内容完成工作，归入 Culture。	occupation_meaning:该岗位通过创作、演出、编辑、制作或传播文化内容完成工作，归入 Culture。; author_role_analogy:author L1 Culture	"[""Culture""]"	bhht_semantic_batch_2
964	News producer	Culture	resolved	high	该岗位通过创作、演出、编辑、制作或传播文化内容完成工作，归入 Culture。	occupation_meaning:该岗位通过创作、演出、编辑、制作或传播文化内容完成工作，归入 Culture。; author_role_analogy:author L1 Culture	"[""Culture""]"	bhht_semantic_batch_2
971	Mental health professional	Discovery/Science	resolved	high	该岗位以专业研究、教学、医疗服务或技术开发为核心，属于知识与科学专业职能。	occupation_meaning:该岗位以专业研究、教学、医疗服务或技术开发为核心，属于知识与科学专业职能。; author_role_analogy:author L1 Discovery/Science	"[""Discovery/Science""]"	bhht_semantic_batch_2
974	Letterer	Culture	resolved	high	该岗位通过创作、演出、编辑、制作或传播文化内容完成工作，归入 Culture。	occupation_meaning:该岗位通过创作、演出、编辑、制作或传播文化内容完成工作，归入 Culture。; author_role_analogy:author L1 Culture	"[""Culture""]"	bhht_semantic_batch_2
978	A&R executive	Culture	resolved	medium	该岗位通过创作、演出、编辑、制作或传播文化内容完成工作，归入 Culture。	occupation_meaning:该岗位通过创作、演出、编辑、制作或传播文化内容完成工作，归入 Culture。; author_role_analogy:author L1 Culture	"[""Culture""]"	bhht_semantic_batch_2
981	Freelance Writer	Culture	resolved	high	该岗位通过创作、演出、编辑、制作或传播文化内容完成工作，归入 Culture。	occupation_meaning:该岗位通过创作、演出、编辑、制作或传播文化内容完成工作，归入 Culture。; author_role_analogy:author L1 Culture	"[""Culture""]"	bhht_semantic_batch_2
985	Basketball Analyst	Culture	resolved	high	该岗位通过创作、演出、编辑、制作或传播文化内容完成工作，归入 Culture。	occupation_meaning:该岗位通过创作、演出、编辑、制作或传播文化内容完成工作，归入 Culture。; author_role_analogy:author L1 Culture	"[""Culture""]"	bhht_semantic_batch_2
988	White-collar worker	Other	resolved	high	该岗位属于一般服务、日常工种、小型经营、家庭身份或其他非四类核心职能，归入 Other。	occupation_meaning:该岗位属于一般服务、日常工种、小型经营、家庭身份或其他非四类核心职能，归入 Other。; author_role_analogy:author L1 Other	"[""Other""]"	bhht_semantic_batch_2
991	Angel investor	Leadership	resolved	medium	该岗位履行治理、司法、军事指挥、宗教权威或组织/商业管理职责，归入 Leadership。	occupation_meaning:该岗位履行治理、司法、军事指挥、宗教权威或组织/商业管理职责，归入 Leadership。; author_role_analogy:author L1 Leadership	"[""Leadership""]"	bhht_semantic_batch_2
996	Marine biologist	Discovery/Science	resolved	high	该岗位以专业研究、教学、医疗服务或技术开发为核心，属于知识与科学专业职能。	occupation_meaning:该岗位以专业研究、教学、医疗服务或技术开发为核心，属于知识与科学专业职能。; author_role_analogy:author L1 Discovery/Science	"[""Discovery/Science""]"	bhht_semantic_batch_2
1000	Special Effects Designer	Culture	resolved	high	该岗位通过创作、演出、编辑、制作或传播文化内容完成工作，归入 Culture。	occupation_meaning:该岗位通过创作、演出、编辑、制作或传播文化内容完成工作，归入 Culture。; author_role_analogy:author L1 Culture	"[""Culture""]"	bhht_semantic_batch_2
1004	TV Meteorologist	Discovery/Science	resolved	high	该岗位以专业研究、教学、医疗服务或技术开发为核心，属于知识与科学专业职能。	occupation_meaning:该岗位以专业研究、教学、医疗服务或技术开发为核心，属于知识与科学专业职能。; author_role_analogy:author L1 Discovery/Science	"[""Discovery/Science""]"	bhht_semantic_batch_2
1007	Alchemist	Discovery/Science	resolved	high	该岗位以专业研究、教学、医疗服务或技术开发为核心，属于知识与科学专业职能。	occupation_meaning:该岗位以专业研究、教学、医疗服务或技术开发为核心，属于知识与科学专业职能。; author_role_analogy:author L1 Discovery/Science	"[""Discovery/Science""]"	bhht_semantic_batch_2
1010	Cinematography	Culture	resolved	high	Cinematography 是电影摄影工作，负责以摄影机、镜头和光线实现影片画面表达，属于影视制作。	occupation_meaning:Cinematography 是电影摄影工作，负责以摄影机、镜头和光线实现影片画面表达，属于影视制作。; author_role_analogy:author L1 Culture	"[""Culture""]"	bhht_semantic_batch_2
1013	Digital Artist	Culture	resolved	high	该岗位通过创作、演出、编辑、制作或传播文化内容完成工作，归入 Culture。	occupation_meaning:该岗位通过创作、演出、编辑、制作或传播文化内容完成工作，归入 Culture。; author_role_analogy:author L1 Culture	"[""Culture""]"	bhht_semantic_batch_2
1016	Registrar		needs_context	low	Registrar 可指学校、法院、医疗机构或其他组织中的登记/行政岗位，缺少机构语境，无法确定 L1。	occupation_meaning:原值只给出泛称、资格、身份或无法确认的文本，需补充具体职责/语境。	"[""Discovery/Science"",""Leadership"",""Other""]"	bhht_semantic_batch_2
1019	Music criticism	Culture	resolved	high	Music criticism 通过评论和分析音乐作品向读者/听众传播文化评价，属于文化写作。	occupation_meaning:Music criticism 通过评论和分析音乐作品向读者/听众传播文化评价，属于文化写作。; author_role_analogy:author L1 Culture	"[""Culture""]"	bhht_semantic_batch_2
1022	People's Artist of Ukraine	Culture	resolved	high	该岗位通过创作、演出、编辑、制作或传播文化内容完成工作，归入 Culture。	occupation_meaning:该岗位通过创作、演出、编辑、制作或传播文化内容完成工作，归入 Culture。; author_role_analogy:author L1 Culture	"[""Culture""]"	bhht_semantic_batch_2
1025	Partisan		needs_context	low	可指党派支持者，也可指武装抵抗组织成员，两种含义的实际职责和类别不同。	occupation_meaning:原值只给出泛称、资格、身份或无法确认的文本，需补充具体职责/语境。	"[""Leadership"",""Other""]"	bhht_semantic_batch_2
1028	Public figure		needs_context	low	这是公众知名度/身份描述，不说明其职业职能，可能覆盖多个真实 L1。	occupation_meaning:原值只给出泛称、资格、身份或无法确认的文本，需补充具体职责/语境。	"[""Culture"",""Leadership"",""Sports/Games"",""Other""]"	bhht_semantic_batch_2
1031	Jazz Artist/Singer	Culture	resolved	high	该岗位通过创作、演出、编辑、制作或传播文化内容完成工作，归入 Culture。	occupation_meaning:该岗位通过创作、演出、编辑、制作或传播文化内容完成工作，归入 Culture。; author_role_analogy:author L1 Culture	"[""Culture""]"	bhht_semantic_batch_2
1034	Film Journalist	Culture	resolved	high	该岗位通过创作、演出、编辑、制作或传播文化内容完成工作，归入 Culture。	occupation_meaning:该岗位通过创作、演出、编辑、制作或传播文化内容完成工作，归入 Culture。; author_role_analogy:author L1 Culture	"[""Culture""]"	bhht_semantic_batch_2
1040	Greengrocer	Other	resolved	high	该岗位属于一般服务、日常工种、小型经营、家庭身份或其他非四类核心职能，归入 Other。	occupation_meaning:该岗位属于一般服务、日常工种、小型经营、家庭身份或其他非四类核心职能，归入 Other。; author_role_analogy:author L1 Other	"[""Other""]"	bhht_semantic_batch_2
1043	Art Conservator	Culture	resolved	high	该岗位通过创作、演出、编辑、制作或传播文化内容完成工作，归入 Culture。	occupation_meaning:该岗位通过创作、演出、编辑、制作或传播文化内容完成工作，归入 Culture。; author_role_analogy:author L1 Culture	"[""Culture""]"	bhht_semantic_batch_2
1047	Methodist minister	Leadership	resolved	high	Faqīh 是伊斯兰法学专家/法学家，作为宗教法律权威归入 Leadership。	https://www.sloughislamictrust.org.uk/dictionary/meaning/jurist-expert/	"[""Leadership""]"	bhht_semantic_batch_2
1052	Lineman		needs_context	low	Lineman 可指美式足球位置，也可指电力/通信线路工，语境缺失会导致不同 L1。	occupation_meaning:原值只给出泛称、资格、身份或无法确认的文本，需补充具体职责/语境。	"[""Sports/Games"",""Other""]"	bhht_semantic_batch_2
1056	Biblical Scholar	Discovery/Science	resolved	high	该岗位以专业研究、教学、医疗服务或技术开发为核心，属于知识与科学专业职能。	occupation_meaning:该岗位以专业研究、教学、医疗服务或技术开发为核心，属于知识与科学专业职能。; author_role_analogy:author L1 Discovery/Science	"[""Discovery/Science""]"	bhht_semantic_batch_2
1063	Legal Scholar	Discovery/Science	resolved	high	该岗位以专业研究、教学、医疗服务或技术开发为核心，属于知识与科学专业职能。	occupation_meaning:该岗位以专业研究、教学、医疗服务或技术开发为核心，属于知识与科学专业职能。; author_role_analogy:author L1 Discovery/Science	"[""Discovery/Science""]"	bhht_semantic_batch_2
1067	Shepherd	Other	resolved	high	该岗位属于一般服务、日常工种、小型经营、家庭身份或其他非四类核心职能，归入 Other。	occupation_meaning:该岗位属于一般服务、日常工种、小型经营、家庭身份或其他非四类核心职能，归入 Other。; author_role_analogy:author L1 Other	"[""Other""]"	bhht_semantic_batch_2
1070	Semantic Web		needs_context	low	这是技术领域名称而非明确岗位；缺少从事研究、开发或倡议等职责信息。	occupation_meaning:原值只给出泛称、资格、身份或无法确认的文本，需补充具体职责/语境。	[]	bhht_semantic_batch_2
1073	Gamekeeper	Other	resolved	high	该岗位属于一般服务、日常工种、小型经营、家庭身份或其他非四类核心职能，归入 Other。	occupation_meaning:该岗位属于一般服务、日常工种、小型经营、家庭身份或其他非四类核心职能，归入 Other。; author_role_analogy:author L1 Other	"[""Other""]"	bhht_semantic_batch_2
1076	Fashion entrepreneur	Leadership	resolved	medium	Fashion entrepreneur 创办或经营时尚企业，核心职责是经营商业项目；“fashion”说明行业，不足以把企业创业职能改判为文化制作。	occupation_meaning:Fashion entrepreneur 创办或经营时尚企业，核心职责是经营商业项目；“fashion”说明行业，不足以把企业创业职能改判为文化制作。; author_role_analogy:author L1 Leadership	"[""Leadership""]"	bhht_semantic_batch_2
1080	Managing Director	Leadership	resolved	medium	该岗位履行治理、司法、军事指挥、宗教权威或组织/商业管理职责，归入 Leadership。	occupation_meaning:该岗位履行治理、司法、军事指挥、宗教权威或组织/商业管理职责，归入 Leadership。; author_role_analogy:author L1 Leadership	"[""Leadership""]"	bhht_semantic_batch_2
1083	Political campaigner	Leadership	resolved	high	该岗位履行治理、司法、军事指挥、宗教权威或组织/商业管理职责，归入 Leadership。	occupation_meaning:该岗位履行治理、司法、军事指挥、宗教权威或组织/商业管理职责，归入 Leadership。; author_role_analogy:author L1 Leadership	"[""Leadership""]"	bhht_semantic_batch_2
1086	Television executive producer	Culture	resolved	medium	该岗位通过创作、演出、编辑、制作或传播文化内容完成工作，归入 Culture。	occupation_meaning:该岗位通过创作、演出、编辑、制作或传播文化内容完成工作，归入 Culture。; author_role_analogy:author L1 Culture	"[""Culture""]"	bhht_semantic_batch_2
1089	Acrobatics	Culture	resolved	high	该岗位通过创作、演出、编辑、制作或传播文化内容完成工作，归入 Culture。	occupation_meaning:该岗位通过创作、演出、编辑、制作或传播文化内容完成工作，归入 Culture。; author_role_analogy:author L1 Culture	"[""Culture""]"	bhht_semantic_batch_2
1093	English Professor	Discovery/Science	resolved	high	该岗位以专业研究、教学、医疗服务或技术开发为核心，属于知识与科学专业职能。	occupation_meaning:该岗位以专业研究、教学、医疗服务或技术开发为核心，属于知识与科学专业职能。; author_role_analogy:author L1 Discovery/Science	"[""Discovery/Science""]"	bhht_semantic_batch_2
1098	Dental hygienist	Discovery/Science	resolved	high	该岗位以专业研究、教学、医疗服务或技术开发为核心，属于知识与科学专业职能。	occupation_meaning:该岗位以专业研究、教学、医疗服务或技术开发为核心，属于知识与科学专业职能。; author_role_analogy:author L1 Discovery/Science	"[""Discovery/Science""]"	bhht_semantic_batch_2
1102	Theater Actress	Culture	resolved	high	该岗位通过创作、演出、编辑、制作或传播文化内容完成工作，归入 Culture。	occupation_meaning:该岗位通过创作、演出、编辑、制作或传播文化内容完成工作，归入 Culture。; author_role_analogy:author L1 Culture	"[""Culture""]"	bhht_semantic_batch_2
1105	Enzymologist	Discovery/Science	resolved	high	该岗位以专业研究、教学、医疗服务或技术开发为核心，属于知识与科学专业职能。	occupation_meaning:该岗位以专业研究、教学、医疗服务或技术开发为核心，属于知识与科学专业职能。; author_role_analogy:author L1 Discovery/Science	"[""Discovery/Science""]"	bhht_semantic_batch_2
1109	Guest speaker		needs_context	low	只说明临时受邀发言的身份，未给出演讲领域或主要职业，不能据此定 L1。	occupation_meaning:原值只给出泛称、资格、身份或无法确认的文本，需补充具体职责/语境。	[]	bhht_semantic_batch_2
1114	Government agent		needs_context	low	未说明代理机构和工作职责；政府代理人可能承担执法、情报、行政或其他职能，无法仅由“agent”确定 L1。	occupation_meaning:原值只给出泛称、资格、身份或无法确认的文本，需补充具体职责/语境。	"[""Leadership"",""Other""]"	bhht_semantic_batch_2
1118	TV Art Director	Culture	resolved	high	该岗位通过创作、演出、编辑、制作或传播文化内容完成工作，归入 Culture。	occupation_meaning:该岗位通过创作、演出、编辑、制作或传播文化内容完成工作，归入 Culture。; author_role_analogy:author L1 Culture	"[""Culture""]"	bhht_semantic_batch_2
1123	Character Designer	Culture	resolved	high	该岗位通过创作、演出、编辑、制作或传播文化内容完成工作，归入 Culture。	occupation_meaning:该岗位通过创作、演出、编辑、制作或传播文化内容完成工作，归入 Culture。; author_role_analogy:author L1 Culture	"[""Culture""]"	bhht_semantic_batch_2
1126	noblewoman	Leadership	resolved	high	该岗位履行治理、司法、军事指挥、宗教权威或组织/商业管理职责，归入 Leadership。	occupation_meaning:该岗位履行治理、司法、军事指挥、宗教权威或组织/商业管理职责，归入 Leadership。; author_role_analogy:author L1 Leadership	"[""Leadership""]"	bhht_semantic_batch_2
1129	Theatre teacher	Culture	resolved	high	该岗位通过创作、演出、编辑、制作或传播文化内容完成工作，归入 Culture。	occupation_meaning:该岗位通过创作、演出、编辑、制作或传播文化内容完成工作，归入 Culture。; author_role_analogy:author L1 Culture	"[""Culture""]"	bhht_semantic_batch_2
1132	Ship-owner	Leadership	resolved	high	船舶所有者拥有并经营船舶资产，属于商业经营者身份。	occupation_meaning:船舶所有者拥有并经营船舶资产，属于商业经营者身份。; author_role_analogy:author L1 Leadership	"[""Leadership""]"	bhht_semantic_batch_2
1137	Folk Artist	Culture	resolved	high	该岗位通过创作、演出、编辑、制作或传播文化内容完成工作，归入 Culture。	occupation_meaning:该岗位通过创作、演出、编辑、制作或传播文化内容完成工作，归入 Culture。; author_role_analogy:author L1 Culture	"[""Culture""]"	bhht_semantic_batch_2
1140	Clerk (Profession) #147	Other	resolved	high	该岗位属于一般服务、日常工种、小型经营、家庭身份或其他非四类核心职能，归入 Other。	occupation_meaning:该岗位属于一般服务、日常工种、小型经营、家庭身份或其他非四类核心职能，归入 Other。; author_role_analogy:author L1 Other	"[""Other""]"	bhht_semantic_batch_2
1143	Chief mate	Leadership	resolved	high	Chief mate 是船长以下的高级甲板官员，负责航行值班并协助指挥船员，属组织/航海管理。	occupation_meaning:Chief mate 是船长以下的高级甲板官员，负责航行值班并协助指挥船员，属组织/航海管理。; author_role_analogy:author L1 Leadership	"[""Leadership""]"	bhht_semantic_batch_2
1146	Road manager	Culture	resolved	high	该岗位通过创作、演出、编辑、制作或传播文化内容完成工作，归入 Culture。	occupation_meaning:该岗位通过创作、演出、编辑、制作或传播文化内容完成工作，归入 Culture。; author_role_analogy:author L1 Culture	"[""Culture""]"	bhht_semantic_batch_2
1151	Art History Professor	Discovery/Science	resolved	high	该岗位以专业研究、教学、医疗服务或技术开发为核心，属于知识与科学专业职能。	occupation_meaning:该岗位以专业研究、教学、医疗服务或技术开发为核心，属于知识与科学专业职能。; author_role_analogy:author L1 Discovery/Science	"[""Discovery/Science""]"	bhht_semantic_batch_2
1157	Softball Player	Sports/Games	resolved	high	该岗位直接参与竞技项目、竞赛组织、体育训练/裁判或游戏活动，归入 Sports/Games。	occupation_meaning:该岗位直接参与竞技项目、竞赛组织、体育训练/裁判或游戏活动，归入 Sports/Games。; author_role_analogy:author L1 Sports/Games	"[""Sports/Games""]"	bhht_semantic_batch_2
1163	Digital marketing	Other	resolved	high	Digital marketing 从事线上推广和营销执行，是常规商业服务岗位，归 Other。	occupation_meaning:Digital marketing 从事线上推广和营销执行，是常规商业服务岗位，归 Other。; author_role_analogy:author L1 Other	"[""Other""]"	bhht_semantic_batch_2
1166	Java Developer	Discovery/Science	resolved	high	该岗位以专业研究、教学、医疗服务或技术开发为核心，属于知识与科学专业职能。	occupation_meaning:该岗位以专业研究、教学、医疗服务或技术开发为核心，属于知识与科学专业职能。; author_role_analogy:author L1 Discovery/Science	"[""Discovery/Science""]"	bhht_semantic_batch_2
1169	Lieutenant colonel	Leadership	resolved	high	该岗位履行治理、司法、军事指挥、宗教权威或组织/商业管理职责，归入 Leadership。	occupation_meaning:该岗位履行治理、司法、军事指挥、宗教权威或组织/商业管理职责，归入 Leadership。; author_role_analogy:author L1 Leadership	"[""Leadership""]"	bhht_semantic_batch_2
1173	Aquanaut	Discovery/Science	resolved	high	该岗位以专业研究、教学、医疗服务或技术开发为核心，属于知识与科学专业职能。	occupation_meaning:该岗位以专业研究、教学、医疗服务或技术开发为核心，属于知识与科学专业职能。; author_role_analogy:author L1 Discovery/Science	"[""Discovery/Science""]"	bhht_semantic_batch_2
1176	Labour leader	Leadership	resolved	medium	该岗位履行治理、司法、军事指挥、宗教权威或组织/商业管理职责，归入 Leadership。	occupation_meaning:该岗位履行治理、司法、军事指挥、宗教权威或组织/商业管理职责，归入 Leadership。; author_role_analogy:author L1 Leadership	"[""Leadership""]"	bhht_semantic_batch_2
1181	Historian of Philosophy and Religion	Discovery/Science	resolved	high	该岗位以专业研究、教学、医疗服务或技术开发为核心，属于知识与科学专业职能。	occupation_meaning:该岗位以专业研究、教学、医疗服务或技术开发为核心，属于知识与科学专业职能。; author_role_analogy:author L1 Discovery/Science	"[""Discovery/Science""]"	bhht_semantic_batch_2
1185	Line producer	Culture	resolved	high	该岗位通过创作、演出、编辑、制作或传播文化内容完成工作，归入 Culture。	occupation_meaning:该岗位通过创作、演出、编辑、制作或传播文化内容完成工作，归入 Culture。; author_role_analogy:author L1 Culture	"[""Culture""]"	bhht_semantic_batch_2
1188	Expert		needs_context	low	“Expert”只表示具备专长，没有指出专业领域或工作职责。	occupation_meaning:原值只给出泛称、资格、身份或无法确认的文本，需补充具体职责/语境。	[]	bhht_semantic_batch_2
1191	Caterer	Other	resolved	high	该岗位属于一般服务、日常工种、小型经营、家庭身份或其他非四类核心职能，归入 Other。	occupation_meaning:该岗位属于一般服务、日常工种、小型经营、家庭身份或其他非四类核心职能，归入 Other。; author_role_analogy:author L1 Other	"[""Other""]"	bhht_semantic_batch_2
1194	Pilgrim Fathers		needs_context	low	这是历史群体/身份称谓，而非明确职业名称；文本没有提供可归类的工作职责。	occupation_meaning:原值只给出泛称、资格、身份或无法确认的文本，需补充具体职责/语境。	[]	bhht_semantic_batch_2
1198	Theater Arts Educator	Culture	resolved	high	该岗位通过创作、演出、编辑、制作或传播文化内容完成工作，归入 Culture。	occupation_meaning:该岗位通过创作、演出、编辑、制作或传播文化内容完成工作，归入 Culture。; author_role_analogy:author L1 Culture	"[""Culture""]"	bhht_semantic_batch_2
1201	Independent contractor		needs_context	low	这是雇佣/合同关系形式，不表明承包工作的职业领域。	occupation_meaning:原值只给出泛称、资格、身份或无法确认的文本，需补充具体职责/语境。	"[""Culture"",""Discovery/Science"",""Leadership"",""Sports/Games"",""Other""]"	bhht_semantic_batch_2
1204	Human Resources Officer	Leadership	resolved	medium	该岗位履行治理、司法、军事指挥、宗教权威或组织/商业管理职责，归入 Leadership。	occupation_meaning:该岗位履行治理、司法、军事指挥、宗教权威或组织/商业管理职责，归入 Leadership。; author_role_analogy:author L1 Leadership	"[""Leadership""]"	bhht_semantic_batch_2
1211	Software development	Discovery/Science	resolved	high	Software development 编写、维护和交付软件程序，属于技术开发。	occupation_meaning:Software development 编写、维护和交付软件程序，属于技术开发。; author_role_analogy:author L1 Discovery/Science	"[""Discovery/Science""]"	bhht_semantic_batch_2
1217	Roboticist	Discovery/Science	resolved	high	该岗位以专业研究、教学、医疗服务或技术开发为核心，属于知识与科学专业职能。	occupation_meaning:该岗位以专业研究、教学、医疗服务或技术开发为核心，属于知识与科学专业职能。; author_role_analogy:author L1 Discovery/Science	"[""Discovery/Science""]"	bhht_semantic_batch_2
1220	Professional Wrestling Promoter	Sports/Games	resolved	medium	Professional wrestling promoter 组织并推广摔角赛事，属于摔角竞赛运营。	occupation_meaning:Professional wrestling promoter 组织并推广摔角赛事，属于摔角竞赛运营。; author_role_analogy:author L1 Sports/Games	"[""Sports/Games""]"	bhht_semantic_batch_2
1226	Editorial Writer	Culture	resolved	high	该岗位通过创作、演出、编辑、制作或传播文化内容完成工作，归入 Culture。	occupation_meaning:该岗位通过创作、演出、编辑、制作或传播文化内容完成工作，归入 Culture。; author_role_analogy:author L1 Culture	"[""Culture""]"	bhht_semantic_batch_2
1230	Driller	Other	resolved	high	该岗位属于一般服务、日常工种、小型经营、家庭身份或其他非四类核心职能，归入 Other。	occupation_meaning:该岗位属于一般服务、日常工种、小型经营、家庭身份或其他非四类核心职能，归入 Other。; author_role_analogy:author L1 Other	"[""Other""]"	bhht_semantic_batch_2
1233	Payroll (Profession)	Other	resolved	high	该岗位属于一般服务、日常工种、小型经营、家庭身份或其他非四类核心职能，归入 Other。	occupation_meaning:该岗位属于一般服务、日常工种、小型经营、家庭身份或其他非四类核心职能，归入 Other。; author_role_analogy:author L1 Other	"[""Other""]"	bhht_semantic_batch_2
1237	Open source/Internet technologist	Discovery/Science	resolved	high	该岗位以专业研究、教学、医疗服务或技术开发为核心，属于知识与科学专业职能。	occupation_meaning:该岗位以专业研究、教学、医疗服务或技术开发为核心，属于知识与科学专业职能。; author_role_analogy:author L1 Discovery/Science	"[""Discovery/Science""]"	bhht_semantic_batch_2
1241	Bellhop	Other	resolved	high	该岗位属于一般服务、日常工种、小型经营、家庭身份或其他非四类核心职能，归入 Other。	occupation_meaning:该岗位属于一般服务、日常工种、小型经营、家庭身份或其他非四类核心职能，归入 Other。; author_role_analogy:author L1 Other	"[""Other""]"	bhht_semantic_batch_2
1245	Handmade soap		needs_context	low	这是手工皂产品/制作领域的短语，没有明确说明它表示制作者这一职业。	occupation_meaning:原值只给出泛称、资格、身份或无法确认的文本，需补充具体职责/语境。	[]	bhht_semantic_batch_2
1248	Computer Graphics Animator	Culture	resolved	high	该岗位通过创作、演出、编辑、制作或传播文化内容完成工作，归入 Culture。	occupation_meaning:该岗位通过创作、演出、编辑、制作或传播文化内容完成工作，归入 Culture。; author_role_analogy:author L1 Culture	"[""Culture""]"	bhht_semantic_batch_2
1251	Genetics Counselor	Discovery/Science	resolved	high	该岗位以专业研究、教学、医疗服务或技术开发为核心，属于知识与科学专业职能。	occupation_meaning:该岗位以专业研究、教学、医疗服务或技术开发为核心，属于知识与科学专业职能。; author_role_analogy:author L1 Discovery/Science	"[""Discovery/Science""]"	bhht_semantic_batch_2
1254	Nuclear Physicist	Discovery/Science	resolved	high	该岗位以专业研究、教学、医疗服务或技术开发为核心，属于知识与科学专业职能。	occupation_meaning:该岗位以专业研究、教学、医疗服务或技术开发为核心，属于知识与科学专业职能。; author_role_analogy:author L1 Discovery/Science	"[""Discovery/Science""]"	bhht_semantic_batch_2
1258	Intellectual Historian	Discovery/Science	resolved	high	该岗位以专业研究、教学、医疗服务或技术开发为核心，属于知识与科学专业职能。	occupation_meaning:该岗位以专业研究、教学、医疗服务或技术开发为核心，属于知识与科学专业职能。; author_role_analogy:author L1 Discovery/Science	"[""Discovery/Science""]"	bhht_semantic_batch_2
1261	Milkmaid	Other	resolved	high	该岗位属于一般服务、日常工种、小型经营、家庭身份或其他非四类核心职能，归入 Other。	occupation_meaning:该岗位属于一般服务、日常工种、小型经营、家庭身份或其他非四类核心职能，归入 Other。; author_role_analogy:author L1 Other	"[""Other""]"	bhht_semantic_batch_2
1265	Diagnostic radiographer	Discovery/Science	resolved	high	该岗位以专业研究、教学、医疗服务或技术开发为核心，属于知识与科学专业职能。	occupation_meaning:该岗位以专业研究、教学、医疗服务或技术开发为核心，属于知识与科学专业职能。; author_role_analogy:author L1 Discovery/Science	"[""Discovery/Science""]"	bhht_semantic_batch_2
1268	VFX creative director	Culture	resolved	high	该岗位通过创作、演出、编辑、制作或传播文化内容完成工作，归入 Culture。	occupation_meaning:该岗位通过创作、演出、编辑、制作或传播文化内容完成工作，归入 Culture。; author_role_analogy:author L1 Culture	"[""Culture""]"	bhht_semantic_batch_2
1274	Costume Supervisor	Culture	resolved	high	该岗位通过创作、演出、编辑、制作或传播文化内容完成工作，归入 Culture。	occupation_meaning:该岗位通过创作、演出、编辑、制作或传播文化内容完成工作，归入 Culture。; author_role_analogy:author L1 Culture	"[""Culture""]"	bhht_semantic_batch_2
1278	Silent Film Actress	Culture	resolved	high	该岗位通过创作、演出、编辑、制作或传播文化内容完成工作，归入 Culture。	occupation_meaning:该岗位通过创作、演出、编辑、制作或传播文化内容完成工作，归入 Culture。; author_role_analogy:author L1 Culture	"[""Culture""]"	bhht_semantic_batch_2
1281	Special Makeup Effects Artist	Culture	resolved	high	该岗位通过创作、演出、编辑、制作或传播文化内容完成工作，归入 Culture。	occupation_meaning:该岗位通过创作、演出、编辑、制作或传播文化内容完成工作，归入 Culture。; author_role_analogy:author L1 Culture	"[""Culture""]"	bhht_semantic_batch_2
1284	FLMI		needs_context	low	FLMI 是保险业教育/专业资格称号，而非足以判定具体岗位的职业名称；持证者可能从事不同职责。	https://www.loma.org/en/professional-development/talent-mobility-suite/flmi/	"[""Leadership"",""Other""]"	bhht_semantic_batch_2
1287	Muezzin	Leadership	resolved	high	Muezzin 在清真寺宣诵每日礼拜的宣礼词，承担宗教礼仪职务，归入 Leadership。	https://en.wikisource.org/wiki/The_New_International_Encyclop%C3%A6dia/Muezzin	"[""Leadership""]"	bhht_semantic_batch_2
1291	Child Psychologist	Discovery/Science	resolved	high	该岗位以专业研究、教学、医疗服务或技术开发为核心，属于知识与科学专业职能。	occupation_meaning:该岗位以专业研究、教学、医疗服务或技术开发为核心，属于知识与科学专业职能。; author_role_analogy:author L1 Discovery/Science	"[""Discovery/Science""]"	bhht_semantic_batch_2
1295	Grip	Culture	resolved	high	影视片场 Grip 搭建和操作摄影机支撑、轨道及照明设备，属于影视制作技术工种。	occupation_meaning:影视片场 Grip 搭建和操作摄影机支撑、轨道及照明设备，属于影视制作技术工种。; author_role_analogy:author L1 Culture	"[""Culture""]"	bhht_semantic_batch_2
1298	Plantsman	Other	resolved	high	Plantsman 指熟悉园艺植物与栽培的园艺专家；按园艺栽培这一普通职业职能归 Other。	https://www.oxfordlearnersdictionaries.com/us/definition/english/plantsman	"[""Other""]"	bhht_semantic_batch_2
1301	Astrobiologist	Discovery/Science	resolved	high	该岗位以专业研究、教学、医疗服务或技术开发为核心，属于知识与科学专业职能。	occupation_meaning:该岗位以专业研究、教学、医疗服务或技术开发为核心，属于知识与科学专业职能。; author_role_analogy:author L1 Discovery/Science	"[""Discovery/Science""]"	bhht_semantic_batch_2
1306	Canine Professional		needs_context	low	该泛称可能指犬类训练、护理、饲养或其他犬业工作，不能由此确定具体职责类别。	occupation_meaning:原值只给出泛称、资格、身份或无法确认的文本，需补充具体职责/语境。	"[""Sports/Games"",""Other""]"	bhht_semantic_batch_2
1310	Tokoyama	Other	resolved	high	Tokoyama 是相扑协会雇用、为相扑力士整理发髻的传统理发师；其职责是理发服务，故归 Other。	https://www.japantimes.co.jp/sports/2018/11/14/sumo/sumo-hairdressers-require-many-years-training-specialized-tools/	"[""Other""]"	bhht_semantic_batch_2
1314	Poltician	Leadership	resolved	high	原值“Poltician”是 politician 的明显拼写误差；按政治人物的公共治理职责归 Leadership。	occupation_meaning:原值“Poltician”是 politician 的明显拼写误差；按政治人物的公共治理职责归 Leadership。; author_role_analogy:author L1 Leadership	"[""Leadership""]"	bhht_semantic_batch_2
1317	Sketch Artist	Culture	resolved	high	该岗位通过创作、演出、编辑、制作或传播文化内容完成工作，归入 Culture。	occupation_meaning:该岗位通过创作、演出、编辑、制作或传播文化内容完成工作，归入 Culture。; author_role_analogy:author L1 Culture	"[""Culture""]"	bhht_semantic_batch_2
1321	Artistic Director (Job title)	Culture	resolved	high	该岗位通过创作、演出、编辑、制作或传播文化内容完成工作，归入 Culture。	occupation_meaning:该岗位通过创作、演出、编辑、制作或传播文化内容完成工作，归入 Culture。; author_role_analogy:author L1 Culture	"[""Culture""]"	bhht_semantic_batch_2
1324	Cavalryman	Leadership	resolved	high	该岗位履行治理、司法、军事指挥、宗教权威或组织/商业管理职责，归入 Leadership。	occupation_meaning:该岗位履行治理、司法、军事指挥、宗教权威或组织/商业管理职责，归入 Leadership。; author_role_analogy:author L1 Leadership	"[""Leadership""]"	bhht_semantic_batch_2
1327	Industrial Supplies Merchant Wholesalers	Other	resolved	high	该岗位属于一般服务、日常工种、小型经营、家庭身份或其他非四类核心职能，归入 Other。	occupation_meaning:该岗位属于一般服务、日常工种、小型经营、家庭身份或其他非四类核心职能，归入 Other。; author_role_analogy:author L1 Other	"[""Other""]"	bhht_semantic_batch_2
1330	Historian of Photography	Discovery/Science	resolved	high	摄影史研究者研究摄影媒介、作品和历史脉络，属于学术研究而非摄影创作岗位。	occupation_meaning:摄影史研究者研究摄影媒介、作品和历史脉络，属于学术研究而非摄影创作岗位。; author_role_analogy:author L1 Discovery/Science	"[""Discovery/Science""]"	bhht_semantic_batch_2
1333	Merchant navy	Other	resolved	high	该岗位属于一般服务、日常工种、小型经营、家庭身份或其他非四类核心职能，归入 Other。	occupation_meaning:该岗位属于一般服务、日常工种、小型经营、家庭身份或其他非四类核心职能，归入 Other。; author_role_analogy:author L1 Other	"[""Other""]"	bhht_semantic_batch_2
1336	Special Effects Creator	Culture	resolved	high	该岗位通过创作、演出、编辑、制作或传播文化内容完成工作，归入 Culture。	occupation_meaning:该岗位通过创作、演出、编辑、制作或传播文化内容完成工作，归入 Culture。; author_role_analogy:author L1 Culture	"[""Culture""]"	bhht_semantic_batch_2
1340	Dormitory Matron	Other	resolved	high	该岗位属于一般服务、日常工种、小型经营、家庭身份或其他非四类核心职能，归入 Other。	occupation_meaning:该岗位属于一般服务、日常工种、小型经营、家庭身份或其他非四类核心职能，归入 Other。; author_role_analogy:author L1 Other	"[""Other""]"	bhht_semantic_batch_2
1343	Seashore Hotel		needs_context	low	该值看似酒店名称或住宿业务实体，而非个人职业名称，不能据此归入 L1。	occupation_meaning:原值只给出泛称、资格、身份或无法确认的文本，需补充具体职责/语境。	[]	bhht_semantic_batch_2
1346	Agricultural Agent		needs_context	low	可能指农业推广顾问、商业代理或政府农业职员，职责语境不足以在学术、治理或普通服务之间判定。	occupation_meaning:原值只给出泛称、资格、身份或无法确认的文本，需补充具体职责/语境。	"[""Discovery/Science"",""Leadership"",""Other""]"	bhht_semantic_batch_2
1349	Director of Special Effects	Culture	resolved	high	特效总监负责规划并监督影视作品中的视觉/物理特效制作，属于影视制作职能。	occupation_meaning:特效总监负责规划并监督影视作品中的视觉/物理特效制作，属于影视制作职能。; author_role_analogy:author L1 Culture	"[""Culture""]"	bhht_semantic_batch_2
1352	Logger	Other	resolved	high	该岗位属于一般服务、日常工种、小型经营、家庭身份或其他非四类核心职能，归入 Other。	occupation_meaning:该岗位属于一般服务、日常工种、小型经营、家庭身份或其他非四类核心职能，归入 Other。; author_role_analogy:author L1 Other	"[""Other""]"	bhht_semantic_batch_2
1355	Gymnastics Teacher	Sports/Games	resolved	high	该岗位直接参与竞技项目、竞赛组织、体育训练/裁判或游戏活动，归入 Sports/Games。	occupation_meaning:该岗位直接参与竞技项目、竞赛组织、体育训练/裁判或游戏活动，归入 Sports/Games。; author_role_analogy:author L1 Sports/Games	"[""Sports/Games""]"	bhht_semantic_batch_2
1359	Surgical Nurse	Discovery/Science	resolved	high	该岗位以专业研究、教学、医疗服务或技术开发为核心，属于知识与科学专业职能。	occupation_meaning:该岗位以专业研究、教学、医疗服务或技术开发为核心，属于知识与科学专业职能。; author_role_analogy:author L1 Discovery/Science	"[""Discovery/Science""]"	bhht_semantic_batch_2
1362	Automotive design	Discovery/Science	resolved	high	该岗位以专业研究、教学、医疗服务或技术开发为核心，属于知识与科学专业职能。	occupation_meaning:该岗位以专业研究、教学、医疗服务或技术开发为核心，属于知识与科学专业职能。; author_role_analogy:author L1 Discovery/Science	"[""Discovery/Science""]"	bhht_semantic_batch_2
1365	First Assistant Director	Culture	resolved	high	该岗位通过创作、演出、编辑、制作或传播文化内容完成工作，归入 Culture。	occupation_meaning:该岗位通过创作、演出、编辑、制作或传播文化内容完成工作，归入 Culture。; author_role_analogy:author L1 Culture	"[""Culture""]"	bhht_semantic_batch_2
1368	Stage combat	Culture	resolved	high	Stage combat 是舞台/影视表演中的编排式打斗设计和排演，属于表演制作。	occupation_meaning:Stage combat 是舞台/影视表演中的编排式打斗设计和排演，属于表演制作。; author_role_analogy:author L1 Culture	"[""Culture""]"	bhht_semantic_batch_2
1371	Pool Player	Sports/Games	resolved	high	该岗位直接参与竞技项目、竞赛组织、体育训练/裁判或游戏活动，归入 Sports/Games。	occupation_meaning:该岗位直接参与竞技项目、竞赛组织、体育训练/裁判或游戏活动，归入 Sports/Games。; author_role_analogy:author L1 Sports/Games	"[""Sports/Games""]"	bhht_semantic_batch_2
1374	Carmelite Friar	Leadership	resolved	high	该岗位履行治理、司法、军事指挥、宗教权威或组织/商业管理职责，归入 Leadership。	occupation_meaning:该岗位履行治理、司法、军事指挥、宗教权威或组织/商业管理职责，归入 Leadership。; author_role_analogy:author L1 Leadership	"[""Leadership""]"	bhht_semantic_batch_2
1377	Assayer	Discovery/Science	resolved	high	该岗位以专业研究、教学、医疗服务或技术开发为核心，属于知识与科学专业职能。	occupation_meaning:该岗位以专业研究、教学、医疗服务或技术开发为核心，属于知识与科学专业职能。; author_role_analogy:author L1 Discovery/Science	"[""Discovery/Science""]"	bhht_semantic_batch_2
1380	Clasics Violin Teacher	Culture	resolved	high	该岗位通过创作、演出、编辑、制作或传播文化内容完成工作，归入 Culture。	occupation_meaning:该岗位通过创作、演出、编辑、制作或传播文化内容完成工作，归入 Culture。; author_role_analogy:author L1 Culture	"[""Culture""]"	bhht_semantic_batch_2
1386	PR Expert	Culture	resolved	high	该岗位通过创作、演出、编辑、制作或传播文化内容完成工作，归入 Culture。	occupation_meaning:该岗位通过创作、演出、编辑、制作或传播文化内容完成工作，归入 Culture。; author_role_analogy:author L1 Culture	"[""Culture""]"	bhht_semantic_batch_2
1391	Rum-running	Other	resolved	high	该岗位属于一般服务、日常工种、小型经营、家庭身份或其他非四类核心职能，归入 Other。	occupation_meaning:该岗位属于一般服务、日常工种、小型经营、家庭身份或其他非四类核心职能，归入 Other。; author_role_analogy:author L1 Other	"[""Other""]"	bhht_semantic_batch_2
1395	Shoemaking	Other	resolved	high	该岗位属于一般服务、日常工种、小型经营、家庭身份或其他非四类核心职能，归入 Other。	occupation_meaning:该岗位属于一般服务、日常工种、小型经营、家庭身份或其他非四类核心职能，归入 Other。; author_role_analogy:author L1 Other	"[""Other""]"	bhht_semantic_batch_2
1402	Multi Media Artist	Culture	resolved	high	该岗位通过创作、演出、编辑、制作或传播文化内容完成工作，归入 Culture。	occupation_meaning:该岗位通过创作、演出、编辑、制作或传播文化内容完成工作，归入 Culture。; author_role_analogy:author L1 Culture	"[""Culture""]"	bhht_semantic_batch_2
1405	Security Firm Chief	Leadership	resolved	medium	该岗位履行治理、司法、军事指挥、宗教权威或组织/商业管理职责，归入 Leadership。	occupation_meaning:该岗位履行治理、司法、军事指挥、宗教权威或组织/商业管理职责，归入 Leadership。; author_role_analogy:author L1 Leadership	"[""Leadership""]"	bhht_semantic_batch_2
1408	Trampoline Gymnast	Sports/Games	resolved	high	该岗位直接参与竞技项目、竞赛组织、体育训练/裁判或游戏活动，归入 Sports/Games。	occupation_meaning:该岗位直接参与竞技项目、竞赛组织、体育训练/裁判或游戏活动，归入 Sports/Games。; author_role_analogy:author L1 Sports/Games	"[""Sports/Games""]"	bhht_semantic_batch_2
1412	Professor (Profession) #40	Discovery/Science	resolved	high	该岗位以专业研究、教学、医疗服务或技术开发为核心，属于知识与科学专业职能。	occupation_meaning:该岗位以专业研究、教学、医疗服务或技术开发为核心，属于知识与科学专业职能。; author_role_analogy:author L1 Discovery/Science	"[""Discovery/Science""]"	bhht_semantic_batch_2
1415	Escapology	Culture	resolved	high	Escapology 指表演者从束缚或机关中脱身的魔术/杂技表演形式，属于娱乐表演。	https://www.dictionary.com/browse/escapology	"[""Culture""]"	bhht_semantic_batch_2
1418	Recruitment Officer	Other	resolved	high	Recruitment Officer 负责筛选候选人、协调面试与招聘流程，是普通人事服务岗位，不承担治理职务。	occupation_meaning:Recruitment Officer 负责筛选候选人、协调面试与招聘流程，是普通人事服务岗位，不承担治理职务。; author_role_analogy:author L1 Other	"[""Other""]"	bhht_semantic_batch_2
1421	Benshi	Culture	resolved	high	Benshi 是日本无声电影现场讲述/解释影片的表演者，属于电影文化传播。	https://aboutjapan.japansociety.org/content.cfm/a_brief_history_of_benshi	"[""Culture""]"	bhht_semantic_batch_2
1424	Reverand	Leadership	resolved	high	该岗位履行治理、司法、军事指挥、宗教权威或组织/商业管理职责，归入 Leadership。	occupation_meaning:该岗位履行治理、司法、军事指挥、宗教权威或组织/商业管理职责，归入 Leadership。; author_role_analogy:author L1 Leadership	"[""Leadership""]"	bhht_semantic_batch_2
1427	Machine Tool operator	Other	resolved	high	该岗位属于一般服务、日常工种、小型经营、家庭身份或其他非四类核心职能，归入 Other。	occupation_meaning:该岗位属于一般服务、日常工种、小型经营、家庭身份或其他非四类核心职能，归入 Other。; author_role_analogy:author L1 Other	"[""Other""]"	bhht_semantic_batch_2
1430	Shock jock	Culture	resolved	high	该岗位通过创作、演出、编辑、制作或传播文化内容完成工作，归入 Culture。	occupation_meaning:该岗位通过创作、演出、编辑、制作或传播文化内容完成工作，归入 Culture。; author_role_analogy:author L1 Culture	"[""Culture""]"	bhht_semantic_batch_2
1433	Faqīh	Leadership	resolved	high	Faqīh 是伊斯兰法学专家/法学家，履行宗教法律解释职能。	https://www.sloughislamictrust.org.uk/dictionary/meaning/jurist-expert/	"[""Leadership""]"	bhht_semantic_batch_2
1437	Lord Chamberlain	Leadership	resolved	high	该岗位履行治理、司法、军事指挥、宗教权威或组织/商业管理职责，归入 Leadership。	occupation_meaning:该岗位履行治理、司法、军事指挥、宗教权威或组织/商业管理职责，归入 Leadership。; author_role_analogy:author L1 Leadership	"[""Leadership""]"	bhht_semantic_batch_2
1441	Crewman	Other	resolved	high	该岗位属于一般服务、日常工种、小型经营、家庭身份或其他非四类核心职能，归入 Other。	occupation_meaning:该岗位属于一般服务、日常工种、小型经营、家庭身份或其他非四类核心职能，归入 Other。; author_role_analogy:author L1 Other	"[""Other""]"	bhht_semantic_batch_2
1444	Vice admiral	Leadership	resolved	high	该岗位履行治理、司法、军事指挥、宗教权威或组织/商业管理职责，归入 Leadership。	occupation_meaning:该岗位履行治理、司法、军事指挥、宗教权威或组织/商业管理职责，归入 Leadership。; author_role_analogy:author L1 Leadership	"[""Leadership""]"	bhht_semantic_batch_2
1448	Basketball Official	Sports/Games	resolved	high	该岗位直接参与竞技项目、竞赛组织、体育训练/裁判或游戏活动，归入 Sports/Games。	occupation_meaning:该岗位直接参与竞技项目、竞赛组织、体育训练/裁判或游戏活动，归入 Sports/Games。; author_role_analogy:author L1 Sports/Games	"[""Sports/Games""]"	bhht_semantic_batch_2
1452	Physical Training Instructor	Sports/Games	resolved	high	该岗位直接参与竞技项目、竞赛组织、体育训练/裁判或游戏活动，归入 Sports/Games。	occupation_meaning:该岗位直接参与竞技项目、竞赛组织、体育训练/裁判或游戏活动，归入 Sports/Games。; author_role_analogy:author L1 Sports/Games	"[""Sports/Games""]"	bhht_semantic_batch_2
1456	Stunt Assistant	Culture	resolved	high	该岗位通过创作、演出、编辑、制作或传播文化内容完成工作，归入 Culture。	occupation_meaning:该岗位通过创作、演出、编辑、制作或传播文化内容完成工作，归入 Culture。; author_role_analogy:author L1 Culture	"[""Culture""]"	bhht_semantic_batch_2
1459	Barista	Other	resolved	high	该岗位属于一般服务、日常工种、小型经营、家庭身份或其他非四类核心职能，归入 Other。	occupation_meaning:该岗位属于一般服务、日常工种、小型经营、家庭身份或其他非四类核心职能，归入 Other。; author_role_analogy:author L1 Other	"[""Other""]"	bhht_semantic_batch_2
1462	Most Eligible		needs_context	low	这是含义不明的描述性短语，无法确认是身份、荣誉称号还是职业。	occupation_meaning:原值只给出泛称、资格、身份或无法确认的文本，需补充具体职责/语境。	[]	bhht_semantic_batch_2
1465	Attaché	Leadership	resolved	high	该岗位履行治理、司法、军事指挥、宗教权威或组织/商业管理职责，归入 Leadership。	occupation_meaning:该岗位履行治理、司法、军事指挥、宗教权威或组织/商业管理职责，归入 Leadership。; author_role_analogy:author L1 Leadership	"[""Leadership""]"	bhht_semantic_batch_2
1468	School counselor	Discovery/Science	resolved	high	该岗位以专业研究、教学、医疗服务或技术开发为核心，属于知识与科学专业职能。	occupation_meaning:该岗位以专业研究、教学、医疗服务或技术开发为核心，属于知识与科学专业职能。; author_role_analogy:author L1 Discovery/Science	"[""Discovery/Science""]"	bhht_semantic_batch_2
1471	Underwriting		needs_context	low	这是保险/金融职能或业务名称，没有说明具体岗位职责或是否指从业者。	occupation_meaning:原值只给出泛称、资格、身份或无法确认的文本，需补充具体职责/语境。	"[""Leadership"",""Other""]"	bhht_semantic_batch_2
1475	Hospital Attendant	Other	resolved	high	该岗位属于一般服务、日常工种、小型经营、家庭身份或其他非四类核心职能，归入 Other。	occupation_meaning:该岗位属于一般服务、日常工种、小型经营、家庭身份或其他非四类核心职能，归入 Other。; author_role_analogy:author L1 Other	"[""Other""]"	bhht_semantic_batch_2
1479	Rock Musician	Culture	resolved	high	该岗位通过创作、演出、编辑、制作或传播文化内容完成工作，归入 Culture。	occupation_meaning:该岗位通过创作、演出、编辑、制作或传播文化内容完成工作，归入 Culture。; author_role_analogy:author L1 Culture	"[""Culture""]"	bhht_semantic_batch_2
1482	Custodian	Other	resolved	high	该岗位属于一般服务、日常工种、小型经营、家庭身份或其他非四类核心职能，归入 Other。	occupation_meaning:该岗位属于一般服务、日常工种、小型经营、家庭身份或其他非四类核心职能，归入 Other。; author_role_analogy:author L1 Other	"[""Other""]"	bhht_semantic_batch_2
1486	Wardrobe Assistant	Culture	resolved	high	该岗位通过创作、演出、编辑、制作或传播文化内容完成工作，归入 Culture。	occupation_meaning:该岗位通过创作、演出、编辑、制作或传播文化内容完成工作，归入 Culture。; author_role_analogy:author L1 Culture	"[""Culture""]"	bhht_semantic_batch_2
1490	Business consultant	Other	resolved	medium	Business consultant 向客户提供业务流程或管理建议，属于专业咨询服务；作者 consultant 相近职业归 Other。	occupation_meaning:Business consultant 向客户提供业务流程或管理建议，属于专业咨询服务；作者 consultant 相近职业归 Other。; author_role_analogy:author L1 Other	"[""Other""]"	bhht_semantic_batch_2
1493	Set Painter	Culture	resolved	high	该岗位通过创作、演出、编辑、制作或传播文化内容完成工作，归入 Culture。	occupation_meaning:该岗位通过创作、演出、编辑、制作或传播文化内容完成工作，归入 Culture。; author_role_analogy:author L1 Culture	"[""Culture""]"	bhht_semantic_batch_2
1496	Australian rules football coach	Sports/Games	resolved	high	该岗位直接参与竞技项目、竞赛组织、体育训练/裁判或游戏活动，归入 Sports/Games。	occupation_meaning:该岗位直接参与竞技项目、竞赛组织、体育训练/裁判或游戏活动，归入 Sports/Games。; author_role_analogy:author L1 Sports/Games	"[""Sports/Games""]"	bhht_semantic_batch_2
1501	Federal judge	Leadership	resolved	high	该岗位履行治理、司法、军事指挥、宗教权威或组织/商业管理职责，归入 Leadership。	occupation_meaning:该岗位履行治理、司法、军事指挥、宗教权威或组织/商业管理职责，归入 Leadership。; author_role_analogy:author L1 Leadership	"[""Leadership""]"	bhht_semantic_batch_2
1504	Professor of Elocution	Culture	resolved	high	该岗位通过创作、演出、编辑、制作或传播文化内容完成工作，归入 Culture。	occupation_meaning:该岗位通过创作、演出、编辑、制作或传播文化内容完成工作，归入 Culture。; author_role_analogy:author L1 Culture	"[""Culture""]"	bhht_semantic_batch_2
1508	Epistemologist	Discovery/Science	resolved	high	该岗位以专业研究、教学、医疗服务或技术开发为核心，属于知识与科学专业职能。	occupation_meaning:该岗位以专业研究、教学、医疗服务或技术开发为核心，属于知识与科学专业职能。; author_role_analogy:author L1 Discovery/Science	"[""Discovery/Science""]"	bhht_semantic_batch_2
1511	Gambist	Culture	resolved	high	Gambist 演奏 viola da gamba（维奥尔琴），是音乐表演者。	https://vitrinelinguistique.oqlf.gouv.qc.ca/fiche-gdt/fiche/8382969/gambiste	"[""Culture""]"	bhht_semantic_batch_2
1516	Information security	Discovery/Science	resolved	high	该岗位以专业研究、教学、医疗服务或技术开发为核心，属于知识与科学专业职能。	occupation_meaning:该岗位以专业研究、教学、医疗服务或技术开发为核心，属于知识与科学专业职能。; author_role_analogy:author L1 Discovery/Science	"[""Discovery/Science""]"	bhht_semantic_batch_2
1519	Mayor of Montazels	Leadership	resolved	medium	该岗位履行治理、司法、军事指挥、宗教权威或组织/商业管理职责，归入 Leadership。	occupation_meaning:该岗位履行治理、司法、军事指挥、宗教权威或组织/商业管理职责，归入 Leadership。; author_role_analogy:author L1 Leadership	"[""Leadership""]"	bhht_semantic_batch_2
1523	Neuroscience	Discovery/Science	resolved	high	该岗位以专业研究、教学、医疗服务或技术开发为核心，属于知识与科学专业职能。	occupation_meaning:该岗位以专业研究、教学、医疗服务或技术开发为核心，属于知识与科学专业职能。; author_role_analogy:author L1 Discovery/Science	"[""Discovery/Science""]"	bhht_semantic_batch_2
1527	Economic historian	Discovery/Science	resolved	high	该岗位以专业研究、教学、医疗服务或技术开发为核心，属于知识与科学专业职能。	occupation_meaning:该岗位以专业研究、教学、医疗服务或技术开发为核心，属于知识与科学专业职能。; author_role_analogy:author L1 Discovery/Science	"[""Discovery/Science""]"	bhht_semantic_batch_2
1530	Vocal Arranger	Culture	resolved	high	该岗位通过创作、演出、编辑、制作或传播文化内容完成工作，归入 Culture。	occupation_meaning:该岗位通过创作、演出、编辑、制作或传播文化内容完成工作，归入 Culture。; author_role_analogy:author L1 Culture	"[""Culture""]"	bhht_semantic_batch_2
1535	Air Force Officer	Leadership	resolved	high	该岗位履行治理、司法、军事指挥、宗教权威或组织/商业管理职责，归入 Leadership。	occupation_meaning:该岗位履行治理、司法、军事指挥、宗教权威或组织/商业管理职责，归入 Leadership。; author_role_analogy:author L1 Leadership	"[""Leadership""]"	bhht_semantic_batch_2
1538	Bonesetter	Discovery/Science	resolved	high	该岗位以专业研究、教学、医疗服务或技术开发为核心，属于知识与科学专业职能。	occupation_meaning:该岗位以专业研究、教学、医疗服务或技术开发为核心，属于知识与科学专业职能。; author_role_analogy:author L1 Discovery/Science	"[""Discovery/Science""]"	bhht_semantic_batch_2
1541	Artillery Officer	Leadership	resolved	high	该岗位履行治理、司法、军事指挥、宗教权威或组织/商业管理职责，归入 Leadership。	occupation_meaning:该岗位履行治理、司法、军事指挥、宗教权威或组织/商业管理职责，归入 Leadership。; author_role_analogy:author L1 Leadership	"[""Leadership""]"	bhht_semantic_batch_2
1544	CNR (Composition)		needs_context	low	“CNR”缩写和括号中的 Composition 未能可靠解释为具体岗位，不能推定为作曲或其他类别。	occupation_meaning:原值只给出泛称、资格、身份或无法确认的文本，需补充具体职责/语境。	[]	bhht_semantic_batch_2
1547	Music Collector	Culture	resolved	high	该岗位通过创作、演出、编辑、制作或传播文化内容完成工作，归入 Culture。	occupation_meaning:该岗位通过创作、演出、编辑、制作或传播文化内容完成工作，归入 Culture。; author_role_analogy:author L1 Culture	"[""Culture""]"	bhht_semantic_batch_2
1551	Secret police	Leadership	resolved	high	该岗位履行治理、司法、军事指挥、宗教权威或组织/商业管理职责，归入 Leadership。	occupation_meaning:该岗位履行治理、司法、军事指挥、宗教权威或组织/商业管理职责，归入 Leadership。; author_role_analogy:author L1 Leadership	"[""Leadership""]"	bhht_semantic_batch_2
1554	Quantum chemist	Discovery/Science	resolved	high	该岗位以专业研究、教学、医疗服务或技术开发为核心，属于知识与科学专业职能。	occupation_meaning:该岗位以专业研究、教学、医疗服务或技术开发为核心，属于知识与科学专业职能。; author_role_analogy:author L1 Discovery/Science	"[""Discovery/Science""]"	bhht_semantic_batch_2
1557	Military police	Leadership	resolved	high	该岗位履行治理、司法、军事指挥、宗教权威或组织/商业管理职责，归入 Leadership。	occupation_meaning:该岗位履行治理、司法、军事指挥、宗教权威或组织/商业管理职责，归入 Leadership。; author_role_analogy:author L1 Leadership	"[""Leadership""]"	bhht_semantic_batch_2
1561	Assistant Teacher	Discovery/Science	resolved	high	该岗位以专业研究、教学、医疗服务或技术开发为核心，属于知识与科学专业职能。	occupation_meaning:该岗位以专业研究、教学、医疗服务或技术开发为核心，属于知识与科学专业职能。; author_role_analogy:author L1 Discovery/Science	"[""Discovery/Science""]"	bhht_semantic_batch_2
1565	Dispatcher	Other	resolved	high	该岗位属于一般服务、日常工种、小型经营、家庭身份或其他非四类核心职能，归入 Other。	occupation_meaning:该岗位属于一般服务、日常工种、小型经营、家庭身份或其他非四类核心职能，归入 Other。; author_role_analogy:author L1 Other	"[""Other""]"	bhht_semantic_batch_2
1569	Politician & Trade Unionist	Leadership	resolved	medium	该岗位履行治理、司法、军事指挥、宗教权威或组织/商业管理职责，归入 Leadership。	occupation_meaning:该岗位履行治理、司法、军事指挥、宗教权威或组织/商业管理职责，归入 Leadership。; author_role_analogy:author L1 Leadership	"[""Leadership""]"	bhht_semantic_batch_2
1572	Web builder	Discovery/Science	resolved	high	Web builder 构建和维护网站页面/功能，属于网站技术开发。	occupation_meaning:Web builder 构建和维护网站页面/功能，属于网站技术开发。; author_role_analogy:author L1 Discovery/Science	"[""Discovery/Science""]"	bhht_semantic_batch_2
1575	Garden designer	Culture	resolved	high	Garden designer 规划庭园空间、植物配置和景观视觉，是设计创作工作。	occupation_meaning:Garden designer 规划庭园空间、植物配置和景观视觉，是设计创作工作。; author_role_analogy:author L1 Culture	"[""Culture""]"	bhht_semantic_batch_2
1578	Molecular Geneticist	Discovery/Science	resolved	high	该岗位以专业研究、教学、医疗服务或技术开发为核心，属于知识与科学专业职能。	occupation_meaning:该岗位以专业研究、教学、医疗服务或技术开发为核心，属于知识与科学专业职能。; author_role_analogy:author L1 Discovery/Science	"[""Discovery/Science""]"	bhht_semantic_batch_2
1581	Information technology management	Leadership	resolved	medium	该岗位履行治理、司法、军事指挥、宗教权威或组织/商业管理职责，归入 Leadership。	occupation_meaning:该岗位履行治理、司法、军事指挥、宗教权威或组织/商业管理职责，归入 Leadership。; author_role_analogy:author L1 Leadership	"[""Leadership""]"	bhht_semantic_batch_2
1584	Ghost singer	Culture	resolved	high	该岗位通过创作、演出、编辑、制作或传播文化内容完成工作，归入 Culture。	occupation_meaning:该岗位通过创作、演出、编辑、制作或传播文化内容完成工作，归入 Culture。; author_role_analogy:author L1 Culture	"[""Culture""]"	bhht_semantic_batch_2
1587	Electronics technician	Discovery/Science	resolved	high	该岗位以专业研究、教学、医疗服务或技术开发为核心，属于知识与科学专业职能。	occupation_meaning:该岗位以专业研究、教学、医疗服务或技术开发为核心，属于知识与科学专业职能。; author_role_analogy:author L1 Discovery/Science	"[""Discovery/Science""]"	bhht_semantic_batch_2
1590	Special Education Teacher	Discovery/Science	resolved	high	该岗位以专业研究、教学、医疗服务或技术开发为核心，属于知识与科学专业职能。	occupation_meaning:该岗位以专业研究、教学、医疗服务或技术开发为核心，属于知识与科学专业职能。; author_role_analogy:author L1 Discovery/Science	"[""Discovery/Science""]"	bhht_semantic_batch_2
1593	media & culture scientist	Discovery/Science	resolved	high	该岗位以专业研究、教学、医疗服务或技术开发为核心，属于知识与科学专业职能。	occupation_meaning:该岗位以专业研究、教学、医疗服务或技术开发为核心，属于知识与科学专业职能。; author_role_analogy:author L1 Discovery/Science	"[""Discovery/Science""]"	bhht_semantic_batch_2
1597	Arms Control Analyst	Leadership	resolved	medium	Arms control analyst 研究武器管制政策与国际安全议题，属于公共政策分析。	occupation_meaning:Arms control analyst 研究武器管制政策与国际安全议题，属于公共政策分析。; author_role_analogy:author L1 Leadership	"[""Leadership""]"	bhht_semantic_batch_2
1600	Waste collector	Other	resolved	high	该岗位属于一般服务、日常工种、小型经营、家庭身份或其他非四类核心职能，归入 Other。	occupation_meaning:该岗位属于一般服务、日常工种、小型经营、家庭身份或其他非四类核心职能，归入 Other。; author_role_analogy:author L1 Other	"[""Other""]"	bhht_semantic_batch_2
1603	Professor of Ancient Greek History and Classical Studies	Discovery/Science	resolved	high	该岗位以专业研究、教学、医疗服务或技术开发为核心，属于知识与科学专业职能。	occupation_meaning:该岗位以专业研究、教学、医疗服务或技术开发为核心，属于知识与科学专业职能。; author_role_analogy:author L1 Discovery/Science	"[""Discovery/Science""]"	bhht_semantic_batch_2
1606	Video editor	Culture	resolved	high	该岗位通过创作、演出、编辑、制作或传播文化内容完成工作，归入 Culture。	occupation_meaning:该岗位通过创作、演出、编辑、制作或传播文化内容完成工作，归入 Culture。; author_role_analogy:author L1 Culture	"[""Culture""]"	bhht_semantic_batch_2
1609	Character Modeler	Culture	resolved	high	该岗位通过创作、演出、编辑、制作或传播文化内容完成工作，归入 Culture。	occupation_meaning:该岗位通过创作、演出、编辑、制作或传播文化内容完成工作，归入 Culture。; author_role_analogy:author L1 Culture	"[""Culture""]"	bhht_semantic_batch_2
1612	County court bailiff	Leadership	resolved	high	该岗位履行治理、司法、军事指挥、宗教权威或组织/商业管理职责，归入 Leadership。	occupation_meaning:该岗位履行治理、司法、军事指挥、宗教权威或组织/商业管理职责，归入 Leadership。; author_role_analogy:author L1 Leadership	"[""Leadership""]"	bhht_semantic_batch_2
1615	Dramaturgist	Culture	resolved	high	该岗位通过创作、演出、编辑、制作或传播文化内容完成工作，归入 Culture。	occupation_meaning:该岗位通过创作、演出、编辑、制作或传播文化内容完成工作，归入 Culture。; author_role_analogy:author L1 Culture	"[""Culture""]"	bhht_semantic_batch_2
1618	Production Stage Manager	Culture	resolved	high	Production stage manager 协调演出排练、演出流程和舞台部门执行，属于现场文化制作。	occupation_meaning:Production stage manager 协调演出排练、演出流程和舞台部门执行，属于现场文化制作。; author_role_analogy:author L1 Culture	"[""Culture""]"	bhht_semantic_batch_2
1622	Philosopher of Science	Discovery/Science	resolved	high	该岗位以专业研究、教学、医疗服务或技术开发为核心，属于知识与科学专业职能。	occupation_meaning:该岗位以专业研究、教学、医疗服务或技术开发为核心，属于知识与科学专业职能。; author_role_analogy:author L1 Discovery/Science	"[""Discovery/Science""]"	bhht_semantic_batch_2
1625	Professor of Malayalam	Discovery/Science	resolved	high	该岗位以专业研究、教学、医疗服务或技术开发为核心，属于知识与科学专业职能。	occupation_meaning:该岗位以专业研究、教学、医疗服务或技术开发为核心，属于知识与科学专业职能。; author_role_analogy:author L1 Discovery/Science	"[""Discovery/Science""]"	bhht_semantic_batch_2
1628	Diving instructor	Sports/Games	resolved	high	该岗位直接参与竞技项目、竞赛组织、体育训练/裁判或游戏活动，归入 Sports/Games。	occupation_meaning:该岗位直接参与竞技项目、竞赛组织、体育训练/裁判或游戏活动，归入 Sports/Games。; author_role_analogy:author L1 Sports/Games	"[""Sports/Games""]"	bhht_semantic_batch_2
1631	ADR Editor	Culture	resolved	high	该岗位通过创作、演出、编辑、制作或传播文化内容完成工作，归入 Culture。	occupation_meaning:该岗位通过创作、演出、编辑、制作或传播文化内容完成工作，归入 Culture。; author_role_analogy:author L1 Culture	"[""Culture""]"	bhht_semantic_batch_2
1634	Make-up artist	Culture	resolved	high	该岗位通过创作、演出、编辑、制作或传播文化内容完成工作，归入 Culture。	occupation_meaning:该岗位通过创作、演出、编辑、制作或传播文化内容完成工作，归入 Culture。; author_role_analogy:author L1 Culture	"[""Culture""]"	bhht_semantic_batch_2
1638	Kidnapping		needs_context	low	这是犯罪行为名称，不是明确职业名称；无法确认其作为职业字段的真实语义。	occupation_meaning:原值只给出泛称、资格、身份或无法确认的文本，需补充具体职责/语境。	[]	bhht_semantic_batch_2
1643	Bank manager	Leadership	resolved	medium	该岗位履行治理、司法、军事指挥、宗教权威或组织/商业管理职责，归入 Leadership。	occupation_meaning:该岗位履行治理、司法、军事指挥、宗教权威或组织/商业管理职责，归入 Leadership。; author_role_analogy:author L1 Leadership	"[""Leadership""]"	bhht_semantic_batch_2
1646	Population Biologist	Discovery/Science	resolved	high	该岗位以专业研究、教学、医疗服务或技术开发为核心，属于知识与科学专业职能。	occupation_meaning:该岗位以专业研究、教学、医疗服务或技术开发为核心，属于知识与科学专业职能。; author_role_analogy:author L1 Discovery/Science	"[""Discovery/Science""]"	bhht_semantic_batch_2
1649	Water Conservation Specialist	Discovery/Science	resolved	high	该岗位以专业研究、教学、医疗服务或技术开发为核心，属于知识与科学专业职能。	occupation_meaning:该岗位以专业研究、教学、医疗服务或技术开发为核心，属于知识与科学专业职能。; author_role_analogy:author L1 Discovery/Science	"[""Discovery/Science""]"	bhht_semantic_batch_2
1652	Pub Owner	Other	resolved	high	该岗位属于一般服务、日常工种、小型经营、家庭身份或其他非四类核心职能，归入 Other。	occupation_meaning:该岗位属于一般服务、日常工种、小型经营、家庭身份或其他非四类核心职能，归入 Other。; author_role_analogy:author L1 Other	"[""Other""]"	bhht_semantic_batch_2
1655	Receiver general	Leadership	resolved	high	该岗位履行治理、司法、军事指挥、宗教权威或组织/商业管理职责，归入 Leadership。	occupation_meaning:该岗位履行治理、司法、军事指挥、宗教权威或组织/商业管理职责，归入 Leadership。; author_role_analogy:author L1 Leadership	"[""Leadership""]"	bhht_semantic_batch_2
1659	Park ranger	Other	resolved	high	该岗位属于一般服务、日常工种、小型经营、家庭身份或其他非四类核心职能，归入 Other。	occupation_meaning:该岗位属于一般服务、日常工种、小型经营、家庭身份或其他非四类核心职能，归入 Other。; author_role_analogy:author L1 Other	"[""Other""]"	bhht_semantic_batch_2
1662	Plastic arts	Culture	resolved	high	该岗位通过创作、演出、编辑、制作或传播文化内容完成工作，归入 Culture。	occupation_meaning:该岗位通过创作、演出、编辑、制作或传播文化内容完成工作，归入 Culture。; author_role_analogy:author L1 Culture	"[""Culture""]"	bhht_semantic_batch_2
1665	Kathak Dancer	Culture	resolved	high	该岗位通过创作、演出、编辑、制作或传播文化内容完成工作，归入 Culture。	occupation_meaning:该岗位通过创作、演出、编辑、制作或传播文化内容完成工作，归入 Culture。; author_role_analogy:author L1 Culture	"[""Culture""]"	bhht_semantic_batch_2
1668	Legal nurse consultant	Discovery/Science	resolved	high	该岗位以专业研究、教学、医疗服务或技术开发为核心，属于知识与科学专业职能。	occupation_meaning:该岗位以专业研究、教学、医疗服务或技术开发为核心，属于知识与科学专业职能。; author_role_analogy:author L1 Discovery/Science	"[""Discovery/Science""]"	bhht_semantic_batch_2
1671	Atmospheric scientist	Discovery/Science	resolved	high	该岗位以专业研究、教学、医疗服务或技术开发为核心，属于知识与科学专业职能。	occupation_meaning:该岗位以专业研究、教学、医疗服务或技术开发为核心，属于知识与科学专业职能。; author_role_analogy:author L1 Discovery/Science	"[""Discovery/Science""]"	bhht_semantic_batch_2
1675	Curriculum Director	Discovery/Science	resolved	medium	该岗位以专业研究、教学、医疗服务或技术开发为核心，属于知识与科学专业职能。	occupation_meaning:该岗位以专业研究、教学、医疗服务或技术开发为核心，属于知识与科学专业职能。; author_role_analogy:author L1 Discovery/Science	"[""Discovery/Science""]"	bhht_semantic_batch_2
1678	Master mariner	Leadership	resolved	high	Master mariner 是具备商船驾驶资格的高级船舶指挥人员，承担航行与船员管理职责。	occupation_meaning:Master mariner 是具备商船驾驶资格的高级船舶指挥人员，承担航行与船员管理职责。; author_role_analogy:author L1 Leadership	"[""Leadership""]"	bhht_semantic_batch_2
1682	Sociologist of Science	Discovery/Science	resolved	high	该岗位以专业研究、教学、医疗服务或技术开发为核心，属于知识与科学专业职能。	occupation_meaning:该岗位以专业研究、教学、医疗服务或技术开发为核心，属于知识与科学专业职能。; author_role_analogy:author L1 Discovery/Science	"[""Discovery/Science""]"	bhht_semantic_batch_2
1685	Media Entrepreneur	Culture	resolved	medium	Media entrepreneur 创办或经营媒体业务，职责直接围绕媒体内容制作/传播。	occupation_meaning:Media entrepreneur 创办或经营媒体业务，职责直接围绕媒体内容制作/传播。; author_role_analogy:author L1 Culture	"[""Culture""]"	bhht_semantic_batch_2
1689	Manager For a Catering Contractor	Leadership	resolved	medium	Manager for a catering contractor 管理承接餐饮业务的承包商运营，核心职责是组织/商业管理。	occupation_meaning:Manager for a catering contractor 管理承接餐饮业务的承包商运营，核心职责是组织/商业管理。; author_role_analogy:author L1 Leadership	"[""Leadership""]"	bhht_semantic_batch_2
1692	Information professional		needs_context	low	该泛称可覆盖图书馆、档案、信息技术和信息管理等不同岗位，未提供具体职责。	occupation_meaning:原值只给出泛称、资格、身份或无法确认的文本，需补充具体职责/语境。	"[""Culture"",""Discovery/Science"",""Other""]"	bhht_semantic_batch_2
1696	Stage mother	Other	resolved	high	Stage mother 指陪伴并支持子女从事舞台/娱乐活动的家庭身份，不表示本人从事表演或制作工作，归 Other。	occupation_meaning:Stage mother 指陪伴并支持子女从事舞台/娱乐活动的家庭身份，不表示本人从事表演或制作工作，归 Other。; author_role_analogy:author L1 Other	"[""Other""]"	bhht_semantic_batch_2
1699	Salonnieres	Culture	resolved	high	Salonnières 主持文学/艺术沙龙并组织文化交流，属于文化传播活动。	https://www.encyclopedia.com/women/encyclopedias-almanacs-transcripts-and-maps/salonnieres-fl-17th-and-18th-c	"[""Culture""]"	bhht_semantic_batch_2
1702	Illegal drug dealer	Other	resolved	high	Illegal drug dealer 指非法交易毒品者，是犯罪身份，按 Other 处理。	occupation_meaning:Illegal drug dealer 指非法交易毒品者，是犯罪身份，按 Other 处理。; author_role_analogy:author L1 Other	"[""Other""]"	bhht_semantic_batch_2
1705	Help Desk Coordinator	Discovery/Science	resolved	high	Help desk coordinator 安排技术支持请求、分派工单并协调用户问题处理，属于 IT 服务支持。	occupation_meaning:Help desk coordinator 安排技术支持请求、分派工单并协调用户问题处理，属于 IT 服务支持。; author_role_analogy:author L1 Discovery/Science	"[""Discovery/Science""]"	bhht_semantic_batch_2
1708	Medical technologist	Discovery/Science	resolved	high	该岗位以专业研究、教学、医疗服务或技术开发为核心，属于知识与科学专业职能。	occupation_meaning:该岗位以专业研究、教学、医疗服务或技术开发为核心，属于知识与科学专业职能。; author_role_analogy:author L1 Discovery/Science	"[""Discovery/Science""]"	bhht_semantic_batch_2
1712	On-set Dresser	Culture	resolved	high	该岗位通过创作、演出、编辑、制作或传播文化内容完成工作，归入 Culture。	occupation_meaning:该岗位通过创作、演出、编辑、制作或传播文化内容完成工作，归入 Culture。; author_role_analogy:author L1 Culture	"[""Culture""]"	bhht_semantic_batch_2
1715	Computer Tech	Discovery/Science	resolved	high	该岗位以专业研究、教学、医疗服务或技术开发为核心，属于知识与科学专业职能。	occupation_meaning:该岗位以专业研究、教学、医疗服务或技术开发为核心，属于知识与科学专业职能。; author_role_analogy:author L1 Discovery/Science	"[""Discovery/Science""]"	bhht_semantic_batch_2
1718	Arms Policy Analyst	Leadership	resolved	high	Arms policy analyst 研究武器相关公共政策及其影响，属于政策分析而非科学研究。	occupation_meaning:Arms policy analyst 研究武器相关公共政策及其影响，属于政策分析而非科学研究。; author_role_analogy:author L1 Leadership	"[""Leadership""]"	bhht_semantic_batch_2
1721	Nude model	Culture	resolved	medium	该岗位通过创作、演出、编辑、制作或传播文化内容完成工作，归入 Culture。	occupation_meaning:该岗位通过创作、演出、编辑、制作或传播文化内容完成工作，归入 Culture。; author_role_analogy:author L1 Culture	"[""Culture""]"	bhht_semantic_batch_2
1724	Financial Services		needs_context	low	这是金融服务行业/领域名称，没有指出具体金融职业或职责。	occupation_meaning:原值只给出泛称、资格、身份或无法确认的文本，需补充具体职责/语境。	"[""Leadership"",""Other""]"	bhht_semantic_batch_2
1727	Wrestling Booker	Sports/Games	resolved	high	Wrestling booker 负责安排职业摔角比赛对阵和赛事内容，属于摔角竞赛组织。	occupation_meaning:Wrestling booker 负责安排职业摔角比赛对阵和赛事内容，属于摔角竞赛组织。; author_role_analogy:author L1 Sports/Games	"[""Sports/Games""]"	bhht_semantic_batch_2
1730	Oficer-Major of King Zog  I	Leadership	resolved	high	该岗位履行治理、司法、军事指挥、宗教权威或组织/商业管理职责，归入 Leadership。	occupation_meaning:该岗位履行治理、司法、军事指挥、宗教权威或组织/商业管理职责，归入 Leadership。; author_role_analogy:author L1 Leadership	"[""Leadership""]"	bhht_semantic_batch_2
1733	Solicitor advocate	Leadership	resolved	high	该岗位履行治理、司法、军事指挥、宗教权威或组织/商业管理职责，归入 Leadership。	occupation_meaning:该岗位履行治理、司法、军事指挥、宗教权威或组织/商业管理职责，归入 Leadership。; author_role_analogy:author L1 Leadership	"[""Leadership""]"	bhht_semantic_batch_2
1736	CG Artist	Culture	resolved	high	该岗位通过创作、演出、编辑、制作或传播文化内容完成工作，归入 Culture。	occupation_meaning:该岗位通过创作、演出、编辑、制作或传播文化内容完成工作，归入 Culture。; author_role_analogy:author L1 Culture	"[""Culture""]"	bhht_semantic_batch_2
1739	Salsa Dancer	Culture	resolved	high	该岗位通过创作、演出、编辑、制作或传播文化内容完成工作，归入 Culture。	occupation_meaning:该岗位通过创作、演出、编辑、制作或传播文化内容完成工作，归入 Culture。; author_role_analogy:author L1 Culture	"[""Culture""]"	bhht_semantic_batch_2
1743	Singer/Songwriter/Producer/Filmmaker	Culture	resolved	high	该岗位通过创作、演出、编辑、制作或传播文化内容完成工作，归入 Culture。	occupation_meaning:该岗位通过创作、演出、编辑、制作或传播文化内容完成工作，归入 Culture。; author_role_analogy:author L1 Culture	"[""Culture""]"	bhht_semantic_batch_2
1747	Founder/President T. Mellon & Sons Bank	Leadership	resolved	medium	该岗位履行治理、司法、军事指挥、宗教权威或组织/商业管理职责，归入 Leadership。	occupation_meaning:该岗位履行治理、司法、军事指挥、宗教权威或组织/商业管理职责，归入 Leadership。; author_role_analogy:author L1 Leadership	"[""Leadership""]"	bhht_semantic_batch_2
1751	Ruby Developer	Discovery/Science	resolved	high	Ruby developer 使用 Ruby 编写和维护软件，属于软件技术开发。	occupation_meaning:Ruby developer 使用 Ruby 编写和维护软件，属于软件技术开发。; author_role_analogy:author L1 Discovery/Science	"[""Discovery/Science""]"	bhht_semantic_batch_2
1755	Outreach worker	Other	resolved	medium	该岗位属于一般服务、日常工种、小型经营、家庭身份或其他非四类核心职能，归入 Other。	occupation_meaning:该岗位属于一般服务、日常工种、小型经营、家庭身份或其他非四类核心职能，归入 Other。; author_role_analogy:author L1 Other	"[""Other""]"	bhht_semantic_batch_2
1758	Divemaster	Sports/Games	resolved	medium	该岗位直接参与竞技项目、竞赛组织、体育训练/裁判或游戏活动，归入 Sports/Games。	occupation_meaning:该岗位直接参与竞技项目、竞赛组织、体育训练/裁判或游戏活动，归入 Sports/Games。; author_role_analogy:author L1 Sports/Games	"[""Sports/Games""]"	bhht_semantic_batch_2
1761	Central Intelligence Agency Officer	Leadership	resolved	high	该岗位履行治理、司法、军事指挥、宗教权威或组织/商业管理职责，归入 Leadership。	occupation_meaning:该岗位履行治理、司法、军事指挥、宗教权威或组织/商业管理职责，归入 Leadership。; author_role_analogy:author L1 Leadership	"[""Leadership""]"	bhht_semantic_batch_2
1764	Nature Historian	Discovery/Science	resolved	high	该岗位以专业研究、教学、医疗服务或技术开发为核心，属于知识与科学专业职能。	occupation_meaning:该岗位以专业研究、教学、医疗服务或技术开发为核心，属于知识与科学专业职能。; author_role_analogy:author L1 Discovery/Science	"[""Discovery/Science""]"	bhht_semantic_batch_2
1767	Communications Consultant	Culture	resolved	medium	Communications consultant 为客户制定传播信息与沟通方案，属于媒体/传播服务。	occupation_meaning:Communications consultant 为客户制定传播信息与沟通方案，属于媒体/传播服务。; author_role_analogy:author L1 Culture	"[""Culture""]"	bhht_semantic_batch_2
1770	Nurse anesthetist	Discovery/Science	resolved	high	该岗位以专业研究、教学、医疗服务或技术开发为核心，属于知识与科学专业职能。	occupation_meaning:该岗位以专业研究、教学、医疗服务或技术开发为核心，属于知识与科学专业职能。; author_role_analogy:author L1 Discovery/Science	"[""Discovery/Science""]"	bhht_semantic_batch_2
1774	Hydrogeologist	Discovery/Science	resolved	high	该岗位以专业研究、教学、医疗服务或技术开发为核心，属于知识与科学专业职能。	occupation_meaning:该岗位以专业研究、教学、医疗服务或技术开发为核心，属于知识与科学专业职能。; author_role_analogy:author L1 Discovery/Science	"[""Discovery/Science""]"	bhht_semantic_batch_2
1777	Rocket scientist	Discovery/Science	resolved	high	该岗位以专业研究、教学、医疗服务或技术开发为核心，属于知识与科学专业职能。	occupation_meaning:该岗位以专业研究、教学、医疗服务或技术开发为核心，属于知识与科学专业职能。; author_role_analogy:author L1 Discovery/Science	"[""Discovery/Science""]"	bhht_semantic_batch_2
1780	Puzzle designer	Sports/Games	resolved	medium	该岗位直接参与竞技项目、竞赛组织、体育训练/裁判或游戏活动，归入 Sports/Games。	occupation_meaning:该岗位直接参与竞技项目、竞赛组织、体育训练/裁判或游戏活动，归入 Sports/Games。; author_role_analogy:author L1 Sports/Games	"[""Sports/Games""]"	bhht_semantic_batch_2
1784	Palaeontologist (Profession) #1	Discovery/Science	resolved	high	该岗位以专业研究、教学、医疗服务或技术开发为核心，属于知识与科学专业职能。	occupation_meaning:该岗位以专业研究、教学、医疗服务或技术开发为核心，属于知识与科学专业职能。; author_role_analogy:author L1 Discovery/Science	"[""Discovery/Science""]"	bhht_semantic_batch_2
1788	Peddler	Other	resolved	high	该岗位属于一般服务、日常工种、小型经营、家庭身份或其他非四类核心职能，归入 Other。	occupation_meaning:该岗位属于一般服务、日常工种、小型经营、家庭身份或其他非四类核心职能，归入 Other。; author_role_analogy:author L1 Other	"[""Other""]"	bhht_semantic_batch_2
1792	Gunslinger	Other	resolved	medium	该岗位属于一般服务、日常工种、小型经营、家庭身份或其他非四类核心职能，归入 Other。	occupation_meaning:该岗位属于一般服务、日常工种、小型经营、家庭身份或其他非四类核心职能，归入 Other。; author_role_analogy:author L1 Other	"[""Other""]"	bhht_semantic_batch_2
1795	Goatherd	Other	resolved	high	该岗位属于一般服务、日常工种、小型经营、家庭身份或其他非四类核心职能，归入 Other。	occupation_meaning:该岗位属于一般服务、日常工种、小型经营、家庭身份或其他非四类核心职能，归入 Other。; author_role_analogy:author L1 Other	"[""Other""]"	bhht_semantic_batch_2
1798	Audio Dramatist	Culture	resolved	high	该岗位通过创作、演出、编辑、制作或传播文化内容完成工作，归入 Culture。	occupation_meaning:该岗位通过创作、演出、编辑、制作或传播文化内容完成工作，归入 Culture。; author_role_analogy:author L1 Culture	"[""Culture""]"	bhht_semantic_batch_2
1801	Slave Trader	Other	resolved	high	该岗位属于一般服务、日常工种、小型经营、家庭身份或其他非四类核心职能，归入 Other。	occupation_meaning:该岗位属于一般服务、日常工种、小型经营、家庭身份或其他非四类核心职能，归入 Other。; author_role_analogy:author L1 Other	"[""Other""]"	bhht_semantic_batch_2
1804	Professional Artist	Culture	resolved	medium	该岗位通过创作、演出、编辑、制作或传播文化内容完成工作，归入 Culture。	occupation_meaning:该岗位通过创作、演出、编辑、制作或传播文化内容完成工作，归入 Culture。; author_role_analogy:author L1 Culture	"[""Culture""]"	bhht_semantic_batch_2
1809	Web Application Developer	Discovery/Science	resolved	high	该岗位以专业研究、教学、医疗服务或技术开发为核心，属于知识与科学专业职能。	occupation_meaning:该岗位以专业研究、教学、医疗服务或技术开发为核心，属于知识与科学专业职能。; author_role_analogy:author L1 Discovery/Science	"[""Discovery/Science""]"	bhht_semantic_batch_2
1812	Online marketing consultant specializing in SEO	Other	resolved	medium	该职位专门为网站提供 SEO 与线上推广咨询，属于常规营销服务岗位，归 Other。	occupation_meaning:该职位专门为网站提供 SEO 与线上推广咨询，属于常规营销服务岗位，归 Other。; author_role_analogy:author L1 Other	"[""Other""]"	bhht_semantic_batch_2
1815	Affiliate		needs_context	low	该词可表示商业关联者、营销推广者或其他从属关系，缺少实际岗位语境。	occupation_meaning:原值只给出泛称、资格、身份或无法确认的文本，需补充具体职责/语境。	"[""Culture"",""Leadership"",""Other""]"	bhht_semantic_batch_2
