rank	raw_value	graph_people	lookup_method	match_status	candidate_level1	candidate_parent_pairs_json	candidate_keywords_json	previous_llm_level1	previous_llm_status	observed_main_reference_json	sample_people_json
8	Film Producer	8141	author_substring	substring_unique_candidate	Culture	"[[""Culture"",""Culture-core""]]"	"[""_film_"",""producer""]"	Culture	proposed	[]	"[""23668Rajendra Singh Babu"", ""50 Cent"", ""A Martinez""]"
16	Voice Actor	3657	author_substring	substring_unique_candidate	Culture	"[[""Culture"",""Culture-core""]]"	"[""_actor""]"	Culture	proposed	[]	"[""A.J. Trauth"", ""Aaron Michael Metchik"", ""Aaron Paul""]"
21	Broadcaster	3132	author_substring	substring_unique_candidate	Culture	"[[""Culture"",""Culture-periphery""]]"	"[""broadcast""]"	Culture	proposed	[]	"[""A. J. Benza"", ""Aarre Elo"", ""Abby Huntsman""]"
29	Criminal defense lawyer	2304	author_substring	substring_cross_l1_conflict		"[[""Leadership"",""Administration/Law""],[""Other"",""Other""]]"	"[""_lawyer"",""criminal""]"	Leadership	proposed	[]	"[""A. Linwood Holton Jr."", ""A. N. R. Robinson"", ""A. P. Herbert""]"
38	Singer-songwriter	1599	author_substring	substring_unique_candidate	Culture	"[[""Culture"",""Culture-core""]]"	"[""singer"",""songwriter""]"	Culture	proposed	[]	"[""\""Weird Al\"" Yankovic"", ""A. P. Carter"", ""Aaron Carter""]"
47	Film editor	1401	author_substring	substring_same_l1_multiple_l2	Culture	"[[""Culture"",""Culture-core""],[""Culture"",""Culture-periphery""]]"	"[""_film_"",""editor""]"	Culture	proposed	[]	"[""A. Bhimsingh"", ""Aaron Howland"", ""Aaron Woodley""]"
55	Guitarist	1057	author_substring	substring_unique_candidate	Culture	"[[""Culture"",""Culture-core""]]"	"[""guitar""]"	Culture	proposed	[]	"[""A.J. Marik"", ""A.J. Trauth"", ""AJ Michalka""]"
62	American Football player	872	author_substring	substring_unique_candidate	Sports/Games	"[[""Sports/Games"",""Sports/Games""]]"	"[""football"",""player""]"	Sports/Games	proposed	[]	"[""A. J. Feeley"", ""Aaron Curry"", ""Aaron Glenn""]"
72	Television crew	612	author_substring	substring_unique_candidate	Culture	"[[""Culture"",""Culture-periphery""]]"	"[""television""]"		needs_review	[]	"[""Abel Facello"", ""Adam Alexander Dawson"", ""Adrianne Lobel""]"
81	Ice Hockey Player	409	author_substring	substring_unique_candidate	Sports/Games	"[[""Sports/Games"",""Sports/Games""]]"	"[""hockey"",""ice_hockey"",""player""]"	Sports/Games	proposed	[]	"[""Adam Lidström"", ""Adam Lowry"", ""Alexander Ovechkin""]"
87	Stunt Performer	390	author_substring	substring_unique_candidate	Culture	"[[""Culture"",""Culture-core""]]"	"[""_stunt_"",""performer""]"	Culture	proposed	[]	"[""A. David Burleigh"", ""Aaron Norris"", ""Ace Hudkins""]"
91	Agent	378	no_author_rule	no_author_rule		[]	[]		needs_review	"[{""level1"":""Culture"",""level2"":""Culture-core"",""level3"":""agent"",""person_count"":22,""example_wikidata_codes"":""Q16138080|Q16262430|Q1701304""}]"	"[""A. D. Peters"", ""Adrie Subono"", ""Aileen Eaton""]"
100	Film art director	324	author_substring	substring_unique_candidate	Culture	"[[""Culture"",""Culture-core""]]"	"[""_film_"",""art_director""]"	Culture	proposed	[]	"[""Abel Facello"", ""Adam Johnson (Actor)"", ""Aino Mantsas""]"
105	Music Director	289	author_substring	substring_unique_candidate	Culture	"[[""Culture"",""Culture-core""]]"	"[""_music""]"	Culture	proposed	[]	"[""A. M. Rajah"", ""A. R. Rahman"", ""Aadesh Shrivastava""]"
114	Banker	254	author_substring	substring_unique_candidate	Leadership	"[[""Leadership"",""Corporate/Executive/Business (large)""]]"	"[""bank""]"	Leadership	proposed	[]	"[""Abdoul Mbaye"", ""Abraham Mendelssohn Bartholdy"", ""Adriaan van der Hoop""]"
119	Music artist	239	author_substring	substring_unique_candidate	Culture	"[[""Culture"",""Culture-core""]]"	"[""_artist"",""_music""]"	Culture	proposed	[]	"[""Adam Lambert"", ""Ai Maeda (Actor) #1"", ""Alice Coltrane""]"
125	Rugby Player	217	author_substring	substring_unique_candidate	Sports/Games	"[[""Sports/Games"",""Sports/Games""]]"	"[""player"",""rugby""]"	Sports/Games	proposed	[]	"[""Adam Byrnes"", ""Adam Fogerty"", ""Adam Whitelock""]"
131	Illustrator (Profession)	200	author_substring	substring_unique_candidate	Culture	"[[""Culture"",""Culture-periphery""]]"	"[""illustrator""]"	Culture	proposed	[]	"[""Abbas Kiarostami"", ""Alan Aldridge"", ""Alan M. Clark""]"
136	Cricketer	184	author_substring	substring_unique_candidate	Sports/Games	"[[""Sports/Games"",""Sports/Games""]]"	"[""cricket""]"	Sports/Games	proposed	[]	"[""Abraham Bass"", ""Adam Gilchrist"", ""Adnan Akmal""]"
143	Keyboard player	169	author_substring	substring_unique_candidate	Sports/Games	"[[""Sports/Games"",""Sports/Games""]]"	"[""player""]"	Culture	proposed	[]	"[""Abhijit Pohankar"", ""Adam Wakeman"", ""Al De Lory""]"
149	Social activist	153	author_substring	substring_unique_candidate	Leadership	"[[""Leadership"",""Politics""]]"	"[""activist""]"	Leadership	proposed	[]	"[""Abbie Hoffman"", ""Alexander Aris"", ""Alfred Daniel Williams King""]"
152	Blue-collar worker	147	author_substring	substring_unique_candidate	Other	"[[""Other"",""Worker/Business (small)""]]"	"[""worker""]"		out_of_scope	[]	"[""Adam Gierek (Miner)"", ""Adrianne Curry"", ""Alastair Sim""]"
159	Multi-instrumentalist	131	author_substring	substring_cross_l1_conflict		"[[""Culture"",""Culture-core""],[""Other"",""Other""]]"	"[""instrumentalist"",""mentalist""]"	Culture	proposed	[]	"[""A. R. Rahman"", ""Aaron Dessner"", ""Adele""]"
169	Civil engineer	117	author_substring	substring_unique_candidate	Discovery/Science	"[[""Discovery/Science"",""Explorer/Inventor/Developer""]]"	"[""engineer""]"	Discovery/Science	proposed	[]	"[""Alan Stevenson"", ""Alejandro Char Chaljub"", ""Alexander Meadows Rendel""]"
174	Nude Glamour Model	111	author_substring	substring_unique_candidate	Culture	"[[""Culture"",""Culture-periphery""]]"	"[""_model_""]"	Culture	proposed	[]	"[""Alektra Blue"", ""Alicia Rickter"", ""Amber Campisi""]"
180	Australian rules football player	103	author_substring	substring_unique_candidate	Sports/Games	"[[""Sports/Games"",""Sports/Games""]]"	"[""football"",""player""]"	Sports/Games	proposed	[]	"[""Aaron Davey"", ""Adam Carter (Australian Rules Footballer)"", ""Adam Goodes""]"
185	Public speaker	96	no_author_rule	no_author_rule		[]	[]		needs_review	[]	"[""Ahmed Deedat"", ""Ahn Changho"", ""Alex Steffen""]"
190	Film critic	93	author_substring	substring_same_l1_multiple_l2	Culture	"[[""Culture"",""Culture-core""],[""Culture"",""Culture-periphery""]]"	"[""_film_"",""critic""]"	Culture	proposed	[]	"[""A. O. Scott"", ""Adriano Aprà"", ""Alberto Moravia""]"
193	Stand-up comedian	93	author_substring	substring_unique_candidate	Culture	"[[""Culture"",""Culture-core""]]"	"[""comedian""]"	Culture	proposed	[]	"[""Al Murray"", ""Albert Dupontel"", ""Alison Arngrim""]"
201	Police officer	88	author_substring	substring_same_l1_multiple_l2	Leadership	"[[""Leadership"",""Administration/Law""],[""Leadership"",""Military""]]"	"[""_police_"",""officer_""]"	Leadership	proposed	[]	"[""Abel Kirui"", ""Aldo Ray"", ""Allen Mueller""]"
208	Audio Engineer	86	author_substring	substring_cross_l1_conflict		"[[""Culture"",""Culture-periphery""],[""Discovery/Science"",""Explorer/Inventor/Developer""]]"	"[""_audio"",""engineer""]"	Culture	proposed	[]	"[""Adrienne Alexander"", ""Alain Johannes"", ""Alan Splet""]"
217	Alpine skier	75	author_substring	substring_unique_candidate	Sports/Games	"[[""Sports/Games"",""Sports/Games""]]"	"[""skier""]"	Sports/Games	proposed	[]	"[""Adam Zampa (Olympic athlete)"", ""Agnieszka Gasienica Daniel"", ""Alexandra Coletti""]"
225	Animal trainer	69	author_substring	substring_unique_candidate	Sports/Games	"[[""Sports/Games"",""Sports/Games""]]"	"[""trainer""]"		out_of_scope	[]	"[""Anabel Balkenhol"", ""Anatoly Durov"", ""Anne Cowdrey, 14th Lady Herries of Terregles""]"
231	TV Journalist	63	author_substring	substring_unique_candidate	Culture	"[[""Culture"",""Culture-periphery""]]"	"[""journalist""]"	Culture	proposed	[]	"[""Al Roker"", ""Alan Sepinwall"", ""Andrew Keoghan""]"
237	Baseball Coach	59	author_substring	substring_unique_candidate	Sports/Games	"[[""Sports/Games"",""Sports/Games""]]"	"[""baseball"",""coach""]"	Sports/Games	proposed	[]	"[""Bob Melvin"", ""Bobby Magallanes"", ""Brian Harper""]"
245	Figure Skater	56	author_substring	substring_unique_candidate	Sports/Games	"[[""Sports/Games"",""Sports/Games""]]"	"[""skater""]"	Sports/Games	proposed	[]	"[""Alex Shibutani"", ""Alexandra Zaretsky"", ""Belita""]"
251	VJ	53	no_author_rule	no_author_rule		[]	[]	Culture	proposed	[]	"[""Adam Curry"", ""Aditya Roy Kapur"", ""Alishba Yousuf""]"
257	Baseball Manager	50	author_substring	substring_cross_l1_conflict		"[[""Leadership"",""Corporate/Executive/Business (large)""],[""Sports/Games"",""Sports/Games""]]"	"[""baseball"",""manager""]"	Sports/Games	proposed	[]	"[""Bob Melvin"", ""Bobby Magallanes"", ""Brian Harper""]"
260	Cross-country skier	48	author_substring	substring_unique_candidate	Sports/Games	"[[""Sports/Games"",""Sports/Games""]]"	"[""skier""]"	Sports/Games	proposed	[]	"[""Aimee Watson"", ""Aleš Razym"", ""Andrew Musgrave""]"
266	Professional Road Racing Cyclist	47	author_substring	substring_unique_candidate	Sports/Games	"[[""Sports/Games"",""Sports/Games""]]"	"[""cyclist"",""racing""]"	Sports/Games	proposed	[]	"[""Aleš Razym"", ""Andy Schleck"", ""Axel Merckx""]"
272	Art collector	44	author_substring	substring_unique_candidate	Culture	"[[""Culture"",""Culture-core""]]"	"[""collector""]"		needs_review	[]	"[""Agnes Gund"", ""Antonis Benakis"", ""Baron Hans Heinrich Thyssen-Bornemisza""]"
276	Magazine editor	43	author_substring	substring_unique_candidate	Culture	"[[""Culture"",""Culture-periphery""]]"	"[""editor"",""magazine""]"	Culture	proposed	[]	"[""Alberto Moravia"", ""Angela Simmons"", ""Anna Wintour""]"
281	Acting Coach	42	author_substring	substring_unique_candidate	Sports/Games	"[[""Sports/Games"",""Sports/Games""]]"	"[""coach""]"	Culture	proposed	[]	"[""Anne Jackson"", ""Arlene Martel"", ""Biff Elliot""]"
288	Narrator	41	no_author_rule	no_author_rule		[]	[]	Culture	proposed	[]	"[""Alexandra Kluge"", ""Don Wildman"", ""Edward Winter""]"
291	Jewelry designer	40	author_substring	substring_unique_candidate	Culture	"[[""Culture"",""Culture-periphery""]]"	"[""designer""]"	Culture	proposed	[]	"[""Adam Shulman"", ""Angharad Rees"", ""Anna James (Painting Artist)""]"
295	Computer Engineer	38	author_substring	substring_unique_candidate	Discovery/Science	"[[""Discovery/Science"",""Explorer/Inventor/Developer""]]"	"[""engineer""]"	Discovery/Science	proposed	[]	"[""A.J. Marik"", ""Allison Lynch"", ""Andrew Akesson""]"
301	Magician	36	author_substring	substring_unique_candidate	Other	"[[""Other"",""Other""]]"	"[""magic""]"	Culture	proposed	[]	"[""Alan Moore"", ""Carl Ballantine"", ""Christian Fechner""]"
306	Peace activist	35	author_substring	substring_unique_candidate	Leadership	"[[""Leadership"",""Politics""]]"	"[""activist""]"		out_of_scope	[]	"[""Akiko Yosano"", ""Alexander Aris"", ""Asha Haji Elmi""]"
315	Field Hockey player	34	author_substring	substring_unique_candidate	Sports/Games	"[[""Sports/Games"",""Sports/Games""]]"	"[""hockey"",""player""]"	Sports/Games	proposed	[]	"[""Alejandro Verga"", ""Ashok Kumar (Field Hockey player)"", ""Benjamin Weß""]"
320	Freestyle skier	33	author_substring	substring_unique_candidate	Sports/Games	"[[""Sports/Games"",""Sports/Games""]]"	"[""freestyle"",""skier""]"	Sports/Games	proposed	[]	"[""Aiko Uemura"", ""Amy Sheehan"", ""Andreas Matt""]"
324	Radio producer	32	author_substring	substring_same_l1_multiple_l2	Culture	"[[""Culture"",""Culture-core""],[""Culture"",""Culture-periphery""]]"	"[""producer"",""_radio_""]"	Culture	proposed	[]	"[""Andrew Allan (Screenwriter)"", ""Armando Iannucci"", ""Barry Johnston (Radio personality)""]"
329	Insurance broker	31	author_substring	substring_unique_candidate	Other	"[[""Other"",""Worker/Business (small)""]]"	"[""_insurance"",""broker""]"		needs_review	[]	"[""Alfred D. Rosner"", ""Angelo Leno"", ""Charles Hughesdon""]"
333	Television Show Host	30	author_substring	substring_same_l1_multiple_l2	Culture	"[[""Culture"",""Culture-core""],[""Culture"",""Culture-periphery""]]"	"[""_host_"",""_show_"",""television""]"	Culture	proposed	[]	"[""Alyssa Chia"", ""Annie Sprinkle"", ""Armida Siguion-Reyna""]"
338	Game designer	29	author_substring	substring_cross_l1_conflict		"[[""Culture"",""Culture-periphery""],[""Sports/Games"",""Sports/Games""]]"	"[""_game"",""designer""]"		needs_review	[]	"[""Albert Lamorisse"", ""Brenda Romero"", ""Cliff Bleszinski""]"
341	Rescue	29	no_author_rule	no_author_rule		[]	[]		needs_review	[]	"[""Anthony Martin Sinatra"", ""António Silva"", ""Brian Williams""]"
351	Investment Banker	28	author_substring	substring_unique_candidate	Leadership	"[[""Leadership"",""Corporate/Executive/Business (large)""]]"	"[""bank"",""investment""]"		needs_review	[]	"[""Arthur L. Carter"", ""Bruce Wasserstein"", ""Charles H. Marshall (Investment Banker)""]"
354	Televangelist	27	author_substring	substring_unique_candidate	Leadership	"[[""Leadership"",""Religious""]]"	"[""evangelist""]"	Leadership	proposed	[]	"[""Aimee Semple McPherson"", ""Brian Houston"", ""Charles Stanley""]"
358	Naval Officer	27	author_substring	substring_unique_candidate	Leadership	"[[""Leadership"",""Military""]]"	"[""naval_"",""officer_""]"	Leadership	proposed	[]	"[""August Ritter von Trapp"", ""Charles Austen"", ""Charles F. Shoemaker""]"
367	Media proprietor	24	author_substring	substring_unique_candidate	Culture	"[[""Culture"",""Culture-periphery""]]"	"[""_media""]"		needs_review	[]	"[""Albert Warner"", ""Anne Cox Chambers"", ""Aydın Doğan""]"
376	Graphic Artist	23	author_substring	substring_unique_candidate	Culture	"[[""Culture"",""Culture-core""]]"	"[""_artist""]"	Culture	proposed	[]	"[""Art Wood"", ""Bruno Bruni"", ""Charles McKimson""]"
386	Civil rights activist	21	author_substring	substring_unique_candidate	Leadership	"[[""Leadership"",""Politics""]]"	"[""activist"",""civil_rights""]"		needs_review	[]	"[""Alexander Aris"", ""Alfred Daniel Williams King"", ""Asma Jahangir""]"
392	Factory worker	20	author_substring	substring_unique_candidate	Other	"[[""Other"",""Worker/Business (small)""]]"	"[""worker""]"		out_of_scope	[]	"[""Alexis Remi"", ""Anna Lovisa Karlsson"", ""Bernard Rickman""]"
400	Industrial designer	19	author_substring	substring_cross_l1_conflict		"[[""Culture"",""Culture-periphery""],[""Leadership"",""Corporate/Executive/Business (large)""]]"	"[""designer"",""industrial""]"	Culture	proposed	[]	"[""Adam Savage"", ""Antonio Alves"", ""Buckminster Fuller""]"
404	Stagehand	19	no_author_rule	no_author_rule		[]	[]		out_of_scope	[]	"[""Alexander R. Scott"", ""Arthur Benjamin Carr Glyn"", ""Bridget Samuel""]"
408	Property caretaker	19	no_author_rule	no_author_rule		[]	[]		out_of_scope	[]	"[""Andries Bicker"", ""Andries de Graeff"", ""Bernard Neeson""]"
412	Bobsleigher	18	author_substring	substring_unique_candidate	Sports/Games	"[[""Sports/Games"",""Sports/Games""]]"	"[""bobsleigh""]"	Sports/Games	proposed	[]	"[""Aja Evans (Olympic athlete)"", ""Alexey Stulnev"", ""Arnold van Calker""]"
420	Veterinary physician	17	author_substring	substring_unique_candidate	Discovery/Science	"[[""Discovery/Science"",""Academia""]]"	"[""physician""]"	Discovery/Science	proposed	[]	"[""Aimee Watson"", ""Alton Ford (Veterinarian)"", ""Asbjørn Beha Erichsen""]"
425	Vocal coach	16	author_substring	substring_unique_candidate	Sports/Games	"[[""Sports/Games"",""Sports/Games""]]"	"[""coach""]"	Culture	proposed	[]	"[""Adam Levine"", ""Adriana McPhee"", ""Bob Corff""]"
428	Fitness professional	16	author_substring	substring_unique_candidate	Sports/Games	"[[""Sports/Games"",""Sports/Games""]]"	"[""fitness""]"	Sports/Games	proposed	[]	"[""Amy Stiller"", ""Billy Blanks"", ""Carmen Electra""]"
431	SEO Professional	16	no_author_rule	no_author_rule		[]	[]		needs_review	[]	"[""Andrew Akesson"", ""Aviran Zazon"", ""Bill Sebald""]"
434	Academician	16	author_substring	substring_unique_candidate	Discovery/Science	"[[""Discovery/Science"",""Academia""]]"	"[""academic""]"	Discovery/Science	proposed	[]	"[""Arvind Kumar Singh (Politician)"", ""Caroline Humphrey"", ""Danica McKellar""]"
438	Holy Roman Emperor	16	author_substring	substring_unique_candidate	Leadership	"[[""Leadership"",""Nobility""]]"	"[""emperor""]"	Leadership	proposed	[]	"[""Charles IV, Holy Roman Emperor"", ""Charles VI, Holy Roman Emperor"", ""Charles VII, Holy Roman Emperor""]"
446	Cab Driver	15	author_substring	substring_unique_candidate	Sports/Games	"[[""Sports/Games"",""Sports/Games""]]"	"[""_driver_""]"		out_of_scope	[]	"[""Artie Lange"", ""Barry Evans"", ""Burton Eugene Lane""]"
452	Ethnographer	14	author_substring	substring_unique_candidate	Discovery/Science	"[[""Discovery/Science"",""Academia""]]"	"[""ethnograph""]"	Discovery/Science	proposed	[]	"[""Adolf Bastian"", ""Alfred Métraux"", ""Borys Hrinchenko""]"
460	Chemical engineer	14	author_substring	substring_unique_candidate	Discovery/Science	"[[""Discovery/Science"",""Explorer/Inventor/Developer""]]"	"[""engineer""]"	Discovery/Science	proposed	[]	"[""Arthur Stevan Klein"", ""David H. Koch"", ""Erik Bohr""]"
465	Film Historian	14	author_substring	substring_cross_l1_conflict		"[[""Culture"",""Culture-core""],[""Discovery/Science"",""Academia""]]"	"[""_film_"",""historian""]"	Discovery/Science	proposed	[]	"[""Chidananda Dasgupta"", ""François Chalais"", ""Fred Steiner""]"
469	Storyboard Artist	13	author_substring	substring_unique_candidate	Culture	"[[""Culture"",""Culture-core""]]"	"[""_artist""]"	Culture	proposed	[]	"[""Alex Hillkurtz"", ""Alex Lovy"", ""Bud Luckey""]"
474	Circus Performer	13	author_substring	substring_unique_candidate	Culture	"[[""Culture"",""Culture-core""]]"	"[""circus"",""performer""]"	Culture	proposed	[]	"[""Anniqua Forss"", ""Breno Moroni"", ""Burt Lancaster""]"
479	Recording Engineer (Film job)	13	author_substring	substring_unique_candidate	Discovery/Science	"[[""Discovery/Science"",""Explorer/Inventor/Developer""]]"	"[""engineer""]"	Culture	proposed	[]	"[""Cruz Martínez"", ""Ethan Johns"", ""Eugene Chaplin""]"
482	Special Effects Artist	13	author_substring	substring_unique_candidate	Culture	"[[""Culture"",""Culture-core""]]"	"[""_artist"",""special_effects""]"	Culture	proposed	[]	"[""Eugenio Bava"", ""Hans F. Koenekamp"", ""Howard Lydecker""]"
490	Rail transport worker	12	author_substring	substring_unique_candidate	Other	"[[""Other"",""Worker/Business (small)""]]"	"[""worker""]"		out_of_scope	[]	"[""Alfred Lamert Dickens"", ""Allen B. Emmons"", ""Axel Taube""]"
498	Remixer	11	no_author_rule	no_author_rule		[]	[]	Culture	proposed	[]	"[""Adam Goldstein"", ""Afrojack"", ""Avicii""]"
504	Artistic Director	11	author_substring	substring_unique_candidate	Culture	"[[""Culture"",""Culture-core""]]"	"[""_artist""]"	Culture	proposed	[]	"[""Alexander Schneider"", ""Daniel J. Sullivan"", ""Emily Mann""]"
512	Digital Marketer	11	no_author_rule	no_author_rule		[]	[]		needs_review	[]	"[""Andrew Akesson"", ""Andrew Isidoro"", ""Cristian Sepulveda""]"
516	Skateboarder	11	author_substring	substring_unique_candidate	Sports/Games	"[[""Sports/Games"",""Sports/Games""]]"	"[""skateboard""]"	Sports/Games	proposed	[]	"[""Bam Margera"", ""Fernando Calleja (Skateboarder)"", ""Ivan Calleja""]"
522	Video Game Producer	11	author_substring	substring_cross_l1_conflict		"[[""Culture"",""Culture-core""],[""Sports/Games"",""Sports/Games""]]"	"[""_game"",""video_game"",""producer""]"	Culture	proposed	[]	"[""Cliff Bleszinski"", ""Dan Houser"", ""Danny Bilson""]"
526	Structural engineer	11	author_substring	substring_unique_candidate	Discovery/Science	"[[""Discovery/Science"",""Explorer/Inventor/Developer""]]"	"[""engineer""]"	Discovery/Science	proposed	[]	"[""Felix Samuely"", ""Isambard Kingdom Brunel"", ""Jacque Fresco""]"
538	Sound Technician	10	author_substring	substring_unique_candidate	Other	"[[""Other"",""Worker/Business (small)""]]"	"[""technician""]"	Culture	proposed	[]	"[""Antonis Samaras (Actor)"", ""Claudine Nougaret"", ""Denise Batcheff""]"
546	Ballroom Dancer	10	author_substring	substring_unique_candidate	Culture	"[[""Culture"",""Culture-core""]]"	"[""dancer""]"	Culture	proposed	[]	"[""Cesar Romero"", ""Corky Ballas"", ""Daniel Ponickly""]"
550	General contractor	9	no_author_rule	no_author_rule		[]	[]		out_of_scope	[]	"[""Abdul R. Awan"", ""Arthur Sr. Lange"", ""Buddy Tudor""]"
555	ADR Director	9	no_author_rule	no_author_rule		[]	[]	Culture	proposed	[]	"[""Amanda Winn-Lee"", ""Christopher Ayres"", ""Crispin Freeman""]"
559	Showman	9	no_author_rule	no_author_rule		[]	[]	Culture	proposed	[]	"[""Andrey Urgant"", ""Bruce Forsyth"", ""George Webb (Actor) #2""]"
563	Clinical psychologist	9	author_substring	substring_unique_candidate	Discovery/Science	"[[""Discovery/Science"",""Academia""]]"	"[""psychologist""]"	Discovery/Science	proposed	[]	"[""Antony Kidman"", ""Carl Rogers"", ""Deborah Lynn Cicconi""]"
566	Children's book author	9	author_substring	substring_unique_candidate	Culture	"[[""Culture"",""Culture-core""]]"	"[""author""]"	Culture	proposed	[]	"[""Astrid Lindgren"", ""Jamie Rix"", ""Julianne Moore""]"
569	Child model	9	author_substring	substring_cross_l1_conflict		"[[""Culture"",""Culture-periphery""],[""Other"",""Family""]]"	"[""_model_"",""child_""]"	Culture	proposed	[]	"[""Brian Murray (Man) #4"", ""Hilary Gordon (Actor)"", ""Koby Rouviere""]"
577	EMS Professional	9	no_author_rule	no_author_rule		[]	[]	Discovery/Science	proposed	[]	"[""Cody Walker (Actor)"", ""Danuta Siedzikówna"", ""David Lee Roth""]"
583	Search Engine Optimization	9	no_author_rule	no_author_rule		[]	[]		out_of_scope	[]	"[""Jason BARNARD"", ""Joel Glenn Wright (Organisation leader) #1"", ""Matthew Woodward""]"
586	Venture capitalist	8	author_substring	substring_unique_candidate	Leadership	"[[""Leadership"",""Corporate/Executive/Business (large)""]]"	"[""capitalist""]"		needs_review	[]	"[""Adam R. Dell"", ""Joi Ito"", ""Kevin O'Leary""]"
591	High Priest	8	author_substring	substring_unique_candidate	Leadership	"[[""Leadership"",""Religious""]]"	"[""priest""]"	Leadership	proposed	[]	"[""Alexander Jannaeus"", ""Antigonus II Mattathias"", ""Aristobulus I""]"
595	Medic	8	no_author_rule	no_author_rule		[]	[]	Discovery/Science	proposed	"[{""level1"":""Discovery/Science"",""level2"":""Academia"",""level3"":""medic"",""person_count"":2,""example_wikidata_codes"":""Q10317823|Q16492250""}]"	"[""Alexandra Noskwith"", ""Ernesto Pinto-Bazurco"", ""John Bradley""]"
598	Tutor	8	no_author_rule	no_author_rule		[]	[]		needs_review	"[{""level1"":""Sports/Games"",""level2"":""Sports/Games"",""level3"":""tutor"",""person_count"":4,""example_wikidata_codes"":""Q16584207|Q20015609|Q5993724""}]"	"[""Alphonso Taft"", ""Aristotle"", ""Arlen Roth""]"
604	Political Consultant	8	author_substring	substring_cross_l1_conflict		"[[""Leadership"",""Politics""],[""Other"",""Worker/Business (small)""]]"	"[""political"",""consultant""]"	Leadership	proposed	[]	"[""Aquilino Morelle"", ""James Carville"", ""Karl Rove""]"
610	Bishop (Religious Leadership Title) #112	8	author_substring	substring_unique_candidate	Leadership	"[[""Leadership"",""Religious""]]"	"[""bishop"",""religious""]"	Leadership	proposed	[]	"[""Charles H. Ellis III"", ""David L. Ellis Sr."", ""Dudley Cary-Elwes""]"
613	Shadetree mechanic	8	author_substring	substring_unique_candidate	Other	"[[""Other"",""Worker/Business (small)""]]"	"[""mechanic""]"		out_of_scope	[]	"[""Charles Patrick Roberts"", ""Donald Cobain"", ""Earl Russell Madden""]"
618	Military engineer	8	author_substring	substring_cross_l1_conflict		"[[""Discovery/Science"",""Explorer/Inventor/Developer""],[""Leadership"",""Military""]]"	"[""engineer"",""militar""]"	Discovery/Science	proposed	[]	"[""David Gilroy"", ""Evgeny Menshikov"", ""Francisco de Arruda""]"
624	Public intellectual	7	author_substring	substring_unique_candidate	Discovery/Science	"[[""Discovery/Science"",""Academia""]]"	"[""intellectual""]"		needs_review	[]	"[""Alain Finkielkraut"", ""Amr Hamzawy"", ""Arthur M. Schlesinger, Jr.""]"
633	Governess	7	no_author_rule	no_author_rule		[]	[]		needs_review	[]	"[""Anne Brontë"", ""Charlotte Brontë"", ""Dulcie Gray""]"
638	/m/02h65y5	7	no_author_rule	no_author_rule		[]	[]		needs_review	[]	"[""Burt Rutan"", ""George Cayley"", ""George H. Prudden""]"
643	Professional Wrestling Referee	7	author_substring	substring_unique_candidate	Sports/Games	"[[""Sports/Games"",""Sports/Games""]]"	"[""referee"",""wrestling""]"	Sports/Games	proposed	[]	"[""Dave Hebner"", ""Dean Hart"", ""Garett Bischoff""]"
648	Tenant farmer	7	author_substring	substring_unique_candidate	Other	"[[""Other"",""Worker/Business (small)""]]"	"[""farmer""]"		out_of_scope	[]	"[""Emmett Berry Murphy"", ""Isaiah Harris (Deceased Person)"", ""Josie Bell Killian""]"
652	Webmaster	6	no_author_rule	no_author_rule		[]	[]		needs_review	[]	"[""A.J. Marik"", ""David J"", ""Dino Andrade""]"
655	Ethnomusicologist	6	author_substring	substring_unique_candidate	Discovery/Science	"[[""Discovery/Science"",""Academia""]]"	"[""musicologist""]"	Discovery/Science	proposed	[]	"[""Alan Lomax"", ""Daniel Alomía Robles"", ""Geraldine Connor""]"
661	Evolutionary Biologist	6	author_substring	substring_unique_candidate	Discovery/Science	"[[""Discovery/Science"",""Academia""]]"	"[""biologist""]"	Discovery/Science	proposed	[]	"[""Alfred Russel Wallace"", ""Jukka Jernvall"", ""Olivia Judson""]"
664	Switchboard operator	6	author_substring	substring_unique_candidate	Other	"[[""Other"",""Worker/Business (small)""]]"	"[""operator""]"		out_of_scope	[]	"[""Andrea Heinemann Simon"", ""Ethel McGuire"", ""Jane Wyman""]"
669	Kindergarten Teacher	6	author_substring	substring_unique_candidate	Discovery/Science	"[[""Discovery/Science"",""Academia""]]"	"[""teacher_""]"	Discovery/Science	proposed	[]	"[""Becky McCook"", ""Helen Brugat"", ""Helen TenBroeck Storms Cornell""]"
674	Mail carrier	6	no_author_rule	no_author_rule		[]	[]		out_of_scope	[]	"[""Bill Smith (Man) #24"", ""Giovanni Sarto"", ""Johnson Flanagan Sr.""]"
678	Military Leader	6	author_substring	substring_unique_candidate	Leadership	"[[""Leadership"",""Military""]]"	"[""militar""]"	Leadership	proposed	[]	"[""Bohdan Khmelnytsky"", ""Hans Jauch"", ""Henry Lee III""]"
682	Bus driver	6	author_substring	substring_unique_candidate	Sports/Games	"[[""Sports/Games"",""Sports/Games""]]"	"[""_driver_""]"		out_of_scope	[]	"[""Chief Dan George"", ""Douglas Frederick Springsteen"", ""Jerome Jesse Berry""]"
685	Conservator-restorer	6	author_substring	substring_unique_candidate	Culture	"[[""Culture"",""Culture-periphery""]]"	"[""restorer""]"	Culture	proposed	[]	"[""Cyril Diver"", ""György Tarr"", ""Mary Badham""]"
689	Interior Decorator	6	author_substring	substring_unique_candidate	Culture	"[[""Culture"",""Culture-periphery""]]"	"[""decorator""]"	Culture	proposed	[]	"[""David Nightingale Hicks"", ""George Weber (Deceased Person)"", ""Jocasta Innes""]"
695	Geophysicist	6	author_substring	substring_unique_candidate	Discovery/Science	"[[""Discovery/Science"",""Academia""]]"	"[""physicist""]"	Discovery/Science	proposed	[]	"[""Gilbert Mead"", ""Janez K. Lapajne"", ""Maurice Hill (Geophysicist)""]"
698	Property Master	6	no_author_rule	no_author_rule		[]	[]	Culture	proposed	[]	"[""J. Robert Benton"", ""Joseph Badalucco Jr."", ""Julie Witherington""]"
702	Son of the Storm God	5	author_substring	substring_unique_candidate	Other	"[[""Other"",""Family""]]"	"[""_son_""]"		out_of_scope	[]	"[""Abbas ibn Ali"", ""Ali"", ""David""]"
709	Theoretical Physicist	5	author_substring	substring_unique_candidate	Discovery/Science	"[[""Discovery/Science"",""Academia""]]"	"[""physicist""]"	Discovery/Science	proposed	[]	"[""Albert Einstein"", ""Frank Wilczek"", ""J. Robert Oppenheimer""]"
715	Patent attorney	5	author_substring	substring_cross_l1_conflict		"[[""Discovery/Science"",""Explorer/Inventor/Developer""],[""Leadership"",""Administration/Law""]]"	"[""attorney"",""patent""]"	Leadership	proposed	[]	"[""Alfred Ely Beach"", ""George Griswold Frelinghuysen"", ""George Ticknor Curtis""]"
718	Sideman	5	no_author_rule	no_author_rule		[]	[]	Culture	proposed	[]	"[""Alice Coltrane"", ""Bobby Womack"", ""Eric Dolphy""]"
722	Music Historian	5	author_substring	substring_cross_l1_conflict		"[[""Culture"",""Culture-core""],[""Discovery/Science"",""Academia""]]"	"[""_music"",""historian""]"	Discovery/Science	proposed	[]	"[""Andy Zax"", ""Bernice Johnson Reagon"", ""Billy Vera""]"
725	Retired	5	no_author_rule	no_author_rule		[]	[]		out_of_scope	[]	"[""Ann Swinton"", ""Francis Franck"", ""Peteris Breikss (Retired person)""]"
731	Radio writer	5	author_substring	substring_same_l1_multiple_l2	Culture	"[[""Culture"",""Culture-core""],[""Culture"",""Culture-periphery""]]"	"[""_writer"",""_radio_""]"	Culture	proposed	[]	"[""Arch Hall, Sr."", ""Edward Sloman"", ""John Houseman""]"
735	Level 10 gymnast	5	author_substring	substring_unique_candidate	Sports/Games	"[[""Sports/Games"",""Sports/Games""]]"	"[""gymnast""]"	Sports/Games	proposed	[]	"[""Ashley Szafranski"", ""Kaitlyn Szafranski"", ""McKenna Lane Kelley""]"
738	Ecologist	5	author_exact	exact_cross_l1_conflict		"[[""Discovery/Science"",""Academia""],[""Leadership"",""Politics""]]"	"[""ecologist""]"		needs_review	"[{""level1"":""Discovery/Science"",""level2"":""Academia"",""level3"":""ecologist"",""person_count"":973,""example_wikidata_codes"":""Q101003|Q102601|Q10281670""},{""level1"":""Leadership"",""level2"":""Politics"",""level3"":""ecologist"",""person_count"":49,""example_wikidata_codes"":""Q111803|Q1175569|Q15440496""}]"	"[""Barry Bishop"", ""Inés Mendoza"", ""Michael Schnitzler""]"
741	Video Artist	5	author_substring	substring_unique_candidate	Culture	"[[""Culture"",""Culture-core""]]"	"[""_artist""]"	Culture	proposed	[]	"[""Bill Viola"", ""Max Hattler"", ""Mercedes Helnwein""]"
745	Aerialist	5	no_author_rule	no_author_rule		[]	[]	Culture	proposed	[]	"[""Branca Ferrazo"", ""Carolyn Hennesy"", ""Charley Grapewin""]"
748	Fine art artist	5	author_substring	substring_unique_candidate	Culture	"[[""Culture"",""Culture-core""]]"	"[""_artist""]"	Culture	proposed	[]	"[""Bruno Schulz"", ""Gottfried Helnwein"", ""Luther E. Vann""]"
751	Groom of the Stool	5	no_author_rule	no_author_rule		[]	[]		needs_review	[]	"[""Charles Spencer, 3rd Earl of Sunderland"", ""Henry Sydney, 1st Earl of Romney"", ""James Hamilton, 1st Duke of Abercorn""]"
756	Building contractor	5	no_author_rule	no_author_rule		[]	[]		out_of_scope	[]	"[""Colin Rowe (Deceased Person)"", ""Edward Tierney"", ""Jamie Spears""]"
762	Security guard	5	no_author_rule	no_author_rule		[]	[]		out_of_scope	[]	"[""Darlene Mowry"", ""Ken Lo"", ""Kevin Sorbo""]"
768	Web Analyst	5	author_substring	substring_unique_candidate	Other	"[[""Other"",""Worker/Business (small)""]]"	"[""analyst""]"		needs_review	[]	"[""Eduard Maeso"", ""Gretel Gutierrez"", ""Hans Willemse""]"
776	Sensei	5	no_author_rule	no_author_rule		[]	[]		needs_review	[]	"[""Gōzō Shioda"", ""Kisshomaru Ueshiba"", ""Koichi Tohei""]"
779	Flight instructor	5	author_substring	substring_unique_candidate	Discovery/Science	"[[""Discovery/Science"",""Academia""]]"	"[""instructor""]"	Discovery/Science	proposed	[]	"[""Howell M. Estes II"", ""Leslie George Chandler"", ""Mitr Chaibancha""]"
783	Sports analyst	5	author_substring	substring_cross_l1_conflict		"[[""Other"",""Worker/Business (small)""],[""Sports/Games"",""Sports/Games""]]"	"[""_sport"",""analyst""]"		needs_review	[]	"[""Johnny Miller"", ""Kristi Yamaguchi"", ""Marcus Allen""]"
788	Media consultant	4	author_substring	substring_cross_l1_conflict		"[[""Culture"",""Culture-periphery""],[""Other"",""Worker/Business (small)""]]"	"[""_media"",""consultant""]"		needs_review	[]	"[""Adam Klugman"", ""Jeri Kehn Thompson"", ""John Prescott Ellis""]"
793	Foley Artist	4	author_substring	substring_unique_candidate	Culture	"[[""Culture"",""Culture-core""]]"	"[""_artist""]"	Culture	proposed	[]	"[""Alyson Dee Moore"", ""Benjamin Glazer"", ""Jeaneane Leaver-Fay""]"
796	Animal training	4	no_author_rule	no_author_rule		[]	[]		out_of_scope	[]	"[""Anatoly Durov"", ""Martin Lacey"", ""Martin Lacey, Jr.""]"
801	Lady-in-waiting	4	no_author_rule	no_author_rule		[]	[]		out_of_scope	[]	"[""Anna Vyrubova"", ""Baroness Sophie Buxhoeveden"", ""Margarita Sergeevna Khitrovo""]"
805	Engineering technologist	4	author_substring	substring_unique_candidate	Discovery/Science	"[[""Discovery/Science"",""Explorer/Inventor/Developer""]]"	"[""engineer""]"	Discovery/Science	proposed	[]	"[""B. J. Habibie"", ""Jose Simoes"", ""Noah Harlan""]"
810	Music Journalist	4	author_substring	substring_same_l1_multiple_l2	Culture	"[[""Culture"",""Culture-core""],[""Culture"",""Culture-periphery""]]"	"[""_music"",""journalist""]"	Culture	proposed	[]	"[""Bill Adler"", ""Marcia Davenport"", ""Marilyn Manson""]"
813	Cossack	4	no_author_rule	no_author_rule		[]	[]		out_of_scope	[]	"[""Bohdan Khmelnytsky"", ""Kyrylo Rozumovskyi"", ""Tymofiy Khmelnytsky""]"
816	Multimedia artist	4	author_substring	substring_unique_candidate	Culture	"[[""Culture"",""Culture-core""]]"	"[""_artist""]"	Culture	proposed	[]	"[""Bruno Aveillan"", ""Chris Marker"", ""Mirko Krabbé""]"
821	Textile designer	4	author_substring	substring_unique_candidate	Culture	"[[""Culture"",""Culture-periphery""]]"	"[""designer""]"	Culture	proposed	[]	"[""Carla Danes"", ""Celia Birtwell"", ""Joseph Cornell (Merchant)""]"
824	Raconteur	4	no_author_rule	no_author_rule		[]	[]		needs_review	[]	"[""Compton Mackenzie"", ""Jean Shepherd"", ""Noel Ferrier""]"
827	Canon	4	no_author_rule	no_author_rule		[]	[]	Leadership	proposed	[]	"[""Cornelis de Graeff II."", ""Edmund Wilson (Religious Leader)"", ""Samuel Barnett (Organisation founder)""]"
831	m/0513qg_	4	no_author_rule	no_author_rule		[]	[]		needs_review	[]	"[""David Granditsky"", ""Jonathan Briley (Sound Engineer)"", ""Owen Griffiths""]"
834	Arts Administrator	4	author_substring	substring_cross_l1_conflict		"[[""Culture"",""Culture-core""],[""Leadership"",""Administration/Law""]]"	"[""_arts_"",""administrator""]"		needs_review	[]	"[""Dick Campbell (Dancer)"", ""Jörn Weisbrodt"", ""Omus Hirschbein""]"
840	Japanese idol	4	author_substring	substring_unique_candidate	Culture	"[[""Culture"",""Culture-core""]]"	"[""_idol_""]"	Culture	proposed	[]	"[""Eri Imai"", ""Rina Nakanishi"", ""Saori Minami""]"
846	Military aviator	4	author_substring	substring_unique_candidate	Leadership	"[[""Leadership"",""Military""]]"	"[""aviator"",""militar""]"	Leadership	proposed	[]	"[""George H. W. Bush"", ""Neil Armstrong"", ""Robert L. Gibson""]"
849	Choreography	4	no_author_rule	no_author_rule		[]	[]		needs_review	[]	"[""Giuseppe Urbani"", ""Harry Pilcer"", ""Tristan MacManus""]"
852	Special Effects Supervisor	4	author_substring	substring_unique_candidate	Culture	"[[""Culture"",""Culture-core""]]"	"[""special_effects""]"	Culture	proposed	[]	"[""Hajime Tsuburaya"", ""John Dykstra"", ""Kevin Yagher""]"
858	Game creator	4	author_substring	substring_cross_l1_conflict		"[[""Culture"",""Culture-core""],[""Sports/Games"",""Sports/Games""]]"	"[""_game"",""_creator_""]"		needs_review	[]	"[""Jim Howard (Actor)"", ""Mamoru Oshii"", ""Richard Garriott""]"
863	SEO Professional (Profession) #1	4	no_author_rule	no_author_rule		[]	[]		needs_review	[]	"[""Paul Scolnick"", ""ingenieroseo"", ""m/012hsfbl""]"
866	Drama Coach	3	author_substring	substring_cross_l1_conflict		"[[""Culture"",""Culture-core""],[""Sports/Games"",""Sports/Games""]]"	"[""coach"",""_drama""]"	Culture	proposed	[]	"[""Abner Biberman"", ""Helen Reaume"", ""Sessue Hayakawa""]"
872	Pretty Horsebreaker	3	no_author_rule	no_author_rule		[]	[]		needs_review	[]	"[""Agnes Wyndham"", ""Catherine Walters"", ""Laura Bell (Celebrity)""]"
877	Opera conductor	3	author_substring	substring_unique_candidate	Culture	"[[""Culture"",""Culture-core""]]"	"[""_opera_"",""conductor""]"	Culture	proposed	[]	"[""Alfred Sendrey"", ""Anton Coppola"", ""Fritz Reiner""]"
882	Furrier	3	no_author_rule	no_author_rule		[]	[]		out_of_scope	[]	"[""André Ciganer"", ""Hendrik Roelof Citroen"", ""Wilhelm Henie""]"
886	Legal secretary	3	author_substring	substring_unique_candidate	Leadership	"[[""Leadership"",""Politics""]]"	"[""secretary""]"	Leadership	proposed	[]	"[""Anne-Marie Conley"", ""Irmelin Indenbirken"", ""Virginia Johnson (Deceased Person)""]"
890	Entertainment Lawyer	3	author_substring	substring_unique_candidate	Leadership	"[[""Leadership"",""Administration/Law""]]"	"[""_lawyer""]"	Leadership	proposed	[]	"[""Arthur B. Krim"", ""Doug Davis (Organisation founder)"", ""Michael Collyer""]"
894	Theoretician	3	no_author_rule	no_author_rule		[]	[]		needs_review	[]	"[""Attar of Nishapur"", ""Herbert Blau"", ""Hollis Frampton""]"
898	Personal organizer	3	no_author_rule	no_author_rule		[]	[]		out_of_scope	[]	"[""Ben Manski"", ""Michael Sládek"", ""Sarah Turner""]"
903	Stock trader	3	author_substring	substring_unique_candidate	Leadership	"[[""Leadership"",""Corporate/Executive/Business (large)""]]"	"[""trader""]"		needs_review	[]	"[""Calvin J. Gooding"", ""Josh Brolin"", ""Larry R. Williams""]"
907	Film distributor (Profession)	3	author_substring	substring_unique_candidate	Culture	"[[""Culture"",""Culture-core""]]"	"[""_film_""]"		needs_review	[]	"[""Charles Mintz"", ""Komal"", ""Lawrence Woolner""]"
912	Action Director	3	no_author_rule	no_author_rule		[]	[]	Culture	proposed	[]	"[""Ching Siu-tung"", ""Donnie Yen"", ""Louis Fan""]"
915	Cloth merchant	3	author_substring	substring_unique_candidate	Leadership	"[[""Leadership"",""Corporate/Executive/Business (large)""]]"	"[""merchant""]"		out_of_scope	[]	"[""Christian Friedrich Böcklin"", ""Jakub Schulz"", ""Shaw Yuh Hsuen""]"
918	Mining Engineer	3	author_substring	substring_unique_candidate	Discovery/Science	"[[""Discovery/Science"",""Explorer/Inventor/Developer""]]"	"[""engineer""]"	Discovery/Science	proposed	[]	"[""Conrad Schlumberger"", ""Leopold Edward Krohn"", ""Monte Brice""]"
921	Pioneer	3	no_author_rule	no_author_rule		[]	[]		needs_review	[]	"[""Cyrus West Field"", ""Jim Bowie"", ""Wallace McCutcheon, Sr.""]"
924	Medical research	3	author_substring	substring_unique_candidate	Discovery/Science	"[[""Discovery/Science"",""Academia""]]"	"[""medical"",""research""]"		needs_review	[]	"[""David Shrayer-Petrov"", ""Henry Heimlich"", ""Michel Chrétien""]"
928	Neurosurgeon	3	author_substring	substring_unique_candidate	Discovery/Science	"[[""Discovery/Science"",""Academia""]]"	"[""surgeon""]"	Discovery/Science	proposed	[]	"[""Dr. Griffith R. Harsh IV"", ""Dr. Sanford Rothenberg"", ""Jörn Kubicki""]"
931	Union organizer	3	no_author_rule	no_author_rule		[]	[]	Leadership	proposed	[]	"[""Edgar Nixon"", ""Gilles Duceppe"", ""Mary Harris Jones""]"
937	Sports Anchor	3	author_substring	substring_cross_l1_conflict		"[[""Culture"",""Culture-periphery""],[""Sports/Games"",""Sports/Games""]]"	"[""_sport"",""_anchor_""]"	Culture	proposed	[]	"[""Erin Hawksworth"", ""Lindsay Czarniak"", ""Rafer Weigel""]"
940	Statistical graphics	3	no_author_rule	no_author_rule		[]	[]		out_of_scope	[]	"[""Florence Nightingale"", ""Otto Neurath"", ""William Playfair""]"
946	Wine Critic	3	author_substring	substring_unique_candidate	Culture	"[[""Culture"",""Culture-periphery""]]"	"[""critic""]"	Culture	proposed	[]	"[""Gary Vaynerchuk"", ""Jancis Robinson"", ""Monica Larner""]"
950	Haberdasher	3	no_author_rule	no_author_rule		[]	[]		needs_review	[]	"[""Gilbert Shakespeare"", ""Harry S. Truman"", ""Mitchell Siegel""]"
953	Picture editor	3	author_substring	substring_unique_candidate	Culture	"[[""Culture"",""Culture-periphery""]]"	"[""editor""]"	Culture	proposed	[]	"[""Grace Coddington"", ""Joan Mills Kerr"", ""John G. Morris""]"
957	Minstrel	3	no_author_rule	no_author_rule		[]	[]	Culture	proposed	[]	"[""Harry Barlow (Man)"", ""Milt G. Barlow"", ""Reginald Barlow""]"
961	Architectural historian	3	author_substring	substring_cross_l1_conflict		"[[""Culture"",""Culture-periphery""],[""Discovery/Science"",""Academia""]]"	"[""architect"",""historian""]"	Discovery/Science	proposed	[]	"[""Heinrich von Geymüller"", ""Paul Laspeyres"", ""Sarah McPhee""]"
967	Flight engineer	3	author_substring	substring_unique_candidate	Discovery/Science	"[[""Discovery/Science"",""Explorer/Inventor/Developer""]]"	"[""engineer""]"	Discovery/Science	proposed	[]	"[""Jack Brabham"", ""Scott Kelly"", ""Shannon Walker""]"
972	Digital Marketing Strategist	3	author_substring	substring_unique_candidate	Other	"[[""Other"",""Worker/Business (small)""]]"	"[""marketing""]"		needs_review	[]	"[""Jeremy Niedt"", ""Malika Sharma"", ""Yad Bhatti""]"
975	Game programmer	3	author_substring	substring_cross_l1_conflict		"[[""Discovery/Science"",""Explorer/Inventor/Developer""],[""Sports/Games"",""Sports/Games""]]"	"[""_game"",""programmer""]"	Discovery/Science	proposed	[]	"[""John Romero"", ""Ken Williams"", ""Sid Meier""]"
979	Assistant Property Master	3	no_author_rule	no_author_rule		[]	[]		needs_review	[]	"[""Joseph Badalucco Jr."", ""Julie Witherington"", ""Kevin Hughes (Set Decorator)""]"
983	Political writer	3	author_substring	substring_cross_l1_conflict		"[[""Culture"",""Culture-core""],[""Leadership"",""Politics""]]"	"[""_writer"",""political""]"	Culture	proposed	[]	"[""Karl Rove"", ""Matt Taibbi"", ""Naomi Klein""]"
986	Helicopter Pilot	3	no_author_rule	no_author_rule		[]	[]		needs_review	[]	"[""Kris Kristofferson"", ""Robert 'Bobby Z' Zajonc"", ""Tim Ward-Booth""]"
989	Burlesque stripper	3	author_substring	substring_unique_candidate	Other	"[[""Other"",""Other""]]"	"[""stripper""]"	Culture	proposed	[]	"[""Lili St. Cyr"", ""Zen (Actor)"", ""Zero (Actor)""]"
992	Parliamentarian	3	author_substring	substring_unique_candidate	Leadership	"[[""Leadership"",""Politics""]]"	"[""parliament""]"	Leadership	proposed	[]	"[""Mary C. Seward"", ""Maurice Peston, Baron Peston"", ""Mohammad Mosaddegh""]"
997	Construction Engineer	3	author_substring	substring_cross_l1_conflict		"[[""Discovery/Science"",""Explorer/Inventor/Developer""],[""Leadership"",""Corporate/Executive/Business (large)""]]"	"[""engineer"",""_construction""]"	Discovery/Science	proposed	[]	"[""Riccardo Scicolone"", ""Robert Carnahan"", ""Robert Olson (Soldier)""]"
1002	Wildlife biologist	2	author_substring	substring_unique_candidate	Discovery/Science	"[[""Discovery/Science"",""Academia""]]"	"[""biologist""]"	Discovery/Science	proposed	[]	"[""Adolph Murie"", ""Olaus Murie""]"
1005	Information systems technician	2	author_substring	substring_unique_candidate	Other	"[[""Other"",""Worker/Business (small)""]]"	"[""technician""]"		needs_review	[]	"[""Alan David Moss"", ""Jonathan W Lowe""]"
1008	Lighting technician	2	author_substring	substring_unique_candidate	Other	"[[""Other"",""Worker/Business (small)""]]"	"[""technician""]"		out_of_scope	[]	"[""Alejandro Luna"", ""David Elwell""]"
1011	Aeronautical Engineer	2	author_substring	substring_same_l1_multiple_l2	Discovery/Science	"[[""Discovery/Science"",""Academia""],[""Discovery/Science"",""Explorer/Inventor/Developer""]]"	"[""aeronautical"",""engineer""]"	Discovery/Science	proposed	[]	"[""Alfred Roy Carey"", ""Katsuji Miyazaki""]"
1014	Pro-life activist	2	author_substring	substring_unique_candidate	Leadership	"[[""Leadership"",""Politics""]]"	"[""activist""]"		needs_review	[]	"[""Alveda King"", ""Sargent Shriver""]"
1017	Plus-size model	2	author_substring	substring_unique_candidate	Culture	"[[""Culture"",""Culture-periphery""]]"	"[""_model_""]"	Culture	proposed	[]	"[""Anansa Sims"", ""Mia Tyler""]"
1020	Sound Effects Editor	2	author_substring	substring_unique_candidate	Culture	"[[""Culture"",""Culture-periphery""]]"	"[""editor""]"	Culture	proposed	[]	"[""Ann Kroeber"", ""Wayne Allwine""]"
1023	Human computer	2	no_author_rule	no_author_rule		[]	[]		out_of_scope	[]	"[""Annie Jump Cannon"", ""Jérôme Lalande""]"
1026	Army officer (retired)	2	author_substring	substring_unique_candidate	Leadership	"[[""Leadership"",""Military""]]"	"[""_army_"",""officer_""]"	Leadership	proposed	[]	"[""Anthony Pullen Shaw"", ""Louis Gabriel Venant Le Bailly de La Falaise""]"
1029	Etymologist	2	no_author_rule	no_author_rule		[]	[]	Discovery/Science	proposed	[]	"[""Ashley Judd"", ""O. W. Fischer""]"
1032	Server	2	no_author_rule	no_author_rule		[]	[]		out_of_scope	[]	"[""Austin Allen (Music Composer)"", ""Darlene Elizabeth Ferrin""]"
1035	Dental assistant	2	no_author_rule	no_author_rule		[]	[]		needs_review	[]	"[""Barbara Ann Knudson"", ""Pamela Putnam (Woman)""]"
1041	Volcanologist	2	no_author_rule	no_author_rule		[]	[]	Discovery/Science	proposed	[]	"[""Barry Voight"", ""James Dwight Dana""]"
1045	Quantitative analyst	2	author_substring	substring_unique_candidate	Other	"[[""Other"",""Worker/Business (small)""]]"	"[""analyst""]"	Discovery/Science	proposed	[]	"[""Benjamin Azose"", ""Jesse Robert Stone""]"
1048	Pitchman	2	no_author_rule	no_author_rule		[]	[]		needs_review	[]	"[""Bill Mumy"", ""Merlin Olsen""]"
1053	Medical Doctor	2	author_substring	substring_unique_candidate	Discovery/Science	"[[""Discovery/Science"",""Academia""]]"	"[""doctor"",""medical""]"	Discovery/Science	proposed	[]	"[""Bodo Thyssen"", ""Carlos Humberto Valenzuela Priego""]"
1057	Nature Photographer	2	author_substring	substring_unique_candidate	Culture	"[[""Culture"",""Culture-core""]]"	"[""photographer""]"	Culture	proposed	[]	"[""Carl Akeley"", ""Chris Packham""]"
1064	Occupational Therapist	2	author_substring	substring_unique_candidate	Discovery/Science	"[[""Discovery/Science"",""Academia""]]"	"[""therapist""]"	Discovery/Science	proposed	[]	"[""Catherine Elizabeth Collyer"", ""Elizabeth Upham Davis""]"
1068	Criminal (Profession) #15	2	author_substring	substring_unique_candidate	Other	"[[""Other"",""Other""]]"	"[""criminal""]"		out_of_scope	[]	"[""Charles Manson"", ""Ted Bundy""]"
1071	Radio DJ	2	author_substring	substring_unique_candidate	Culture	"[[""Culture"",""Culture-periphery""]]"	"[""_dj_"",""_radio_""]"	Culture	proposed	[]	"[""Chris Hardwick"", ""Joy Rene Smith""]"
1074	News director	2	no_author_rule	no_author_rule		[]	[]	Culture	proposed	[]	"[""Claire Chazal"", ""Terry McElhatton""]"
1077	Software Tester	2	no_author_rule	no_author_rule		[]	[]	Discovery/Science	proposed	[]	"[""Cynthia Armistead"", ""Özer Kavak""]"
1081	Executive Management	2	author_substring	substring_unique_candidate	Leadership	"[[""Leadership"",""Corporate/Executive/Business (large)""]]"	"[""executive"",""management""]"		needs_review	[]	"[""Dan Topping, Jr."", ""Sergey Brin""]"
1084	Shop Owner	2	no_author_rule	no_author_rule		[]	[]		out_of_scope	[]	"[""David Jacob Eisenhower"", ""Mary Clyde (Deceased Person)""]"
1087	Fetish model	2	author_substring	substring_unique_candidate	Culture	"[[""Culture"",""Culture-periphery""]]"	"[""_model_""]"	Culture	proposed	[]	"[""Dita Von Teese"", ""Linse Kessler""]"
1091	American Football Official	2	author_substring	substring_unique_candidate	Sports/Games	"[[""Sports/Games"",""Sports/Games""]]"	"[""football""]"	Sports/Games	proposed	[]	"[""Don Carey (American Football Official)"", ""Mike Carey (Referee)""]"
1095	Graphic Novelist	2	author_substring	substring_unique_candidate	Culture	"[[""Culture"",""Culture-core""]]"	"[""novelist""]"	Culture	proposed	[]	"[""Douglas Rushkoff"", ""Neil Gaiman""]"
1099	Paranormal Investigator	2	author_substring	substring_unique_candidate	Other	"[[""Other"",""Worker/Business (small)""]]"	"[""_investigator""]"		needs_review	[]	"[""Ed Warren"", ""Lorraine Warren""]"
1103	Charwoman	2	no_author_rule	no_author_rule		[]	[]		out_of_scope	[]	"[""Ellen Maria Burchell"", ""Olwen Jones""]"
1107	Network executive	2	author_substring	substring_unique_candidate	Leadership	"[[""Leadership"",""Corporate/Executive/Business (large)""]]"	"[""executive""]"	Leadership	proposed	[]	"[""Eugene Pleshette"", ""Ted Harbert""]"
1110	Child singer	2	author_substring	substring_cross_l1_conflict		"[[""Culture"",""Culture-core""],[""Other"",""Family""]]"	"[""singer"",""child_""]"	Culture	proposed	[]	"[""Famie Kaufman"", ""Sarthak Kalyani""]"
1115	Civil law notary	2	author_substring	substring_unique_candidate	Leadership	"[[""Leadership"",""Administration/Law""]]"	"[""_law_"",""notary""]"	Leadership	proposed	[]	"[""Francesc de Paula Espriu i Torres"", ""Ioana Băsescu""]"
1119	Agricultural Scientist	2	author_substring	substring_unique_candidate	Discovery/Science	"[[""Discovery/Science"",""Academia""]]"	"[""scientist""]"	Discovery/Science	proposed	[]	"[""Franklin Hiram King"", ""Norman Borlaug""]"
1124	Filibuster	2	no_author_rule	no_author_rule		[]	[]		needs_review	[]	"[""George Rogers Clark"", ""William Blount""]"
1127	Digital Marketing Consultant (Profession) #1	2	author_substring	substring_unique_candidate	Other	"[[""Other"",""Worker/Business (small)""]]"	"[""consultant"",""marketing""]"		needs_review	[]	"[""Ghanshyam Shah (m/012zmpg_)"", ""m/012zyjjh""]"
1130	Systems Programmer	2	author_substring	substring_unique_candidate	Discovery/Science	"[[""Discovery/Science"",""Explorer/Inventor/Developer""]]"	"[""programmer""]"	Discovery/Science	proposed	[]	"[""Guido van Rossum"", ""John Bäckstrand""]"
1134	Geochemist	2	author_substring	substring_unique_candidate	Discovery/Science	"[[""Discovery/Science"",""Academia""]]"	"[""chemist""]"	Discovery/Science	proposed	[]	"[""Harrison Brown"", ""Vladimir Vernadsky""]"
1138	Tax advisor	2	author_substring	substring_unique_candidate	Leadership	"[[""Leadership"",""Politics""]]"	"[""advisor""]"		needs_review	[]	"[""Heather Biggs"", ""Robert Moszkowicz""]"
1141	Tool and die maker	2	no_author_rule	no_author_rule		[]	[]		out_of_scope	[]	"[""Henry Maudslay"", ""Joseph Stone""]"
1144	Architectural historian (Profession) #1	2	author_substring	substring_cross_l1_conflict		"[[""Culture"",""Culture-periphery""],[""Discovery/Science"",""Academia""]]"	"[""architect"",""historian""]"	Discovery/Science	proposed	[]	"[""Henry-Russell Hitchcock"", ""Sir Banister Fletcher""]"
1148	Hermit (Profession)	2	author_substring	substring_unique_candidate	Leadership	"[[""Leadership"",""Religious""]]"	"[""hermit""]"		out_of_scope	[]	"[""Ignatius of Loyola"", ""Saint Tarsicia of Rodez""]"
1154	SEO Consultant	2	author_substring	substring_unique_candidate	Other	"[[""Other"",""Worker/Business (small)""]]"	"[""consultant""]"		needs_review	[]	"[""Jason BARNARD"", ""m/012zyjjh""]"
1161	Special Needs Counsellor	2	author_substring	substring_unique_candidate	Other	"[[""Other"",""Worker/Business (small)""]]"	"[""counsellor""]"	Discovery/Science	proposed	[]	"[""Jocelyn Hammer"", ""Lucinda Gail Finlayson""]"
1164	Search Engine Optimization (Industry) #1	2	no_author_rule	no_author_rule		[]	[]		out_of_scope	[]	"[""Joel Glenn Wright (Organisation leader) #1"", ""Melissa Harden""]"
1167	Theater Manager	2	author_substring	substring_cross_l1_conflict		"[[""Culture"",""Culture-core""],[""Leadership"",""Corporate/Executive/Business (large)""]]"	"[""theater"",""manager""]"		needs_review	[]	"[""John Houseman"", ""Maximilian Steiner""]"
1170	Publican	2	no_author_rule	no_author_rule		[]	[]		needs_review	[]	"[""John Ryan (Critic)"", ""W. T. Cosgrave""]"
1174	Used Car Dealer	2	no_author_rule	no_author_rule		[]	[]		needs_review	[]	"[""Joseph R. Biden Sr."", ""Richard Shelton (Deceased Person)""]"
1178	Human Rights Lawyer	2	author_substring	substring_unique_candidate	Leadership	"[[""Leadership"",""Administration/Law""]]"	"[""_lawyer""]"	Leadership	proposed	[]	"[""Judith Chomsky"", ""Radhia Nasraoui""]"
1182	Petroleum geologist	2	author_substring	substring_unique_candidate	Discovery/Science	"[[""Discovery/Science"",""Academia""]]"	"[""geologist""]"	Discovery/Science	proposed	[]	"[""Kevin Duncan (Man)"", ""Terry Kramer (Businessperson)""]"
1186	Stage management	2	author_substring	substring_cross_l1_conflict		"[[""Culture"",""Culture-core""],[""Leadership"",""Corporate/Executive/Business (large)""]]"	"[""_stage_"",""management""]"		needs_review	[]	"[""Lawrence Kasha"", ""Trevor Bentham""]"
1189	Online Marketing Strategist	2	author_substring	substring_unique_candidate	Other	"[[""Other"",""Worker/Business (small)""]]"	"[""marketing""]"		needs_review	[]	"[""Lijorocky Vadakedath Joseph"", ""m/012zvydj""]"
1192	Title Designer	2	author_substring	substring_unique_candidate	Culture	"[[""Culture"",""Culture-periphery""]]"	"[""designer""]"	Culture	proposed	[]	"[""Marcus Ringrose"", ""Pablo Ferro""]"
1195	Tour promoter	2	no_author_rule	no_author_rule		[]	[]		needs_review	[]	"[""Michael Edgley"", ""Michael Lang""]"
1199	Senior lieutenant	2	author_substring	substring_unique_candidate	Leadership	"[[""Leadership"",""Military""]]"	"[""lieutenant""]"	Leadership	proposed	[]	"[""Naval Officer Butakov Alexander Ivanovich"", ""Pavel Voronov""]"
1202	Pilot trainer	2	author_substring	substring_unique_candidate	Sports/Games	"[[""Sports/Games"",""Sports/Games""]]"	"[""trainer""]"	Discovery/Science	proposed	[]	"[""Orville Wright"", ""Wilbur Wright""]"
1207	Lyric poet	2	author_substring	substring_unique_candidate	Culture	"[[""Culture"",""Culture-core""]]"	"[""_poet""]"	Culture	proposed	[]	"[""Philitas of Cos"", ""Sappho""]"
1212	Financial planner	2	no_author_rule	no_author_rule		[]	[]		needs_review	[]	"[""Richard Luthman"", ""William Poehler""]"
1218	Canadian football player	2	author_substring	substring_unique_candidate	Sports/Games	"[[""Sports/Games"",""Sports/Games""]]"	"[""football"",""player""]"	Sports/Games	proposed	[]	"[""Roger Kramer"", ""Roy Jenson""]"
1224	Appraiser	2	no_author_rule	no_author_rule		[]	[]		out_of_scope	[]	"[""Silvia Gašparovičová"", ""Tom Norton (Writer)""]"
1228	Liaison officer	2	author_substring	substring_unique_candidate	Leadership	"[[""Leadership"",""Military""]]"	"[""officer_""]"		needs_review	[]	"[""Thuthukile Xolile Nomonde Zuma"", ""William Taliaferro Close""]"
1231	Turntablist	1	no_author_rule	no_author_rule		[]	[]	Culture	proposed	[]	"[""A-Trak""]"
1235	primary school headmaster	1	author_substring	substring_unique_candidate	Leadership	"[[""Leadership"",""Corporate/Executive/Business (large)""]]"	"[""headmaster""]"		needs_review	[]	"[""Albert Enoch Powell""]"
1238	Master Quarrier	1	no_author_rule	no_author_rule		[]	[]		out_of_scope	[]	"[""Alexander Cross (Deceased Person)""]"
1242	Classical Indian Music Performer	1	author_substring	substring_unique_candidate	Culture	"[[""Culture"",""Culture-core""]]"	"[""_music"",""performer""]"	Culture	proposed	[]	"[""Ali Akbar Khan""]"
1246	Soap Maker	1	no_author_rule	no_author_rule		[]	[]		out_of_scope	[]	"[""Alina Tytarenko""]"
1249	Digital Marketing Consultant	1	author_substring	substring_unique_candidate	Other	"[[""Other"",""Worker/Business (small)""]]"	"[""consultant"",""marketing""]"		needs_review	[]	"[""Amarjeet Sharma""]"
1252	Boom Operator	1	author_substring	substring_unique_candidate	Other	"[[""Other"",""Worker/Business (small)""]]"	"[""operator""]"	Culture	proposed	[]	"[""Andi Arsenie""]"
1256	Visual Effects Technician	1	author_substring	substring_cross_l1_conflict		"[[""Culture"",""Culture-core""],[""Other"",""Worker/Business (small)""]]"	"[""visual_effects"",""technician""]"	Culture	proposed	[]	"[""Andrew Cymek""]"
1259	Corrector	1	no_author_rule	no_author_rule		[]	[]		needs_review	[]	"[""Anna Izryadnova""]"
1263	Babysitter	1	no_author_rule	no_author_rule		[]	[]		out_of_scope	[]	"[""Anne Frank""]"
1266	Hospital corpsman	1	no_author_rule	no_author_rule		[]	[]		out_of_scope	[]	"[""Anthony Earl Numkena""]"
1269	Construction Foreman	1	author_substring	substring_cross_l1_conflict		"[[""Leadership"",""Corporate/Executive/Business (large)""],[""Other"",""Worker/Business (small)""]]"	"[""_construction"",""_foreman""]"		needs_review	[]	"[""Anthony Orville Brokaw""]"
1275	Software Engineering	1	author_substring	substring_unique_candidate	Discovery/Science	"[[""Discovery/Science"",""Explorer/Inventor/Developer""]]"	"[""engineer""]"		needs_review	[]	"[""Austin Cameron (Organisation founder)""]"
1279	Majordomo	1	no_author_rule	no_author_rule		[]	[]		out_of_scope	[]	"[""Barry Comden""]"
1282	supermarket executive	1	author_substring	substring_unique_candidate	Leadership	"[[""Leadership"",""Corporate/Executive/Business (large)""]]"	"[""executive""]"	Leadership	proposed	[]	"[""Benjamin Saget""]"
1285	Rock Climber	1	author_substring	substring_cross_l1_conflict		"[[""Culture"",""Culture-core""],[""Sports/Games"",""Sports/Games""]]"	"[""climb"",""_rock_""]"	Sports/Games	proposed	[]	"[""Beverly Johnson (Woman) #4""]"
1289	Rural Mail Carrier	1	no_author_rule	no_author_rule		[]	[]		out_of_scope	[]	"[""Bill Smith (Man) #24""]"
1293	Online Marketing Consultant	1	author_substring	substring_unique_candidate	Other	"[[""Other"",""Worker/Business (small)""]]"	"[""consultant"",""marketing""]"		needs_review	[]	"[""Bogdan Lytvyn""]"
1296	Wool classing	1	no_author_rule	no_author_rule		[]	[]		out_of_scope	[]	"[""Bruce Laming""]"
1299	Dermatology	1	no_author_rule	no_author_rule		[]	[]		needs_review	[]	"[""Camila Krysicka Janniger""]"
1302	Planetary scientist	1	author_substring	substring_unique_candidate	Discovery/Science	"[[""Discovery/Science"",""Academia""]]"	"[""scientist""]"	Discovery/Science	proposed	[]	"[""Carl Sagan""]"
1307	Tenor Saxophonist	1	author_substring	substring_unique_candidate	Culture	"[[""Culture"",""Culture-core""]]"	"[""_tenor_"",""saxophonist""]"	Culture	proposed	[]	"[""Charles Axton""]"
1311	Web design	1	no_author_rule	no_author_rule		[]	[]		needs_review	[]	"[""Chris Graham (Web Designer)""]"
1315	Information scientist	1	author_substring	substring_unique_candidate	Discovery/Science	"[[""Discovery/Science"",""Academia""]]"	"[""scientist""]"	Discovery/Science	proposed	[]	"[""Christine JM Connors""]"
1318	Production coordinator	1	no_author_rule	no_author_rule		[]	[]		needs_review	[]	"[""Damian Anderson""]"
1322	College Student	1	no_author_rule	no_author_rule		[]	[]		out_of_scope	[]	"[""David Eugene Cole II""]"
1325	Commanding General, Multi-National Force - Iraq	1	author_substring	substring_unique_candidate	Leadership	"[[""Leadership"",""Military""]]"	"[""_force_""]"	Leadership	proposed	[]	"[""David Petraeus""]"
1328	Car Worker	1	author_substring	substring_unique_candidate	Other	"[[""Other"",""Worker/Business (small)""]]"	"[""worker""]"		out_of_scope	[]	"[""Dean Cox (Man)""]"
1331	Horse trader	1	author_substring	substring_unique_candidate	Leadership	"[[""Leadership"",""Corporate/Executive/Business (large)""]]"	"[""trader""]"		needs_review	[]	"[""Diki Tsering""]"
1334	Script coordinator	1	author_substring	substring_unique_candidate	Culture	"[[""Culture"",""Culture-core""]]"	"[""_script_""]"	Culture	proposed	[]	"[""Donald Spencer""]"
1338	Environmental Writer	1	author_substring	substring_unique_candidate	Culture	"[[""Culture"",""Culture-core""]]"	"[""_writer""]"	Culture	proposed	[]	"[""Donella Meadows""]"
1341	Fashion Consultant	1	author_substring	substring_unique_candidate	Other	"[[""Other"",""Worker/Business (small)""]]"	"[""consultant""]"	Culture	proposed	[]	"[""Drena De Niro""]"
1344	Deputy mayor	1	author_substring	substring_unique_candidate	Leadership	"[[""Leadership"",""Politics""]]"	"[""deputy"",""mayor""]"	Leadership	proposed	[]	"[""Edmundas Zenonas Malūkas""]"
1347	Metalsmith	1	no_author_rule	no_author_rule		[]	[]		out_of_scope	[]	"[""Eigil Jens Karl""]"
1350	Film cinematographer	1	author_substring	substring_unique_candidate	Culture	"[[""Culture"",""Culture-core""]]"	"[""_film_"",""cinema"",""cinematographer""]"	Culture	proposed	[]	"[""Eino Heino""]"
1353	Company Secretary	1	author_substring	substring_unique_candidate	Leadership	"[[""Leadership"",""Politics""]]"	"[""secretary""]"	Leadership	proposed	[]	"[""Eleanor \""Sis\"" Daley""]"
1357	Clinical Systems Analyst	1	author_substring	substring_unique_candidate	Other	"[[""Other"",""Worker/Business (small)""]]"	"[""analyst""]"	Discovery/Science	proposed	[]	"[""Elizabeth Marks (Actor)""]"
1360	Child Psychiatrist	1	author_substring	substring_cross_l1_conflict		"[[""Discovery/Science"",""Academia""],[""Other"",""Family""]]"	"[""psychiatrist"",""child_""]"	Discovery/Science	proposed	[]	"[""Emanuel Miller""]"
1363	Electrical contractor	1	no_author_rule	no_author_rule		[]	[]		out_of_scope	[]	"[""Eric Crawford (Deceased Person)""]"
1366	Assistant Director	1	no_author_rule	no_author_rule		[]	[]	Culture	proposed	[]	"[""Erik Leijonborg""]"
1369	Woodcutter	1	no_author_rule	no_author_rule		[]	[]		out_of_scope	[]	"[""Esther Bensusan Pissarro""]"
1372	Bioengineer	1	author_substring	substring_unique_candidate	Discovery/Science	"[[""Discovery/Science"",""Explorer/Inventor/Developer""]]"	"[""engineer""]"	Discovery/Science	proposed	[]	"[""Feng Zhang""]"
1375	Federal Government of Canada	1	author_substring	substring_unique_candidate	Leadership	"[[""Leadership"",""Politics""]]"	"[""government""]"		out_of_scope	[]	"[""Floyd J. Tufts""]"
1378	Frame Gilder	1	no_author_rule	no_author_rule		[]	[]		out_of_scope	[]	"[""Francisco Constantino Augusto da Silva""]"
1381	Fencing master	1	author_substring	substring_unique_candidate	Sports/Games	"[[""Sports/Games"",""Sports/Games""]]"	"[""fencing""]"	Sports/Games	proposed	[]	"[""Fred Cavens""]"
1387	Mastering engineer	1	author_substring	substring_unique_candidate	Discovery/Science	"[[""Discovery/Science"",""Explorer/Inventor/Developer""]]"	"[""engineer""]"	Culture	proposed	[]	"[""Gene Paul""]"
1393	Upholsterer	1	no_author_rule	no_author_rule		[]	[]		out_of_scope	[]	"[""George Weber (Deceased Person)""]"
1399	Church of Aphrodite	1	author_substring	substring_unique_candidate	Leadership	"[[""Leadership"",""Religious""]]"	"[""_church""]"		out_of_scope	[]	"[""Gleb Botkin""]"
1403	Business Manager	1	author_substring	substring_unique_candidate	Leadership	"[[""Leadership"",""Corporate/Executive/Business (large)""]]"	"[""business"",""manager""]"	Leadership	proposed	[]	"[""Grace Massa Langlois""]"
1406	Backing vocalist	1	author_substring	substring_unique_candidate	Culture	"[[""Culture"",""Culture-core""]]"	"[""vocalist""]"	Culture	proposed	[]	"[""Gregg Tribbett""]"
1410	UI Designer	1	author_substring	substring_unique_candidate	Culture	"[[""Culture"",""Culture-periphery""]]"	"[""designer""]"	Culture	proposed	[]	"[""Han, Jae-Il""]"
1413	Conversion rate optimization specialist	1	no_author_rule	no_author_rule		[]	[]		needs_review	[]	"[""Hans Willemse""]"
1416	Jazz guitarist	1	author_substring	substring_unique_candidate	Culture	"[[""Culture"",""Culture-core""]]"	"[""guitar"",""jazz""]"	Culture	proposed	[]	"[""Haruhiko Takauchi""]"
1419	Houseware designer	1	author_substring	substring_unique_candidate	Culture	"[[""Culture"",""Culture-periphery""]]"	"[""designer""]"	Culture	proposed	[]	"[""Heather McCartney""]"
1422	internet business consultant	1	author_substring	substring_cross_l1_conflict		"[[""Leadership"",""Corporate/Executive/Business (large)""],[""Other"",""Worker/Business (small)""]]"	"[""business"",""consultant""]"		needs_review	[]	"[""Helga Haas""]"
1425	High Court Judge	1	author_substring	substring_unique_candidate	Leadership	"[[""Leadership"",""Administration/Law""]]"	"[""judge""]"	Leadership	proposed	[]	"[""Henry Hodge""]"
1428	Pharmaceutical Entrepreneur	1	author_substring	substring_unique_candidate	Leadership	"[[""Leadership"",""Corporate/Executive/Business (large)""]]"	"[""entrepreneur""]"	Leadership	proposed	[]	"[""Henry Wellcome""]"
1431	Road agent	1	no_author_rule	no_author_rule		[]	[]		out_of_scope	[]	"[""Héctor Guerrero""]"
1434	Employment counsellor	1	author_substring	substring_unique_candidate	Other	"[[""Other"",""Worker/Business (small)""]]"	"[""counsellor""]"		needs_review	[]	"[""Ikezawa Schoenbaum Naomi""]"
1439	Medicine man	1	author_substring	substring_unique_candidate	Discovery/Science	"[[""Discovery/Science"",""Academia""]]"	"[""medicine""]"		needs_review	[]	"[""Iron Jacket""]"
1442	Lackey (Profession)	1	no_author_rule	no_author_rule		[]	[]		out_of_scope	[]	"[""Ivan Dmitriyevich Sednev""]"
1445	Key grip	1	no_author_rule	no_author_rule		[]	[]	Culture	proposed	[]	"[""J. Patrick Daily (Man)""]"
1450	Fur Trader	1	author_substring	substring_unique_candidate	Leadership	"[[""Leadership"",""Corporate/Executive/Business (large)""]]"	"[""trader""]"		needs_review	[]	"[""Jack Rosenblatt""]"
1453	Sexton	1	no_author_rule	no_author_rule		[]	[]	Leadership	proposed	[]	"[""Jacob Johnson""]"
1457	Pharmacy technician	1	author_substring	substring_unique_candidate	Other	"[[""Other"",""Worker/Business (small)""]]"	"[""technician""]"		needs_review	[]	"[""Jade Michael LaFont""]"
1460	Commodore (Military rank) #12	1	author_substring	substring_unique_candidate	Leadership	"[[""Leadership"",""Military""]]"	"[""militar""]"	Leadership	proposed	[]	"[""James Fanshawe (Military Person)""]"
1463	Post Office Worker	1	author_substring	substring_unique_candidate	Other	"[[""Other"",""Worker/Business (small)""]]"	"[""worker""]"		out_of_scope	[]	"[""James Millard Hopper""]"
1466	Courier	1	no_author_rule	no_author_rule		[]	[]		out_of_scope	[]	"[""Jan Karski""]"
1469	Lead vocalist	1	author_substring	substring_unique_candidate	Culture	"[[""Culture"",""Culture-core""]]"	"[""vocalist""]"	Culture	proposed	[]	"[""Jared Leto""]"
1472	Fashion Commentator	1	author_substring	substring_unique_candidate	Culture	"[[""Culture"",""Culture-periphery""]]"	"[""commentator""]"	Culture	proposed	[]	"[""Jeanne Cagney""]"
1476	Trapper	1	author_substring	substring_unique_candidate	Culture	"[[""Culture"",""Culture-core""]]"	"[""rapper""]"		out_of_scope	[]	"[""Jerome Leland-St. John""]"
1480	Engineering Drafter	1	author_substring	substring_unique_candidate	Discovery/Science	"[[""Discovery/Science"",""Explorer/Inventor/Developer""]]"	"[""engineer""]"		needs_review	[]	"[""Jesse Wayne Swayze""]"
1484	Counsellor in Norwich	1	author_substring	substring_unique_candidate	Other	"[[""Other"",""Worker/Business (small)""]]"	"[""counsellor""]"		needs_review	[]	"[""Joan Claridge""]"
1487	Forklift operator	1	author_substring	substring_unique_candidate	Other	"[[""Other"",""Worker/Business (small)""]]"	"[""operator""]"		out_of_scope	[]	"[""Joe Isaak""]"
1491	Entrepreneurship	1	author_substring	substring_unique_candidate	Leadership	"[[""Leadership"",""Corporate/Executive/Business (large)""]]"	"[""entrepreneur""]"		out_of_scope	[]	"[""Joel Glenn Wright (Organisation leader) #1""]"
1494	Laryngologist	1	no_author_rule	no_author_rule		[]	[]	Discovery/Science	proposed	[]	"[""Johann Schnitzler""]"
1499	Bankruptcy Lawyer	1	author_substring	substring_same_l1_multiple_l2	Leadership	"[[""Leadership"",""Administration/Law""],[""Leadership"",""Corporate/Executive/Business (large)""]]"	"[""_lawyer"",""bank""]"	Leadership	proposed	[]	"[""John Keenan (Lawyer)""]"
1502	Carpet cleaning	1	no_author_rule	no_author_rule		[]	[]		out_of_scope	[]	"[""John Mascia""]"
1506	Online producer	1	author_substring	substring_unique_candidate	Culture	"[[""Culture"",""Culture-core""]]"	"[""producer""]"		needs_review	[]	"[""Jon Schwartz""]"
1509	Paymaster	1	no_author_rule	no_author_rule		[]	[]		out_of_scope	[]	"[""Jonathan Trumbull, Jr.""]"
1513	Serial entrepreneur	1	author_substring	substring_unique_candidate	Leadership	"[[""Leadership"",""Corporate/Executive/Business (large)""]]"	"[""entrepreneur""]"	Leadership	proposed	[]	"[""Jose Simoes""]"
1517	Online Editor	1	author_substring	substring_unique_candidate	Culture	"[[""Culture"",""Culture-periphery""]]"	"[""editor""]"	Culture	proposed	[]	"[""Joseph Odipo""]"
1520	Software Developer (Profession)	1	author_substring	substring_unique_candidate	Discovery/Science	"[[""Discovery/Science"",""Explorer/Inventor/Developer""]]"	"[""developer""]"	Discovery/Science	proposed	[]	"[""Joseph Wolff (m/012l9p86)""]"
1524	Sound Artist	1	author_substring	substring_unique_candidate	Culture	"[[""Culture"",""Culture-core""]]"	"[""_artist""]"	Culture	proposed	[]	"[""Jörn Donner""]"
1528	Colonel general	1	author_substring	substring_unique_candidate	Leadership	"[[""Leadership"",""Military""]]"	"[""colonel""]"	Leadership	proposed	[]	"[""Kazys Grinius (Deceased Person)""]"
1531	Tax Preparer	1	no_author_rule	no_author_rule		[]	[]		out_of_scope	[]	"[""Kent Damon""]"
1536	Doshu	1	no_author_rule	no_author_rule		[]	[]		needs_review	[]	"[""Kisshomaru Ueshiba""]"
1539	Secretary-General of the United Nations	1	author_substring	substring_unique_candidate	Leadership	"[[""Leadership"",""Politics""]]"	"[""secretary"",""united_nation""]"	Leadership	proposed	[]	"[""Kofi Annan""]"
1542	Jazz Violinist	1	author_substring	substring_unique_candidate	Culture	"[[""Culture"",""Culture-core""]]"	"[""jazz"",""violin""]"	Culture	proposed	[]	"[""Krzesimir Dębski""]"
1545	Manicurist	1	no_author_rule	no_author_rule		[]	[]		out_of_scope	[]	"[""Laila Ali""]"
1548	Conceptual Artist	1	author_substring	substring_unique_candidate	Culture	"[[""Culture"",""Culture-core""]]"	"[""_artist""]"	Culture	proposed	[]	"[""LeAnn Bartok""]"
1552	SEO Analyst	1	author_substring	substring_unique_candidate	Other	"[[""Other"",""Worker/Business (small)""]]"	"[""analyst""]"		needs_review	[]	"[""Lijorocky Vadakedath Joseph""]"
1555	Legal analyst	1	author_substring	substring_unique_candidate	Other	"[[""Other"",""Worker/Business (small)""]]"	"[""analyst""]"	Leadership	proposed	[]	"[""Lis Wiehl""]"
1558	Ontologist	1	no_author_rule	no_author_rule		[]	[]	Discovery/Science	proposed	[]	"[""Lowell Vizenor""]"
1563	Exile	1	no_author_rule	no_author_rule		[]	[]		out_of_scope	[]	"[""Luigi Picchioni""]"
1566	Kaymakam	1	no_author_rule	no_author_rule		[]	[]	Leadership	proposed	[]	"[""Lütfi Uraz""]"
1570	Country Doctor	1	author_substring	substring_unique_candidate	Discovery/Science	"[[""Discovery/Science"",""Academia""]]"	"[""doctor""]"	Discovery/Science	proposed	[]	"[""Manfred Eichinger""]"
1573	Food writer	1	author_substring	substring_unique_candidate	Culture	"[[""Culture"",""Culture-core""]]"	"[""_writer""]"	Culture	proposed	[]	"[""Mapie de Toulouse-Lautrec""]"
1576	American Historian	1	author_substring	substring_unique_candidate	Discovery/Science	"[[""Discovery/Science"",""Academia""]]"	"[""historian""]"	Discovery/Science	proposed	[]	"[""Mari Jo Buhle""]"
1579	Political Assistant	1	author_substring	substring_unique_candidate	Leadership	"[[""Leadership"",""Politics""]]"	"[""political""]"	Leadership	proposed	[]	"[""Mario Díaz-Balart""]"
1582	Stonecutter	1	no_author_rule	no_author_rule		[]	[]		out_of_scope	[]	"[""Markus Helenius""]"
1585	Camera Assistant	1	no_author_rule	no_author_rule		[]	[]	Culture	proposed	[]	"[""Martin Glouner""]"
1588	Digital Marketing Analyst	1	author_substring	substring_unique_candidate	Other	"[[""Other"",""Worker/Business (small)""]]"	"[""analyst"",""marketing""]"		needs_review	[]	"[""Martin Šimko""]"
1591	Midwife (Film subject)	1	author_substring	substring_unique_candidate	Other	"[[""Other"",""Worker/Business (small)""]]"	"[""midwife""]"		needs_review	[]	"[""Mary Carson Breckinridge""]"
1594	Keirin Racer	1	author_substring	substring_unique_candidate	Sports/Games	"[[""Sports/Games"",""Sports/Games""]]"	"[""_racer_""]"	Sports/Games	proposed	[]	"[""Masuo Tominaga""]"
1598	Internet Marketing	1	author_substring	substring_unique_candidate	Other	"[[""Other"",""Worker/Business (small)""]]"	"[""marketing""]"		needs_review	[]	"[""Matthew Woodward""]"
1601	Reno (Profession)	1	no_author_rule	no_author_rule		[]	[]		needs_review	[]	"[""Meghann Hamilton-Ritson""]"
1604	Psycholinguist	1	author_substring	substring_unique_candidate	Discovery/Science	"[[""Discovery/Science"",""Academia""]]"	"[""linguist""]"	Discovery/Science	proposed	[]	"[""Michael Tanenhaus""]"
1607	Black belt	1	no_author_rule	no_author_rule		[]	[]		needs_review	[]	"[""Michelle Edwards (Woman) #2""]"
1610	Modeler	1	no_author_rule	no_author_rule		[]	[]		needs_review	[]	"[""Mike Altman""]"
1613	Street sweeper	1	author_substring	substring_unique_candidate	Other	"[[""Other"",""Worker/Business (small)""]]"	"[""_sweeper""]"		out_of_scope	[]	"[""Miles Woods""]"
1616	Informant	1	no_author_rule	no_author_rule		[]	[]		needs_review	[]	"[""Molly Childers""]"
1619	Naval Systems Analyst	1	author_substring	substring_cross_l1_conflict		"[[""Leadership"",""Military""],[""Other"",""Worker/Business (small)""]]"	"[""naval_"",""analyst""]"		needs_review	[]	"[""Morty Drescher""]"
1623	Suit actor	1	author_substring	substring_unique_candidate	Culture	"[[""Culture"",""Culture-core""]]"	"[""_actor""]"		needs_review	[]	"[""Naoko Kamio""]"
1626	Stonemasonry	1	author_substring	substring_unique_candidate	Other	"[[""Other"",""Worker/Business (small)""]]"	"[""masonry"",""stonemason""]"		out_of_scope	[]	"[""Nick Corfield""]"
1629	Qualified Flying Instructor	1	author_substring	substring_unique_candidate	Discovery/Science	"[[""Discovery/Science"",""Academia""]]"	"[""instructor""]"	Discovery/Science	proposed	[]	"[""Nicolas Ivanoff""]"
1632	Plantation Overseer	1	no_author_rule	no_author_rule		[]	[]		out_of_scope	[]	"[""Norval Marley""]"
1635	Internet Visionary	1	no_author_rule	no_author_rule		[]	[]		needs_review	[]	"[""Nova Spivack""]"
1639	Dayan (Religious Leadership Title)	1	author_substring	substring_unique_candidate	Leadership	"[[""Leadership"",""Religious""]]"	"[""religious""]"	Leadership	proposed	[]	"[""Oser Loewe""]"
1644	Assistant Sound Editor	1	author_substring	substring_unique_candidate	Culture	"[[""Culture"",""Culture-periphery""]]"	"[""editor""]"	Culture	proposed	[]	"[""Paul Apted""]"
1647	Standart officer	1	author_substring	substring_unique_candidate	Leadership	"[[""Leadership"",""Military""]]"	"[""officer_""]"		out_of_scope	[]	"[""Pavel Voronov""]"
1650	Electronic Engineer	1	author_substring	substring_unique_candidate	Discovery/Science	"[[""Discovery/Science"",""Explorer/Inventor/Developer""]]"	"[""engineer""]"	Discovery/Science	proposed	[]	"[""Peter Harold Cole""]"
1653	Hymnology	1	no_author_rule	no_author_rule		[]	[]		needs_review	[]	"[""Philipp Wackernagel""]"
1656	Arms Dealer	1	no_author_rule	no_author_rule		[]	[]		out_of_scope	[]	"[""Pierre de Beaumarchais""]"
1660	Prince of Hesse and by Rhine	1	author_substring	substring_unique_candidate	Leadership	"[[""Leadership"",""Nobility""]]"	"[""prince_""]"	Leadership	proposed	[]	"[""Prince Friedrich of Hesse and by Rhine""]"
1663	Herder	1	no_author_rule	no_author_rule		[]	[]		out_of_scope	[]	"[""Ram Singh (Security guard)""]"
1666	Showrunner	1	author_substring	substring_unique_candidate	Sports/Games	"[[""Sports/Games"",""Sports/Games""]]"	"[""runner""]"	Culture	proposed	[]	"[""Rebecca Rand Kirshner""]"
1669	Direct marketing	1	author_substring	substring_unique_candidate	Other	"[[""Other"",""Worker/Business (small)""]]"	"[""marketing""]"		out_of_scope	[]	"[""Richard J. Tornetta""]"
1672	United States Ambassador to Seychelles	1	author_substring	substring_unique_candidate	Leadership	"[[""Leadership"",""Administration/Law""]]"	"[""ambassador""]"	Leadership	proposed	[]	"[""Richard Warner Carlson""]"
1676	Image consultant	1	author_substring	substring_unique_candidate	Other	"[[""Other"",""Worker/Business (small)""]]"	"[""consultant""]"		needs_review	[]	"[""Rita Verreos""]"
1679	European Historian	1	author_substring	substring_unique_candidate	Discovery/Science	"[[""Discovery/Science"",""Academia""]]"	"[""historian""]"	Discovery/Science	proposed	[]	"[""Robert Darnton""]"
1683	Test engineer	1	author_substring	substring_unique_candidate	Discovery/Science	"[[""Discovery/Science"",""Explorer/Inventor/Developer""]]"	"[""engineer""]"	Discovery/Science	proposed	[]	"[""Robert L. Behnken""]"
1686	Neuroendocrinologist	1	author_substring	substring_unique_candidate	Discovery/Science	"[[""Discovery/Science"",""Academia""]]"	"[""endocrinologist""]"	Discovery/Science	proposed	[]	"[""Robert Sapolsky""]"
1690	Arts Educator	1	author_substring	substring_cross_l1_conflict		"[[""Culture"",""Culture-core""],[""Discovery/Science"",""Academia""]]"	"[""_arts_"",""educator""]"		needs_review	[]	"[""Roelof Paul Citroen""]"
1693	Soundtrack Composer	1	author_substring	substring_unique_candidate	Culture	"[[""Culture"",""Culture-core""]]"	"[""composer""]"	Culture	proposed	[]	"[""Roger Wolfe Kahn""]"
1697	Personal injury lawyer	1	author_substring	substring_unique_candidate	Leadership	"[[""Leadership"",""Administration/Law""]]"	"[""_lawyer""]"	Leadership	proposed	[]	"[""Ross C. Goodman""]"
1700	m/0qcntlr	1	no_author_rule	no_author_rule		[]	[]		needs_review	[]	"[""Rómulo León""]"
1703	Party leader	1	no_author_rule	no_author_rule		[]	[]	Leadership	proposed	[]	"[""Saddam Hussein""]"
1706	Personal chef	1	author_substring	substring_unique_candidate	Other	"[[""Other"",""Worker/Business (small)""]]"	"[""_chef_""]"		out_of_scope	[]	"[""Sam Kass (Businessperson)""]"
1710	Yoga Consultant	1	author_substring	substring_unique_candidate	Other	"[[""Other"",""Worker/Business (small)""]]"	"[""consultant""]"		needs_review	[]	"[""Sangeeta Kalyani""]"
1713	Computer repair technician	1	author_substring	substring_unique_candidate	Other	"[[""Other"",""Worker/Business (small)""]]"	"[""technician""]"		needs_review	[]	"[""Shane Kosugi""]"
1716	Biomedical Engineer	1	author_substring	substring_same_l1_multiple_l2	Discovery/Science	"[[""Discovery/Science"",""Academia""],[""Discovery/Science"",""Explorer/Inventor/Developer""]]"	"[""biomedical"",""medical"",""engineer""]"	Discovery/Science	proposed	[]	"[""Sheldon Weinbaum""]"
1719	Navy pilot	1	author_substring	substring_unique_candidate	Leadership	"[[""Leadership"",""Military""]]"	"[""navy""]"	Leadership	proposed	[]	"[""Simon Scott Thomas""]"
1722	Rodeo clown	1	author_substring	substring_cross_l1_conflict		"[[""Culture"",""Culture-core""],[""Sports/Games"",""Sports/Games""]]"	"[""rodeo"",""_clown_""]"		needs_review	[]	"[""Slim Pickens""]"
1725	Information technology	1	no_author_rule	no_author_rule		[]	[]		needs_review	[]	"[""Smita Nair Jain""]"
1728	Taluk Office	1	no_author_rule	no_author_rule		[]	[]		needs_review	[]	"[""Smrithi Muralidhar""]"
1731	ADR Recordist	1	no_author_rule	no_author_rule		[]	[]	Culture	proposed	[]	"[""Stephen Hoff""]"
1734	Porcelain painter	1	author_substring	substring_unique_candidate	Culture	"[[""Culture"",""Culture-core""]]"	"[""painter""]"	Culture	proposed	[]	"[""Susanna Amalie Berri""]"
1737	Business journalist	1	author_substring	substring_cross_l1_conflict		"[[""Culture"",""Culture-periphery""],[""Leadership"",""Corporate/Executive/Business (large)""]]"	"[""journalist"",""business""]"	Culture	proposed	[]	"[""Suzy Welch""]"
1740	First Gentleman	1	author_substring	substring_unique_candidate	Other	"[[""Other"",""Other""]]"	"[""gentleman""]"		out_of_scope	[]	"[""Taufiq Kiemas""]"
1745	Chapmen	1	no_author_rule	no_author_rule		[]	[]		needs_review	[]	"[""Thomas Bunyan""]"
1749	Pyrotechnician	1	author_substring	substring_unique_candidate	Other	"[[""Other"",""Worker/Business (small)""]]"	"[""technician""]"		needs_review	[]	"[""Till Lindemann""]"
1752	Sound Re-Recordist	1	no_author_rule	no_author_rule		[]	[]	Culture	proposed	[]	"[""Tom Fleischman""]"
1756	Youth worker	1	author_substring	substring_unique_candidate	Other	"[[""Other"",""Worker/Business (small)""]]"	"[""worker""]"		out_of_scope	[]	"[""Tony Wilkinson (Businessperson)""]"
1759	Hacker (TV subject)	1	author_substring	substring_unique_candidate	Other	"[[""Other"",""Other""]]"	"[""_hacker_""]"		needs_review	[]	"[""Uttam Ujjwal""]"
1762	Staff	1	no_author_rule	no_author_rule		[]	[]		out_of_scope	[]	"[""Valerie Plame""]"
1765	Prince of Novgorod	1	author_substring	substring_unique_candidate	Leadership	"[[""Leadership"",""Nobility""]]"	"[""prince_""]"	Leadership	proposed	[]	"[""Vasily Aleksandrovich""]"
1768	Architectural Critic	1	author_substring	substring_unique_candidate	Culture	"[[""Culture"",""Culture-periphery""]]"	"[""architect"",""critic""]"	Culture	proposed	[]	"[""Vincent Barrett Price""]"
1771	pedagogue assistant	1	author_substring	substring_unique_candidate	Discovery/Science	"[[""Discovery/Science"",""Academia""]]"	"[""pedagogue""]"	Discovery/Science	proposed	[]	"[""Vivi Berens""]"
1775	Methodist Preacher (Profession)	1	author_substring	substring_unique_candidate	Leadership	"[[""Leadership"",""Religious""]]"	"[""preacher""]"	Leadership	proposed	[]	"[""W.L. Clark""]"
1778	Wrangler	1	no_author_rule	no_author_rule		[]	[]		needs_review	[]	"[""Wilford Brimley""]"
1781	Refrigeration Engineer	1	author_substring	substring_unique_candidate	Discovery/Science	"[[""Discovery/Science"",""Explorer/Inventor/Developer""]]"	"[""engineer""]"	Discovery/Science	proposed	[]	"[""Willard Christopher Smith, Sr.""]"
1785	Book Designer	1	author_substring	substring_unique_candidate	Culture	"[[""Culture"",""Culture-periphery""]]"	"[""designer""]"	Culture	proposed	[]	"[""William Dana Orcutt""]"
1790	Train Conductor	1	author_substring	substring_unique_candidate	Culture	"[[""Culture"",""Culture-core""]]"	"[""conductor""]"		needs_review	[]	"[""William Wallace Wagner""]"
1793	Marksman	1	no_author_rule	no_author_rule		[]	[]		needs_review	[]	"[""Wyatt Earp""]"
1796	Actor (Profession) #80	1	author_substring	substring_unique_candidate	Culture	"[[""Culture"",""Culture-core""]]"	"[""_actor""]"	Culture	proposed	[]	"[""Young Dirrt""]"
1799	Rector (Profession)	1	author_substring	substring_unique_candidate	Discovery/Science	"[[""Discovery/Science"",""Academia""]]"	"[""_rector_""]"		needs_review	[]	"[""Zachris Topelius""]"
1802	Stamp designer	1	author_substring	substring_unique_candidate	Culture	"[[""Culture"",""Culture-periphery""]]"	"[""designer""]"	Culture	proposed	[]	"[""Zoltan Nagy (Graphic Designer)""]"
1805	Conversion Rate Optimisation	1	no_author_rule	no_author_rule		[]	[]		needs_review	[]	"[""kylenewsam""]"
1810	Inbound marketing	1	author_substring	substring_unique_candidate	Other	"[[""Other"",""Worker/Business (small)""]]"	"[""marketing""]"		needs_review	[]	"[""m/012zvydj""]"
1813	m/012zw2f7	1	no_author_rule	no_author_rule		[]	[]		needs_review	[]	"[""m/012zw2f1""]"
1816	Business Analyst	1	author_substring	substring_cross_l1_conflict		"[[""Leadership"",""Corporate/Executive/Business (large)""],[""Other"",""Worker/Business (small)""]]"	"[""business"",""analyst""]"		needs_review	[]	"[""sunny ujjawal""]"
