rank	raw_value	graph_people	level1	review_status	confidence	mapping_source	semantic_rationale	evidence	rationale_reviewer	candidate_l1s_json	reviewer	primary_reviewed	agent_level1	agent_review_status	original_lookup_method	original_match_status	original_candidate_level1	original_parent_pairs_json	previous_llm_level1	previous_llm_status	level2_review_status	human_review_status	label_status
104	Translator (Film job)	298	Culture	resolved	medium	primary_semantic_adjudication	Film job限定影视翻译岗位，服务字幕、配音或影视文本制作，按专门文化制作职能归类。	occupation_meaning:影视翻译制作岗位	primary_semantic_review	"[""Culture""]"	primary_semantic_review	1	Culture	resolved	author_substring	substring_unique_candidate	Other	"[[""Other"",""Worker/Business (small)""]]"		needs_review	deferred	not_reviewed	semantic_review_draft_not_frozen
110	Disc jockey	269	Culture	resolved	high	primary_semantic_adjudication	选择、混音并播放录制音乐供广播或现场受众收听，是音乐传播岗位；不是赛马骑师。	occupation_meaning:DJ音乐播放混音; author_role_analogy:music/Culture	primary_semantic_review	"[""Culture""]"	primary_semantic_review	1	Culture	resolved	author_substring	substring_unique_candidate	Sports/Games	"[[""Sports/Games"",""Sports/Games""]]"	Culture	proposed	deferred	not_reviewed	semantic_review_draft_not_frozen
143	Keyboard player	169	Culture	resolved	high	primary_semantic_adjudication	演奏键盘乐器的音乐人；player在完整短语中指乐器演奏者。	occupation_meaning:键盘乐器演奏; author_role_analogy:music/Culture	primary_semantic_review	"[""Culture""]"	primary_semantic_review	1	Culture	resolved	author_substring	substring_unique_candidate	Sports/Games	"[[""Sports/Games"",""Sports/Games""]]"	Culture	proposed	deferred	not_reviewed	semantic_review_draft_not_frozen
155	Sound Engineer	145	Culture	resolved	high	primary_semantic_adjudication	从事录音、混音或声音后期，为音乐和影视作品实现音频效果；此处engineer指声音制作岗位。	occupation_meaning:音乐影视录音与声音后期	primary_semantic_review	"[""Culture""]"	primary_semantic_review	1	Culture	resolved	author_substring	substring_unique_candidate	Discovery/Science	"[[""Discovery/Science"",""Explorer/Inventor/Developer""]]"		needs_review	deferred	not_reviewed	semantic_review_draft_not_frozen
200	Talent manager	89	Culture	resolved	high	agent_semantic_review	代表演员、音乐人等艺人处理合同、演出机会、日程和职业发展事务。	occupation_meaning:代表演员、音乐人等艺人处理合同、演出机会、日程和职业发展事务。	rationale_batch_2	"[""Culture""]"	bhht_semantic_batch_2	0	Culture	resolved	author_substring	substring_unique_candidate	Leadership	"[[""Leadership"",""Corporate/Executive/Business (large)""]]"		needs_review	deferred	not_reviewed	semantic_review_draft_not_frozen
225	Animal trainer	69	Other	resolved	high	agent_semantic_review	An animal trainer conditions animals to respond to commands for care, work, or performance; the phrase alone does not imply sports coaching.	occupation_meaning:Animal trainer：明确的日常服务、一般劳动或小规模商业经营职责	bhht_semantic_batch_3	"[""Other""]"	bhht_semantic_batch_3	0	Other	resolved	author_substring	substring_unique_candidate	Sports/Games	"[[""Sports/Games"",""Sports/Games""]]"		out_of_scope	deferred	not_reviewed	semantic_review_draft_not_frozen
281	Acting Coach	42	Culture	resolved	high	agent_semantic_review	An acting coach trains performers in acting technique and audition/performance practice; “coach” is not sports coaching.	occupation_meaning:Acting Coach：文化创作、表演、媒体传播或文化产品制作/发行职责	bhht_semantic_batch_3	"[""Culture""]"	bhht_semantic_batch_3	0	Culture	resolved	author_substring	substring_unique_candidate	Sports/Games	"[[""Sports/Games"",""Sports/Games""]]"	Culture	proposed	deferred	not_reviewed	semantic_review_draft_not_frozen
301	Magician	36	Culture	resolved	high	agent_semantic_review	A magician performs illusion and stage entertainment for audiences.	occupation_meaning:Magician：文化创作、表演、媒体传播或文化产品制作/发行职责	bhht_semantic_batch_3	"[""Culture""]"	bhht_semantic_batch_3	0	Culture	resolved	author_substring	substring_unique_candidate	Other	"[[""Other"",""Other""]]"	Culture	proposed	deferred	not_reviewed	semantic_review_draft_not_frozen
356	Acting Teacher	27	Culture	resolved	medium	agent_semantic_review	表演教师讲授角色分析、台词、肢体和舞台表达，带学生排练戏剧场景。	occupation_meaning:表演教师讲授角色分析、台词、肢体和舞台表达，带学生排练戏剧场景。	rationale_batch_1	"[""Culture""]"	bhht_semantic_batch_1	0	Culture	resolved	author_substring	substring_unique_candidate	Discovery/Science	"[[""Discovery/Science"",""Academia""]]"		needs_review	deferred	not_reviewed	semantic_review_draft_not_frozen
405	Ice dancer	19	Sports/Games	resolved	high	agent_semantic_review	与搭档在冰面编排并表演舞蹈动作，参加花样滑冰冰舞项目的竞技评分。	occupation_meaning:与搭档在冰面编排并表演舞蹈动作，参加花样滑冰冰舞项目的竞技评分。	rationale_batch_2	"[""Sports/Games""]"	bhht_semantic_batch_1	0	Sports/Games	resolved	author_substring	substring_unique_candidate	Culture	"[[""Culture"",""Culture-core""]]"	Sports/Games	proposed	deferred	not_reviewed	semantic_review_draft_not_frozen
425	Vocal coach	16	Culture	resolved	medium	agent_semantic_review	“Vocal coach”所指工作核心是提供明确的艺术、媒体或文化产业创作与制作服务，属于文化生产、表演或传播职能，归入Culture。	occupation_meaning:Vocal coach：文化创作、表演、媒体传播或文化产品制作/发行职责	bhht_semantic_batch_3	"[""Culture""]"	bhht_semantic_batch_3	0	Culture	resolved	author_substring	substring_unique_candidate	Sports/Games	"[[""Sports/Games"",""Sports/Games""]]"	Culture	proposed	deferred	not_reviewed	semantic_review_draft_not_frozen
426	Voice teacher	16	Culture	resolved	medium	agent_semantic_review	训练学生的发声、呼吸、音准和演唱表达，通常通过示范及逐句纠正授课。	occupation_meaning:训练学生的发声、呼吸、音准和演唱表达，通常通过示范及逐句纠正授课。	rationale_batch_2	"[""Culture""]"	bhht_semantic_batch_1	0	Culture	resolved	author_substring	substring_unique_candidate	Discovery/Science	"[[""Discovery/Science"",""Academia""]]"		needs_review	deferred	not_reviewed	semantic_review_draft_not_frozen
432	Truck driver	16	Other	resolved	medium	agent_semantic_review	驾驶货车按路线运送货物，检查车辆并遵守道路和装卸安全要求。	occupation_meaning:驾驶货车按路线运送货物，检查车辆并遵守道路和装卸安全要求。	rationale_batch_2	"[""Other""]"	bhht_semantic_batch_1	0	Other	resolved	author_substring	substring_unique_candidate	Sports/Games	"[[""Sports/Games"",""Sports/Games""]]"		out_of_scope	deferred	not_reviewed	semantic_review_draft_not_frozen
446	Cab Driver	15	Other	resolved	medium	agent_semantic_review	“Cab Driver”是提供标题所指的日常服务、运输、维修、照护、手工业或一般商业服务的职业称谓，不属于艺术文化、科学技术、公共权力或竞技体育领域，归入Other。	occupation_meaning:Cab Driver：明确的日常服务、一般劳动或小规模商业经营职责	bhht_semantic_batch_3	"[""Other""]"	bhht_semantic_batch_3	0	Other	resolved	author_substring	substring_unique_candidate	Sports/Games	"[[""Sports/Games"",""Sports/Games""]]"		out_of_scope	deferred	not_reviewed	semantic_review_draft_not_frozen
468	TV chef	13	Culture	resolved	high	agent_semantic_review	在电视节目中烹饪、讲解菜谱或展示餐饮知识，面向观众制作烹饪内容。	occupation_meaning:在电视节目中烹饪、讲解菜谱或展示餐饮知识，面向观众制作烹饪内容。	rationale_batch_3	"[""Culture""]"	bhht_semantic_batch_2	0	Culture	resolved	author_substring	substring_unique_candidate	Other	"[[""Other"",""Worker/Business (small)""]]"	Culture	proposed	deferred	not_reviewed	semantic_review_draft_not_frozen
479	Recording Engineer (Film job)	13	Culture	resolved	high	primary_semantic_adjudication	从事录音、混音或声音后期，为音乐和影视作品实现音频效果；此处engineer指声音制作岗位。	occupation_meaning:音乐影视录音与声音后期	primary_semantic_review	"[""Culture""]"	primary_semantic_review	1	Culture	resolved	author_substring	substring_unique_candidate	Discovery/Science	"[[""Discovery/Science"",""Explorer/Inventor/Developer""]]"	Culture	proposed	deferred	not_reviewed	semantic_review_draft_not_frozen
503	Hotel Manager	11	Other	resolved	high	agent_semantic_review	酒店经理管理住宿接待和日常服务运营，属于酒店服务业管理，不据此推为大型企业领导。	occupation_meaning:酒店经理管理住宿接待和日常服务运营，属于酒店服务业管理，不据此推为大型企业领导。; author_role_analogy:author L1 Other	bhht_semantic_batch_2	"[""Other""]"	bhht_semantic_batch_2	0	Other	resolved	author_substring	substring_unique_candidate	Leadership	"[[""Leadership"",""Corporate/Executive/Business (large)""]]"	Leadership	proposed	deferred	not_reviewed	semantic_review_draft_not_frozen
536	Yoga Instructor	10	Sports/Games	resolved	high	agent_semantic_review	带领学员练习瑜伽体式、呼吸和放松方法，并按能力调整动作指导。	occupation_meaning:带领学员练习瑜伽体式、呼吸和放松方法，并按能力调整动作指导。	rationale_batch_2	"[""Sports/Games""]"	bhht_semantic_batch_2	0	Sports/Games	resolved	author_substring	substring_unique_candidate	Discovery/Science	"[[""Discovery/Science"",""Academia""]]"		needs_review	deferred	not_reviewed	semantic_review_draft_not_frozen
538	Sound Technician	10	Culture	resolved	medium	agent_semantic_review	“Sound Technician”所指工作核心是支持或统筹影视、广播、音乐及其他文化内容的制作、技术实现或发行，属于文化生产、表演或传播职能，归入Culture。	occupation_meaning:Sound Technician：文化创作、表演、媒体传播或文化产品制作/发行职责	bhht_semantic_batch_3	"[""Culture""]"	bhht_semantic_batch_3	0	Culture	resolved	author_substring	substring_unique_candidate	Other	"[[""Other"",""Worker/Business (small)""]]"	Culture	proposed	deferred	not_reviewed	semantic_review_draft_not_frozen
547	Mixing engineer	10	Culture	resolved	medium	agent_semantic_review	调节录音中各声部的音量、均衡、空间和效果，制作平衡的最终混音。	occupation_meaning:调节录音中各声部的音量、均衡、空间和效果，制作平衡的最终混音。	rationale_batch_2	"[""Culture""]"	bhht_semantic_batch_1	0	Culture	resolved	author_substring	substring_unique_candidate	Discovery/Science	"[[""Discovery/Science"",""Explorer/Inventor/Developer""]]"	Culture	proposed	deferred	not_reviewed	semantic_review_draft_not_frozen
558	Dialect coach	9	Culture	resolved	high	agent_semantic_review	帮助演员学习角色所需的方言发音、语调和口音，并在排演或拍摄中纠正表达。	occupation_meaning:帮助演员学习角色所需的方言发音、语调和口音，并在排演或拍摄中纠正表达。	rationale_batch_3	"[""Culture""]"	bhht_semantic_batch_2	0	Culture	resolved	author_substring	substring_unique_candidate	Sports/Games	"[[""Sports/Games"",""Sports/Games""]]"	Culture	proposed	deferred	not_reviewed	semantic_review_draft_not_frozen
561	Art Teacher	9	Culture	resolved	high	agent_semantic_review	美术教师讲授绘画、构图、材料和艺术史基础，示范技法并指导学生完成作品。	occupation_meaning:美术教师讲授绘画、构图、材料和艺术史基础，示范技法并指导学生完成作品。	rationale_batch_1	"[""Culture""]"	bhht_semantic_batch_2	0	Culture	resolved	author_substring	substring_unique_candidate	Discovery/Science	"[[""Discovery/Science"",""Academia""]]"		needs_review	deferred	not_reviewed	semantic_review_draft_not_frozen
581	House painter and decorator	9	Other	resolved	high	agent_semantic_review	为住宅墙面和木作做表面处理、刷漆或贴饰面，按客户要求完成室内装饰。	occupation_meaning:为住宅墙面和木作做表面处理、刷漆或贴饰面，按客户要求完成室内装饰。	rationale_batch_2	"[""Other""]"	bhht_semantic_batch_2	0	Other	resolved	author_substring	substring_same_l1_multiple_l2	Culture	"[[""Culture"",""Culture-core""],[""Culture"",""Culture-periphery""]]"		out_of_scope	deferred	not_reviewed	semantic_review_draft_not_frozen
590	Studio executive	8	Culture	resolved	medium	agent_semantic_review	管理影视、音乐或录音工作室的项目、预算和制作安排，决定内容制作及资源分配。	occupation_meaning:管理影视、音乐或录音工作室的项目、预算和制作安排，决定内容制作及资源分配。	rationale_batch_2	"[""Culture""]"	bhht_semantic_batch_2	0	Culture	resolved	author_substring	substring_unique_candidate	Leadership	"[[""Leadership"",""Corporate/Executive/Business (large)""]]"	Leadership	proposed	deferred	not_reviewed	semantic_review_draft_not_frozen
614	School Administrator	8	Discovery/Science	resolved	medium	agent_semantic_review	学校行政人员负责教育机构的日常运营与教学行政支持，属于教育系统专业职能。	author_role_analogy:Academia/教育行政	bhht_semantic_batch_1	"[""Discovery/Science""]"	bhht_semantic_batch_1	0	Discovery/Science	resolved	author_substring	substring_unique_candidate	Leadership	"[[""Leadership"",""Administration/Law""]]"		needs_review	deferred	not_reviewed	semantic_review_draft_not_frozen
624	Public intellectual	7	Culture	resolved	medium	agent_semantic_review	“Public intellectual”所指工作核心是提供明确的艺术、媒体或文化产业创作与制作服务，属于文化生产、表演或传播职能，归入Culture。	occupation_meaning:Public intellectual：文化创作、表演、媒体传播或文化产品制作/发行职责	bhht_semantic_batch_3	"[""Culture""]"	bhht_semantic_batch_3	0	Culture	resolved	author_substring	substring_unique_candidate	Discovery/Science	"[[""Discovery/Science"",""Academia""]]"		needs_review	deferred	not_reviewed	semantic_review_draft_not_frozen
625	Aircraft designer	7	Discovery/Science	resolved	medium	agent_semantic_review	设计飞机外形、机翼、结构或系统布局，并通过工程分析和测试验证飞行性能。	occupation_meaning:设计飞机外形、机翼、结构或系统布局，并通过工程分析和测试验证飞行性能。	rationale_batch_2	"[""Discovery/Science""]"	bhht_semantic_batch_1	0	Discovery/Science	resolved	author_substring	substring_unique_candidate	Culture	"[[""Culture"",""Culture-periphery""]]"	Discovery/Science	proposed	deferred	not_reviewed	semantic_review_draft_not_frozen
682	Bus driver	6	Other	resolved	medium	agent_semantic_review	“Bus driver”是提供标题所指的日常服务、运输、维修、照护、手工业或一般商业服务的职业称谓，不属于艺术文化、科学技术、公共权力或竞技体育领域，归入Other。	occupation_meaning:Bus driver：明确的日常服务、一般劳动或小规模商业经营职责	bhht_semantic_batch_3	"[""Other""]"	bhht_semantic_batch_3	0	Other	resolved	author_substring	substring_unique_candidate	Sports/Games	"[[""Sports/Games"",""Sports/Games""]]"		out_of_scope	deferred	not_reviewed	semantic_review_draft_not_frozen
721	Magician (Profession) #81	5	Culture	resolved	high	agent_semantic_review	魔术师以现场幻术表演娱乐观众，属于表演艺术。	occupation_meaning:魔术师以现场幻术表演娱乐观众，属于表演艺术。; author_role_analogy:author L1 Culture	bhht_semantic_batch_2	"[""Culture""]"	bhht_semantic_batch_2	0	Culture	resolved	author_substring	substring_unique_candidate	Other	"[[""Other"",""Other""]]"	Culture	proposed	deferred	not_reviewed	semantic_review_draft_not_frozen
724	Pastoralist	5	Other	resolved	high	agent_semantic_review	以放牧牲畜为生，管理牧群、水草和季节性迁徙。	occupation_meaning:以放牧牲畜为生，管理牧群、水草和季节性迁徙。	rationale_batch_2	"[""Other""]"	bhht_semantic_batch_2	0	Other	resolved	author_substring	substring_unique_candidate	Leadership	"[[""Leadership"",""Religious""]]"		out_of_scope	deferred	not_reviewed	semantic_review_draft_not_frozen
743	Voice coach	5	Culture	resolved	medium	agent_semantic_review	声乐教练训练歌者或演员的呼吸、发声、音准、咬字和声音投射能力。	occupation_meaning:声乐教练训练歌者或演员的呼吸、发声、音准、咬字和声音投射能力。	rationale_batch_1	"[""Culture""]"	bhht_semantic_batch_1	0	Culture	resolved	author_substring	substring_unique_candidate	Sports/Games	"[[""Sports/Games"",""Sports/Games""]]"	Culture	proposed	deferred	not_reviewed	semantic_review_draft_not_frozen
747	Public Relations Executive	5	Culture	resolved	medium	agent_semantic_review	公关主管制定媒体沟通和公众信息方案，管理新闻发布、品牌声誉和团队工作。	occupation_meaning:公关主管制定媒体沟通和公众信息方案，管理新闻发布、品牌声誉和团队工作。	rationale_batch_1	"[""Culture""]"	bhht_semantic_batch_2	0	Culture	resolved	author_substring	substring_unique_candidate	Leadership	"[[""Leadership"",""Corporate/Executive/Business (large)""]]"	Leadership	proposed	deferred	not_reviewed	semantic_review_draft_not_frozen
768	Web Analyst	5	Discovery/Science	resolved	medium	agent_semantic_review	“Web Analyst”从事的核心职责是以专门科学知识、学术研究、医疗服务或工程技术为主要职责，其工作属于知识发现、学术/医疗或技术开发，归入Discovery/Science。	occupation_meaning:Web Analyst：科学研究、专业教育、医疗服务或工程技术开发职责	bhht_semantic_batch_3	"[""Discovery/Science""]"	bhht_semantic_batch_3	0	Discovery/Science	resolved	author_substring	substring_unique_candidate	Other	"[[""Other"",""Worker/Business (small)""]]"		needs_review	deferred	not_reviewed	semantic_review_draft_not_frozen
794	Court clerk	4	Leadership	resolved	medium	agent_semantic_review	整理法院案卷、登记文件、安排开庭日程并协助法庭行政流程。	occupation_meaning:整理法院案卷、登记文件、安排开庭日程并协助法庭行政流程。	rationale_batch_3	"[""Leadership""]"	bhht_semantic_batch_1	0	Leadership	resolved	author_substring	substring_unique_candidate	Other	"[[""Other"",""Worker/Business (small)""]]"	Leadership	proposed	deferred	not_reviewed	semantic_review_draft_not_frozen
811	Software Architect	4	Discovery/Science	resolved	medium	agent_semantic_review	软件架构师设计大型软件系统的组成模块、接口、数据流和技术方案，并协调实现团队遵循架构。	occupation_meaning:软件架构师设计大型软件系统的组成模块、接口、数据流和技术方案，并协调实现团队遵循架构。	rationale_batch_1	"[""Discovery/Science""]"	bhht_semantic_batch_1	0	Discovery/Science	resolved	author_substring	substring_unique_candidate	Culture	"[[""Culture"",""Culture-periphery""]]"	Discovery/Science	proposed	deferred	not_reviewed	semantic_review_draft_not_frozen
830	Public Relations Consultant	4	Culture	resolved	high	agent_semantic_review	为客户制定公众沟通和媒体关系方案，撰写新闻材料并建议如何回应舆情。	occupation_meaning:为客户制定公众沟通和媒体关系方案，撰写新闻材料并建议如何回应舆情。	rationale_batch_3	"[""Culture""]"	bhht_semantic_batch_2	0	Culture	resolved	author_substring	substring_unique_candidate	Other	"[[""Other"",""Worker/Business (small)""]]"		needs_review	deferred	not_reviewed	semantic_review_draft_not_frozen
848	Tax collector	4	Leadership	resolved	high	agent_semantic_review	核定或追缴应缴税款，通知纳税人并执行税务征收程序。	occupation_meaning:核定或追缴应缴税款，通知纳税人并执行税务征收程序。	rationale_batch_3	"[""Leadership""]"	bhht_semantic_batch_2	0	Leadership	resolved	author_substring	substring_unique_candidate	Culture	"[[""Culture"",""Culture-core""]]"	Leadership	proposed	deferred	not_reviewed	semantic_review_draft_not_frozen
855	Senior SEO Manager	4	Other	resolved	medium	primary_semantic_adjudication	管理搜索优化和网站获客业务；沿用专门marketing工作职能类别，不因通用Manager词提升为公司高管。	author_role_analogy:marketing/Worker-Business-small	primary_semantic_review	"[""Other""]"	primary_semantic_review	1	Leadership	resolved	author_substring	substring_unique_candidate	Leadership	"[[""Leadership"",""Corporate/Executive/Business (large)""]]"		needs_review	deferred	not_reviewed	semantic_review_draft_not_frozen
886	Legal secretary	3	Other	resolved	medium	agent_semantic_review	“Legal secretary”是承担明确的日常服务、普通职业劳动或小规模经营职责的职业称谓，不属于艺术文化、科学技术、公共权力或竞技体育领域，归入Other。	occupation_meaning:Legal secretary：明确的日常服务、一般劳动或小规模商业经营职责	bhht_semantic_batch_3	"[""Other""]"	bhht_semantic_batch_3	0	Other	resolved	author_substring	substring_unique_candidate	Leadership	"[[""Leadership"",""Politics""]]"	Leadership	proposed	deferred	not_reviewed	semantic_review_draft_not_frozen
887	Jeweller (Film job)	3	Culture	resolved	medium	agent_semantic_review	为影视制作设计、制作或修复首饰道具，确保其符合角色造型和拍摄需要。	occupation_meaning:为影视制作设计、制作或修复首饰道具，确保其符合角色造型和拍摄需要。	rationale_batch_3	"[""Culture""]"	bhht_semantic_batch_1	0	Culture	resolved	author_substring	substring_unique_candidate	Other	"[[""Other"",""Worker/Business (small)""]]"		needs_review	deferred	not_reviewed	semantic_review_draft_not_frozen
915	Cloth merchant	3	Other	resolved	medium	agent_semantic_review	“Cloth merchant”是提供标题所指的日常服务、运输、维修、照护、手工业或一般商业服务的职业称谓，不属于艺术文化、科学技术、公共权力或竞技体育领域，归入Other。	occupation_meaning:Cloth merchant：明确的日常服务、一般劳动或小规模商业经营职责	bhht_semantic_batch_3	"[""Other""]"	bhht_semantic_batch_3	0	Other	resolved	author_substring	substring_unique_candidate	Leadership	"[[""Leadership"",""Corporate/Executive/Business (large)""]]"		out_of_scope	deferred	not_reviewed	semantic_review_draft_not_frozen
919	Life Coach	3	Other	resolved	medium	agent_semantic_review	人生教练与客户设定个人目标、梳理障碍并制定行动步骤，定期跟进进展和习惯改变。	occupation_meaning:人生教练与客户设定个人目标、梳理障碍并制定行动步骤，定期跟进进展和习惯改变。	rationale_batch_1	"[""Other""]"	bhht_semantic_batch_1	0	Other	resolved	author_substring	substring_unique_candidate	Sports/Games	"[[""Sports/Games"",""Sports/Games""]]"		needs_review	deferred	not_reviewed	semantic_review_draft_not_frozen
923	Network administrator	3	Discovery/Science	resolved	high	agent_semantic_review	网络管理员配置和维护计算机网络、服务器与用户账户，监测运行状态并排查连接或安全故障。	occupation_meaning:网络管理员配置和维护计算机网络、服务器与用户账户，监测运行状态并排查连接或安全故障。	rationale_batch_1	"[""Discovery/Science""]"	bhht_semantic_batch_2	0	Discovery/Science	resolved	author_substring	substring_unique_candidate	Leadership	"[[""Leadership"",""Administration/Law""]]"		needs_review	deferred	not_reviewed	semantic_review_draft_not_frozen
925	News analyst	3	Culture	resolved	medium	agent_semantic_review	解读新闻事件和政策背景，整理信息并向受众提供分析评论。	occupation_meaning:解读新闻事件和政策背景，整理信息并向受众提供分析评论。	rationale_batch_2	"[""Culture""]"	bhht_semantic_batch_1	0	Culture	resolved	author_substring	substring_unique_candidate	Other	"[[""Other"",""Worker/Business (small)""]]"	Culture	proposed	deferred	not_reviewed	semantic_review_draft_not_frozen
947	telecommunications expert	3	Discovery/Science	resolved	medium	agent_semantic_review	评估通信网络或电信设备的性能与故障，并就系统部署、连接或维护提供专业建议。	occupation_meaning:评估通信网络或电信设备的性能与故障，并就系统部署、连接或维护提供专业建议。	rationale_batch_3	"[""Discovery/Science""]"	bhht_semantic_batch_1	0	Discovery/Science	resolved	author_substring	substring_unique_candidate	Other	"[[""Other"",""Worker/Business (small)""]]"	Discovery/Science	proposed	deferred	not_reviewed	semantic_review_draft_not_frozen
952	College Administrator	3	Discovery/Science	resolved	high	agent_semantic_review	管理高校的招生、学生事务、学术项目或校务流程，并协调教职员和资源。	occupation_meaning:管理高校的招生、学生事务、学术项目或校务流程，并协调教职员和资源。	rationale_batch_3	"[""Discovery/Science""]"	bhht_semantic_batch_2	0	Discovery/Science	resolved	author_substring	substring_unique_candidate	Leadership	"[[""Leadership"",""Administration/Law""]]"	Leadership	proposed	deferred	not_reviewed	semantic_review_draft_not_frozen
959	Scholar-official	3	Leadership	resolved	high	primary_semantic_adjudication	指传统通过学术选拔任职的士大夫官僚，完整称谓包含公共行政任职，按官员职责归治理。	https://afe.easia.columbia.edu/special/china_600ce_scholar.htm; author_role_analogy:official/Administration-Law	primary_semantic_review	"[""Leadership""]"	primary_semantic_review	1	Leadership	resolved	author_substring	substring_unique_candidate	Discovery/Science	"[[""Discovery/Science"",""Academia""]]"	Leadership	proposed	deferred	not_reviewed	semantic_review_draft_not_frozen
978	A&R executive	3	Culture	resolved	high	primary_semantic_adjudication	负责发掘签约音乐人、组织录制及艺人创作发展，核心是音乐内容生产管理。	https://www.berklee.edu/careers/roles/ar-director	primary_semantic_review	"[""Culture""]"	primary_semantic_review	1	Culture	resolved	author_substring	substring_unique_candidate	Leadership	"[[""Leadership"",""Corporate/Executive/Business (large)""]]"	Leadership	proposed	deferred	not_reviewed	semantic_review_draft_not_frozen
989	Burlesque stripper	3	Culture	resolved	medium	agent_semantic_review	“Burlesque stripper”所指工作核心是提供明确的艺术、媒体或文化产业创作与制作服务，属于文化生产、表演或传播职能，归入Culture。	occupation_meaning:Burlesque stripper：文化创作、表演、媒体传播或文化产品制作/发行职责	bhht_semantic_batch_3	"[""Culture""]"	bhht_semantic_batch_3	0	Culture	resolved	author_substring	substring_unique_candidate	Other	"[[""Other"",""Other""]]"	Culture	proposed	deferred	not_reviewed	semantic_review_draft_not_frozen
1006	Tour manager	2	Culture	resolved	medium	agent_semantic_review	安排巡演日程、交通住宿、预算和演出场地，协调艺人及巡演工作人员。	occupation_meaning:安排巡演日程、交通住宿、预算和演出场地，协调艺人及巡演工作人员。	rationale_batch_3	"[""Culture""]"	bhht_semantic_batch_1	0	Culture	resolved	author_substring	substring_unique_candidate	Leadership	"[[""Leadership"",""Corporate/Executive/Business (large)""]]"		needs_review	deferred	not_reviewed	semantic_review_draft_not_frozen
1008	Lighting technician	2	Culture	resolved	medium	agent_semantic_review	“Lighting technician”所指工作核心是支持或统筹影视、广播、音乐及其他文化内容的制作、技术实现或发行，属于文化生产、表演或传播职能，归入Culture。	occupation_meaning:Lighting technician：文化创作、表演、媒体传播或文化产品制作/发行职责	bhht_semantic_batch_3	"[""Culture""]"	bhht_semantic_batch_3	0	Culture	resolved	author_substring	substring_unique_candidate	Other	"[[""Other"",""Worker/Business (small)""]]"		out_of_scope	deferred	not_reviewed	semantic_review_draft_not_frozen
1046	Confidence artist	2	Other	resolved	medium	agent_semantic_review	通过假身份、虚假承诺或欺骗性故事骗取他人钱财或财物。	occupation_meaning:通过假身份、虚假承诺或欺骗性故事骗取他人钱财或财物。	rationale_batch_3	"[""Other""]"	bhht_semantic_batch_1	0	Other	resolved	author_substring	substring_unique_candidate	Culture	"[[""Culture"",""Culture-core""]]"		out_of_scope	deferred	not_reviewed	semantic_review_draft_not_frozen
1066	Dog trainer	2	Other	resolved	medium	agent_semantic_review	训练犬只服从指令或完成日常行为训练，未指明竞技项目，属一般动物训练服务。	occupation_meaning:犬只行为训练服务	bhht_semantic_batch_1	"[""Other""]"	bhht_semantic_batch_1	0	Other	resolved	author_substring	substring_unique_candidate	Sports/Games	"[[""Sports/Games"",""Sports/Games""]]"		needs_review	deferred	not_reviewed	semantic_review_draft_not_frozen
1072	Defense policy analyst	2	Leadership	resolved	medium	agent_semantic_review	国防政策分析师评估军事能力、预算和安全政策方案，为政府或决策者提供分析建议。	occupation_meaning:国防政策分析师评估军事能力、预算和安全政策方案，为政府或决策者提供分析建议。	rationale_batch_1	"[""Leadership""]"	bhht_semantic_batch_1	0	Leadership	resolved	author_substring	substring_unique_candidate	Other	"[[""Other"",""Worker/Business (small)""]]"	Leadership	proposed	deferred	not_reviewed	semantic_review_draft_not_frozen
1073	Gamekeeper	2	Other	resolved	high	agent_semantic_review	管理猎场或野生动物栖地，巡查非法捕猎并维护猎物种群和场地。	occupation_meaning:管理猎场或野生动物栖地，巡查非法捕猎并维护猎物种群和场地。	rationale_batch_2	"[""Other""]"	bhht_semantic_batch_2	0	Other	resolved	author_substring	substring_unique_candidate	Sports/Games	"[[""Sports/Games"",""Sports/Games""]]"		out_of_scope	deferred	not_reviewed	semantic_review_draft_not_frozen
1085	Environmental health officer	2	Discovery/Science	resolved	medium	agent_semantic_review	环境卫生官员检查食品、住房、工作场所和公共环境中的卫生风险，要求整改并执行相关公共卫生规范。	occupation_meaning:环境卫生官员检查食品、住房、工作场所和公共环境中的卫生风险，要求整改并执行相关公共卫生规范。	rationale_batch_1	"[""Discovery/Science""]"	bhht_semantic_batch_1	0	Discovery/Science	resolved	author_substring	substring_unique_candidate	Leadership	"[[""Leadership"",""Military""]]"	Discovery/Science	proposed	deferred	not_reviewed	semantic_review_draft_not_frozen
1088	Drag queen	2	Culture	resolved	medium	agent_semantic_review	以夸张性别化造型、服装和舞台表演呈现喜剧、歌舞或主持节目。	occupation_meaning:以夸张性别化造型、服装和舞台表演呈现喜剧、歌舞或主持节目。	rationale_batch_3	"[""Culture""]"	bhht_semantic_batch_1	0	Culture	resolved	author_substring	substring_unique_candidate	Leadership	"[[""Leadership"",""Nobility""]]"	Culture	proposed	deferred	not_reviewed	semantic_review_draft_not_frozen
1107	Network executive	2	Culture	resolved	high	agent_semantic_review	A network executive commissions and manages programming and production at a broadcast network; the modifier fixes the role to media.	occupation_meaning:Network executive：文化创作、表演、媒体传播或文化产品制作/发行职责	bhht_semantic_batch_3	"[""Culture""]"	bhht_semantic_batch_3	0	Culture	resolved	author_substring	substring_unique_candidate	Leadership	"[[""Leadership"",""Corporate/Executive/Business (large)""]]"	Leadership	proposed	deferred	not_reviewed	semantic_review_draft_not_frozen
1138	Tax advisor	2	Other	resolved	medium	primary_semantic_adjudication	为客户提供税务筹划、申报和合规建议，属于财务专业服务；完整词项未说明税务官员或法律诉讼执业职责。	occupation_meaning:税务咨询服务; author_role_analogy:accountant,financial_adviser/Other	primary_semantic_review	"[""Other""]"	primary_semantic_review	1	Leadership	resolved	author_substring	substring_unique_candidate	Leadership	"[[""Leadership"",""Politics""]]"		needs_review	deferred	not_reviewed	semantic_review_draft_not_frozen
1146	Road manager	2	Culture	resolved	high	agent_semantic_review	巡演经理为演出团队安排路线、交通、住宿、场地进出和每日行程，确保巡演按时推进。	occupation_meaning:巡演经理为演出团队安排路线、交通、住宿、场地进出和每日行程，确保巡演按时推进。	rationale_batch_1	"[""Culture""]"	bhht_semantic_batch_2	0	Culture	resolved	author_substring	substring_unique_candidate	Leadership	"[[""Leadership"",""Corporate/Executive/Business (large)""]]"	Culture	proposed	deferred	not_reviewed	semantic_review_draft_not_frozen
1155	Mental health counselor	2	Discovery/Science	resolved	medium	agent_semantic_review	心理健康咨询师与来访者讨论情绪、行为和生活困扰，制定咨询目标并提供支持或转介。	occupation_meaning:心理健康咨询师与来访者讨论情绪、行为和生活困扰，制定咨询目标并提供支持或转介。	rationale_batch_1	"[""Discovery/Science""]"	bhht_semantic_batch_1	0	Discovery/Science	resolved	author_substring	substring_unique_candidate	Other	"[[""Other"",""Worker/Business (small)""]]"	Discovery/Science	proposed	deferred	not_reviewed	semantic_review_draft_not_frozen
1202	Pilot trainer	2	Discovery/Science	resolved	medium	agent_semantic_review	“Pilot trainer”从事的核心职责是以专门科学知识、学术研究、医疗服务或工程技术为主要职责，其工作属于知识发现、学术/医疗或技术开发，归入Discovery/Science。	occupation_meaning:Pilot trainer：科学研究、专业教育、医疗服务或工程技术开发职责	bhht_semantic_batch_3	"[""Discovery/Science""]"	bhht_semantic_batch_3	0	Discovery/Science	resolved	author_substring	substring_unique_candidate	Sports/Games	"[[""Sports/Games"",""Sports/Games""]]"	Discovery/Science	proposed	deferred	not_reviewed	semantic_review_draft_not_frozen
1204	Human Resources Officer	2	Other	resolved	medium	primary_semantic_adjudication	处理招聘、员工档案和人事行政事务，标签未给公司决策权或公共治理职责；与Recruitment Officer采用一致口径。	occupation_meaning:人事行政与员工事务服务	primary_semantic_review	"[""Other""]"	primary_semantic_review	1	Leadership	resolved	author_substring	substring_unique_candidate	Leadership	"[[""Leadership"",""Military""]]"		needs_review	deferred	not_reviewed	semantic_review_draft_not_frozen
1235	primary school headmaster	1	Discovery/Science	resolved	high	agent_semantic_review	Leads a primary school’s educational program, staff, and student instruction; the core institution is academic education.	occupation_meaning:primary school headmaster：科学研究、专业教育、医疗服务或工程技术开发职责	bhht_semantic_batch_3	"[""Discovery/Science""]"	bhht_semantic_batch_3	0	Discovery/Science	resolved	author_substring	substring_unique_candidate	Leadership	"[[""Leadership"",""Corporate/Executive/Business (large)""]]"		needs_review	deferred	not_reviewed	semantic_review_draft_not_frozen
1247	Audiologist	1	Discovery/Science	resolved	medium	agent_semantic_review	检查听力和平衡功能，诊断听觉障碍并提供听力康复、助听器评估或治疗服务。	occupation_meaning:检查听力和平衡功能，诊断听觉障碍并提供听力康复、助听器评估或治疗服务。	rationale_batch_3	"[""Discovery/Science""]"	bhht_semantic_batch_1	0	Discovery/Science	resolved	author_substring	substring_unique_candidate	Culture	"[[""Culture"",""Culture-periphery""]]"	Discovery/Science	proposed	deferred	not_reviewed	semantic_review_draft_not_frozen
1252	Boom Operator	1	Culture	resolved	medium	agent_semantic_review	“Boom Operator”所指工作核心是支持或统筹影视、广播、音乐及其他文化内容的制作、技术实现或发行，属于文化生产、表演或传播职能，归入Culture。	occupation_meaning:Boom Operator：文化创作、表演、媒体传播或文化产品制作/发行职责	bhht_semantic_batch_3	"[""Culture""]"	bhht_semantic_batch_3	0	Culture	resolved	author_substring	substring_unique_candidate	Other	"[[""Other"",""Worker/Business (small)""]]"	Culture	proposed	deferred	not_reviewed	semantic_review_draft_not_frozen
1329	Deli Manager	1	Other	resolved	medium	agent_semantic_review	熟食店经理负责小型零售餐饮店的排班、库存与日常服务，不是大型企业治理职位。	occupation_meaning:小型餐饮零售店日常管理	bhht_semantic_batch_1	"[""Other""]"	bhht_semantic_batch_1	0	Other	resolved	author_substring	substring_unique_candidate	Leadership	"[[""Leadership"",""Corporate/Executive/Business (large)""]]"		out_of_scope	deferred	not_reviewed	semantic_review_draft_not_frozen
1331	Horse trader	1	Other	resolved	medium	agent_semantic_review	“Horse trader”是提供标题所指的日常服务、运输、维修、照护、手工业或一般商业服务的职业称谓，不属于艺术文化、科学技术、公共权力或竞技体育领域，归入Other。	occupation_meaning:Horse trader：明确的日常服务、一般劳动或小规模商业经营职责	bhht_semantic_batch_3	"[""Other""]"	bhht_semantic_batch_3	0	Other	resolved	author_substring	substring_unique_candidate	Leadership	"[[""Leadership"",""Corporate/Executive/Business (large)""]]"		needs_review	deferred	not_reviewed	semantic_review_draft_not_frozen
1341	Fashion Consultant	1	Culture	resolved	medium	agent_semantic_review	“Fashion Consultant”所指工作核心是提供明确的艺术、媒体或文化产业创作与制作服务，属于文化生产、表演或传播职能，归入Culture。	occupation_meaning:Fashion Consultant：文化创作、表演、媒体传播或文化产品制作/发行职责	bhht_semantic_batch_3	"[""Culture""]"	bhht_semantic_batch_3	0	Culture	resolved	author_substring	substring_unique_candidate	Other	"[[""Other"",""Worker/Business (small)""]]"	Culture	proposed	deferred	not_reviewed	semantic_review_draft_not_frozen
1345	System Administrator	1	Discovery/Science	resolved	medium	agent_semantic_review	配置服务器和账户权限，监控系统运行并维护组织计算机网络和数据服务。	occupation_meaning:配置服务器和账户权限，监控系统运行并维护组织计算机网络和数据服务。	rationale_batch_2	"[""Discovery/Science""]"	bhht_semantic_batch_1	0	Discovery/Science	resolved	author_substring	substring_unique_candidate	Leadership	"[[""Leadership"",""Administration/Law""]]"		needs_review	deferred	not_reviewed	semantic_review_draft_not_frozen
1357	Clinical Systems Analyst	1	Discovery/Science	resolved	medium	agent_semantic_review	“Clinical Systems Analyst”从事的核心职责是从事专业教学、技术设计开发、测试或学术研究，其工作属于知识发现、学术/医疗或技术开发，归入Discovery/Science。	occupation_meaning:Clinical Systems Analyst：科学研究、专业教育、医疗服务或工程技术开发职责	bhht_semantic_batch_3	"[""Discovery/Science""]"	bhht_semantic_batch_3	0	Discovery/Science	resolved	author_substring	substring_unique_candidate	Other	"[[""Other"",""Worker/Business (small)""]]"	Discovery/Science	proposed	deferred	not_reviewed	semantic_review_draft_not_frozen
1387	Mastering engineer	1	Culture	resolved	medium	agent_semantic_review	“Mastering engineer”所指工作核心是支持或统筹影视、广播、音乐及其他文化内容的制作、技术实现或发行，属于文化生产、表演或传播职能，归入Culture。	occupation_meaning:Mastering engineer：文化创作、表演、媒体传播或文化产品制作/发行职责	bhht_semantic_batch_3	"[""Culture""]"	bhht_semantic_batch_3	0	Culture	resolved	author_substring	substring_unique_candidate	Discovery/Science	"[[""Discovery/Science"",""Explorer/Inventor/Developer""]]"	Culture	proposed	deferred	not_reviewed	semantic_review_draft_not_frozen
1391	Rum-running	1	Other	resolved	high	agent_semantic_review	在禁酒或管制时期秘密运输、销售酒类以逃避法律检查。	occupation_meaning:在禁酒或管制时期秘密运输、销售酒类以逃避法律检查。	rationale_batch_2	"[""Other""]"	bhht_semantic_batch_2	0	Other	resolved	author_substring	substring_unique_candidate	Sports/Games	"[[""Sports/Games"",""Sports/Games""]]"		out_of_scope	deferred	not_reviewed	semantic_review_draft_not_frozen
1418	Recruitment Officer	1	Other	resolved	high	agent_semantic_review	Recruitment Officer 负责筛选候选人、协调面试与招聘流程，是普通人事服务岗位，不承担治理职务。	occupation_meaning:Recruitment Officer 负责筛选候选人、协调面试与招聘流程，是普通人事服务岗位，不承担治理职务。; author_role_analogy:author L1 Other	bhht_semantic_batch_2	"[""Other""]"	bhht_semantic_batch_2	0	Other	resolved	author_substring	substring_unique_candidate	Leadership	"[[""Leadership"",""Military""]]"	Leadership	proposed	deferred	not_reviewed	semantic_review_draft_not_frozen
1429	First Lady of Chile	1	Other	resolved	medium	agent_semantic_review	该词通常指智利国家领导人配偶的礼仪/家庭身份；未表示本人担任政府官职或政策职务。	occupation_meaning:国家领导人配偶身份	bhht_semantic_batch_1	"[""Other""]"	bhht_semantic_batch_1	0	Other	resolved	author_substring	substring_unique_candidate	Leadership	"[[""Leadership"",""Politics""]]"		out_of_scope	deferred	not_reviewed	semantic_review_draft_not_frozen
1450	Fur Trader	1	Other	resolved	medium	agent_semantic_review	“Fur Trader”是提供标题所指的日常服务、运输、维修、照护、手工业或一般商业服务的职业称谓，不属于艺术文化、科学技术、公共权力或竞技体育领域，归入Other。	occupation_meaning:Fur Trader：明确的日常服务、一般劳动或小规模商业经营职责	bhht_semantic_batch_3	"[""Other""]"	bhht_semantic_batch_3	0	Other	resolved	author_substring	substring_unique_candidate	Leadership	"[[""Leadership"",""Corporate/Executive/Business (large)""]]"		needs_review	deferred	not_reviewed	semantic_review_draft_not_frozen
1452	Physical Training Instructor	1	Sports/Games	resolved	high	agent_semantic_review	体能训练教练教授力量、耐力和身体素质训练，示范动作并评估学员训练进度。	occupation_meaning:体能训练教练教授力量、耐力和身体素质训练，示范动作并评估学员训练进度。	rationale_batch_1	"[""Sports/Games""]"	bhht_semantic_batch_2	0	Sports/Games	resolved	author_substring	substring_unique_candidate	Discovery/Science	"[[""Discovery/Science"",""Academia""]]"	Sports/Games	proposed	deferred	not_reviewed	semantic_review_draft_not_frozen
1468	School counselor	1	Discovery/Science	resolved	high	agent_semantic_review	学校辅导员帮助学生处理学业规划、升学就业和个人适应问题，并联系家庭或专业支持资源。	occupation_meaning:学校辅导员帮助学生处理学业规划、升学就业和个人适应问题，并联系家庭或专业支持资源。	rationale_batch_1	"[""Discovery/Science""]"	bhht_semantic_batch_2	0	Discovery/Science	resolved	author_substring	substring_unique_candidate	Other	"[[""Other"",""Worker/Business (small)""]]"	Discovery/Science	proposed	deferred	not_reviewed	semantic_review_draft_not_frozen
1474	Clinical Social Worker	1	Discovery/Science	resolved	medium	agent_semantic_review	评估并为有心理、家庭或社会困难的个案提供临床辅导、治疗转介和持续支持。	occupation_meaning:评估并为有心理、家庭或社会困难的个案提供临床辅导、治疗转介和持续支持。	rationale_batch_3	"[""Discovery/Science""]"	bhht_semantic_batch_1	0	Discovery/Science	resolved	author_substring	substring_unique_candidate	Other	"[[""Other"",""Worker/Business (small)""]]"	Discovery/Science	proposed	deferred	not_reviewed	semantic_review_draft_not_frozen
1476	Trapper	1	Other	resolved	medium	agent_semantic_review	“Trapper”是提供标题所指的日常服务、运输、维修、照护、手工业或一般商业服务的职业称谓，不属于艺术文化、科学技术、公共权力或竞技体育领域，归入Other。	occupation_meaning:Trapper：明确的日常服务、一般劳动或小规模商业经营职责	bhht_semantic_batch_3	"[""Other""]"	bhht_semantic_batch_3	0	Other	resolved	author_substring	substring_unique_candidate	Culture	"[[""Culture"",""Culture-core""]]"		out_of_scope	deferred	not_reviewed	semantic_review_draft_not_frozen
1480	Engineering Drafter	1	Culture	resolved	medium	primary_semantic_adjudication	根据设计要求绘制技术图纸，核心是绘图表达而非独立工程研发；采用作者draftsman/draughtsman所属Culture口径。	author_role_analogy:draftsman,draughtsman/Culture	primary_semantic_review	"[""Culture""]"	primary_semantic_review	1	Discovery/Science	resolved	author_substring	substring_unique_candidate	Discovery/Science	"[[""Discovery/Science"",""Explorer/Inventor/Developer""]]"		needs_review	deferred	not_reviewed	semantic_review_draft_not_frozen
1492	School superintendent	1	Discovery/Science	resolved	medium	agent_semantic_review	学区/学校体系主管负责教育系统运营和教学管理，属于教育行政职能。	author_role_analogy:Academia/教育管理	bhht_semantic_batch_1	"[""Discovery/Science""]"	bhht_semantic_batch_1	0	Discovery/Science	resolved	author_substring	substring_unique_candidate	Leadership	"[[""Leadership"",""Administration/Law""]]"		needs_review	deferred	not_reviewed	semantic_review_draft_not_frozen
1504	Professor of Elocution	1	Culture	resolved	high	agent_semantic_review	教授发声、发音、朗诵和演讲表达技巧，指导学生进行口语或舞台呈现。	occupation_meaning:教授发声、发音、朗诵和演讲表达技巧，指导学生进行口语或舞台呈现。	rationale_batch_3	"[""Culture""]"	bhht_semantic_batch_2	0	Culture	resolved	author_substring	substring_unique_candidate	Discovery/Science	"[[""Discovery/Science"",""Academia""]]"	Discovery/Science	proposed	deferred	not_reviewed	semantic_review_draft_not_frozen
1515	Hospital Driver	1	Other	resolved	high	primary_semantic_adjudication	承担医院相关车辆驾驶与运输，核心是司机服务，而不是医学诊疗。	occupation_meaning:医院车辆驾驶运输; author_role_analogy:driver/Other	primary_semantic_review	"[""Other""]"	primary_semantic_review	1	Other	resolved	author_substring	substring_unique_candidate	Sports/Games	"[[""Sports/Games"",""Sports/Games""]]"		out_of_scope	deferred	not_reviewed	semantic_review_draft_not_frozen
1555	Legal analyst	1	Leadership	resolved	high	agent_semantic_review	“Legal analyst”的职责是承担机构治理、金融资本配置、商业经营管理或政治公共事务职责，对应公共治理、法律/军事/宗教权威或企业金融领导，归入Leadership。	occupation_meaning:Legal analyst：治理、法律、军职、宗教权威、外交或企业金融管理职责	bhht_semantic_batch_3	"[""Leadership""]"	bhht_semantic_batch_3	0	Leadership	resolved	author_substring	substring_unique_candidate	Other	"[[""Other"",""Worker/Business (small)""]]"	Leadership	proposed	deferred	not_reviewed	semantic_review_draft_not_frozen
1591	Midwife (Film subject)	1	Discovery/Science	resolved	medium	agent_semantic_review	“Midwife (Film subject)”从事的核心职责是运用医学专业知识提供诊断、治疗、护理或健康服务，其工作属于知识发现、学术/医疗或技术开发，归入Discovery/Science。 括号中的“Film subject”是人物条目语境标记，职业语义仍由midwife确定。	occupation_meaning:Midwife (Film subject)：科学研究、专业教育、医疗服务或工程技术开发职责	bhht_semantic_batch_3	"[""Discovery/Science""]"	bhht_semantic_batch_3	0	Discovery/Science	resolved	author_substring	substring_unique_candidate	Other	"[[""Other"",""Worker/Business (small)""]]"		needs_review	deferred	not_reviewed	semantic_review_draft_not_frozen
1597	Arms Control Analyst	1	Leadership	resolved	medium	agent_semantic_review	Arms control analyst 研究武器管制政策与国际安全议题，属于公共政策分析。	occupation_meaning:Arms control analyst 研究武器管制政策与国际安全议题，属于公共政策分析。; author_role_analogy:author L1 Leadership	bhht_semantic_batch_2	"[""Leadership""]"	bhht_semantic_batch_2	0	Leadership	resolved	author_substring	substring_unique_candidate	Other	"[[""Other"",""Worker/Business (small)""]]"	Leadership	proposed	deferred	not_reviewed	semantic_review_draft_not_frozen
1600	Waste collector	1	Other	resolved	high	agent_semantic_review	按路线收集生活或商业垃圾，并运送至处理或回收设施。	occupation_meaning:按路线收集生活或商业垃圾，并运送至处理或回收设施。	rationale_batch_2	"[""Other""]"	bhht_semantic_batch_2	0	Other	resolved	author_substring	substring_unique_candidate	Culture	"[[""Culture"",""Culture-core""]]"		out_of_scope	deferred	not_reviewed	semantic_review_draft_not_frozen
1605	Investment advisor	1	Other	resolved	medium	primary_semantic_adjudication	为客户提供投资建议及个人财务方案，属于专业咨询服务；未表明控制金融机构或承担企业高管职责。	occupation_meaning:个人投资咨询服务; author_role_analogy:咨询服务/Worker-Business-small; author_role_analogy:financial_adviser/Worker-Business-small	primary_semantic_review	"[""Other""]"	primary_semantic_review	1	Leadership	resolved	author_substring	substring_same_l1_multiple_l2	Leadership	"[[""Leadership"",""Corporate/Executive/Business (large)""],[""Leadership"",""Politics""]]"		needs_review	deferred	not_reviewed	semantic_review_draft_not_frozen
1614	Private Secretary	1	Other	resolved	medium	agent_semantic_review	私人秘书主要提供日程、通信和文书等个人行政支持，未显示公共治理或企业决策权限。	occupation_meaning:个人行政助理服务	bhht_semantic_batch_1	"[""Other""]"	bhht_semantic_batch_1	0	Other	resolved	author_substring	substring_unique_candidate	Leadership	"[[""Leadership"",""Politics""]]"		needs_review	deferred	not_reviewed	semantic_review_draft_not_frozen
1666	Showrunner	1	Culture	resolved	medium	agent_semantic_review	“Showrunner”所指工作核心是支持或统筹影视、广播、音乐及其他文化内容的制作、技术实现或发行，属于文化生产、表演或传播职能，归入Culture。	occupation_meaning:Showrunner：文化创作、表演、媒体传播或文化产品制作/发行职责	bhht_semantic_batch_3	"[""Culture""]"	bhht_semantic_batch_3	0	Culture	resolved	author_substring	substring_unique_candidate	Sports/Games	"[[""Sports/Games"",""Sports/Games""]]"	Culture	proposed	deferred	not_reviewed	semantic_review_draft_not_frozen
1696	Stage mother	1	Other	resolved	high	agent_semantic_review	Stage mother 指陪伴并支持子女从事舞台/娱乐活动的家庭身份，不表示本人从事表演或制作工作，归 Other。	occupation_meaning:Stage mother 指陪伴并支持子女从事舞台/娱乐活动的家庭身份，不表示本人从事表演或制作工作，归 Other。; author_role_analogy:author L1 Other	bhht_semantic_batch_2	"[""Other""]"	bhht_semantic_batch_2	0	Other	resolved	author_substring	substring_unique_candidate	Culture	"[[""Culture"",""Culture-core""]]"		needs_review	deferred	not_reviewed	semantic_review_draft_not_frozen
1718	Arms Policy Analyst	1	Leadership	resolved	high	agent_semantic_review	Arms policy analyst 研究武器相关公共政策及其影响，属于政策分析而非科学研究。	occupation_meaning:Arms policy analyst 研究武器相关公共政策及其影响，属于政策分析而非科学研究。; author_role_analogy:author L1 Leadership	bhht_semantic_batch_2	"[""Leadership""]"	bhht_semantic_batch_2	0	Leadership	resolved	author_substring	substring_unique_candidate	Other	"[[""Other"",""Worker/Business (small)""]]"		needs_review	deferred	not_reviewed	semantic_review_draft_not_frozen
1757	Veterinary Technician	1	Discovery/Science	resolved	medium	agent_semantic_review	协助兽医进行动物检查、采样、治疗和手术准备，并照护住院动物。	occupation_meaning:协助兽医进行动物检查、采样、治疗和手术准备，并照护住院动物。	rationale_batch_2	"[""Discovery/Science""]"	bhht_semantic_batch_1	0	Discovery/Science	resolved	author_substring	substring_unique_candidate	Other	"[[""Other"",""Worker/Business (small)""]]"		needs_review	deferred	not_reviewed	semantic_review_draft_not_frozen
1767	Communications Consultant	1	Culture	resolved	medium	primary_semantic_adjudication	为组织提供信息表达、媒体关系和公众传播建议，按传播咨询职能归文化传播。	https://www.onetonline.org/link/summary/27-3031.00; occupation_meaning:组织传播咨询	primary_semantic_review	"[""Culture""]"	primary_semantic_review	1	Culture	resolved	author_substring	substring_unique_candidate	Other	"[[""Other"",""Worker/Business (small)""]]"		needs_review	deferred	not_reviewed	semantic_review_draft_not_frozen
1790	Train Conductor	1	Other	resolved	medium	agent_semantic_review	“Train Conductor”是提供标题所指的日常服务、运输、维修、照护、手工业或一般商业服务的职业称谓，不属于艺术文化、科学技术、公共权力或竞技体育领域，归入Other。	occupation_meaning:Train Conductor：明确的日常服务、一般劳动或小规模商业经营职责	bhht_semantic_batch_3	"[""Other""]"	bhht_semantic_batch_3	0	Other	resolved	author_substring	substring_unique_candidate	Culture	"[[""Culture"",""Culture-core""]]"		needs_review	deferred	not_reviewed	semantic_review_draft_not_frozen
