rank	raw_value	level1	review_status	semantic_rationale	evidence
12	Business executive	Leadership	resolved	“Business executive”指企业经营、公司高管、金融或商业管理职责属于领导/商业治理，据此其主要职责属于Leadership。	occupation_meaning:Business executive—企业经营、公司高管、金融或商业管理职责属于领导/商业治理
19	Television producer	Culture	resolved	该岗位通过创作、演出、编辑、制作或传播文化内容完成工作，归入 Culture。	occupation_meaning:该岗位通过创作、演出、编辑、制作或传播文化内容完成工作，归入 Culture。; author_role_analogy:author L1 Culture
34	Film Score Composer	Culture	resolved	“Film Score Composer”指艺术创作、文学写作、音乐/舞台/影视制作或文化传播，据此其主要职责属于Culture。	occupation_meaning:Film Score Composer—艺术创作、文学写作、音乐/舞台/影视制作或文化传播
43	Cameraman	Culture	resolved	该岗位通过创作、演出、编辑、制作或传播文化内容完成工作，归入 Culture。	occupation_meaning:该岗位通过创作、演出、编辑、制作或传播文化内容完成工作，归入 Culture。; author_role_analogy:author L1 Culture
64	Baseball Player	Sports/Games	resolved	“Baseball Player”指竞技运动员、赛车/球类/搏击等赛事参与者属于体育，据此其主要职责属于Sports/Games。	occupation_meaning:Baseball Player—竞技运动员、赛车/球类/搏击等赛事参与者属于体育
85	Lyricist (Profession)	Culture	resolved	“Lyricist (Profession)”指艺术创作、文学写作、音乐/舞台/影视制作或文化传播，据此其主要职责属于Culture。	occupation_meaning:Lyricist (Profession)—艺术创作、文学写作、音乐/舞台/影视制作或文化传播
89	Military Officer	Leadership	resolved	该岗位履行治理、司法、军事指挥、宗教权威或组织/商业管理职责，归入 Leadership。	occupation_meaning:该岗位履行治理、司法、军事指挥、宗教权威或组织/商业管理职责，归入 Leadership。; author_role_analogy:author L1 Leadership
103	Theatrical producer	Culture	resolved	“Theatrical producer”指艺术创作、文学写作、音乐/舞台/影视制作或文化传播，据此其主要职责属于Culture。	occupation_meaning:Theatrical producer—艺术创作、文学写作、音乐/舞台/影视制作或文化传播
123	Television presenter	Culture	resolved	“Television presenter”指艺术创作、文学写作、音乐/舞台/影视制作或文化传播，据此其主要职责属于Culture。	occupation_meaning:Television presenter—艺术创作、文学写作、音乐/舞台/影视制作或文化传播
130	Child Actor	Culture	resolved	该岗位通过创作、演出、编辑、制作或传播文化内容完成工作，归入 Culture。	occupation_meaning:该岗位通过创作、演出、编辑、制作或传播文化内容完成工作，归入 Culture。; author_role_analogy:author L1 Culture
139	Martial artist	Sports/Games	resolved	“Martial artist”指竞技运动员、赛车/球类/搏击等赛事参与者属于体育，据此其主要职责属于Sports/Games。	occupation_meaning:Martial artist—竞技运动员、赛车/球类/搏击等赛事参与者属于体育
151	Opera singer	Culture	resolved	该岗位通过创作、演出、编辑、制作或传播文化内容完成工作，归入 Culture。	occupation_meaning:该岗位通过创作、演出、编辑、制作或传播文化内容完成工作，归入 Culture。; author_role_analogy:author L1 Culture
171	Literary critic	Culture	resolved	“Literary critic”指艺术创作、文学写作、音乐/舞台/影视制作或文化传播，据此其主要职责属于Culture。	occupation_meaning:Literary critic—艺术创作、文学写作、音乐/舞台/影视制作或文化传播
184	Track and field athlete	Sports/Games	resolved	该岗位直接参与竞技项目、竞赛组织、体育训练/裁判或游戏活动，归入 Sports/Games。	occupation_meaning:该岗位直接参与竞技项目、竞赛组织、体育训练/裁判或游戏活动，归入 Sports/Games。; author_role_analogy:author L1 Sports/Games
191	Jazz Pianist	Culture	resolved	“Jazz Pianist”指艺术创作、文学写作、音乐/舞台/影视制作或文化传播，据此其主要职责属于Culture。	occupation_meaning:Jazz Pianist—艺术创作、文学写作、音乐/舞台/影视制作或文化传播
200	Talent manager	Culture	resolved	该岗位通过创作、演出、编辑、制作或传播文化内容完成工作，归入 Culture。	occupation_meaning:该岗位通过创作、演出、编辑、制作或传播文化内容完成工作，归入 Culture。; author_role_analogy:author L1 Culture
214	Political activist	Leadership	resolved	该岗位履行治理、司法、军事指挥、宗教权威或组织/商业管理职责，归入 Leadership。	occupation_meaning:该岗位履行治理、司法、军事指挥、宗教权威或组织/商业管理职责，归入 Leadership。; author_role_analogy:author L1 Leadership
226	Trumpeter	Culture	resolved	“Trumpeter”指艺术创作、文学写作、音乐/舞台/影视制作或文化传播，据此其主要职责属于Culture。	occupation_meaning:Trumpeter—艺术创作、文学写作、音乐/舞台/影视制作或文化传播
236	Electrical engineer	Discovery/Science	resolved	该岗位以专业研究、教学、医疗服务或技术开发为核心，属于知识与科学专业职能。	occupation_meaning:该岗位以专业研究、教学、医疗服务或技术开发为核心，属于知识与科学专业职能。; author_role_analogy:author L1 Discovery/Science
248	Set Designer	Culture	resolved	“Set Designer”指设计舞台、影视布景或视觉造型以支持文化作品呈现，据此其主要职责属于Culture。	occupation_meaning:Set Designer—设计舞台、影视布景或视觉造型以支持文化作品呈现
256	Book editor	Culture	resolved	该岗位通过创作、演出、编辑、制作或传播文化内容完成工作，归入 Culture。	occupation_meaning:该岗位通过创作、演出、编辑、制作或传播文化内容完成工作，归入 Culture。; author_role_analogy:author L1 Culture
263	Speed Skater	Sports/Games	resolved	该岗位直接参与竞技项目、竞赛组织、体育训练/裁判或游戏活动，归入 Sports/Games。	occupation_meaning:该岗位直接参与竞技项目、竞赛组织、体育训练/裁判或游戏活动，归入 Sports/Games。; author_role_analogy:author L1 Sports/Games
274	Mixed Martial Artist	Sports/Games	resolved	“Mixed Martial Artist”指竞技运动员、赛车/球类/搏击等赛事参与者属于体育，据此其主要职责属于Sports/Games。	occupation_meaning:Mixed Martial Artist—竞技运动员、赛车/球类/搏击等赛事参与者属于体育
285	Mechanical Engineer	Discovery/Science	resolved	该岗位以专业研究、教学、医疗服务或技术开发为核心，属于知识与科学专业职能。	occupation_meaning:该岗位以专业研究、教学、医疗服务或技术开发为核心，属于知识与科学专业职能。; author_role_analogy:author L1 Discovery/Science
292	Handball Player	Sports/Games	resolved	“Handball Player”指竞技运动员、赛车/球类/搏击等赛事参与者属于体育，据此其主要职责属于Sports/Games。	occupation_meaning:Handball Player—竞技运动员、赛车/球类/搏击等赛事参与者属于体育
302	Nobleman	Leadership	resolved	“Nobleman”指国家政治、公共治理、军事指挥、司法法律或公共政策职能属于领导/治理，据此其主要职责属于Leadership。	occupation_meaning:Nobleman—国家政治、公共治理、军事指挥、司法法律或公共政策职能属于领导/治理
314	Aerospace Engineer	Discovery/Science	resolved	该岗位以专业研究、教学、医疗服务或技术开发为核心，属于知识与科学专业职能。	occupation_meaning:该岗位以专业研究、教学、医疗服务或技术开发为核心，属于知识与科学专业职能。; author_role_analogy:author L1 Discovery/Science
323	Game Show Host	Culture	resolved	该岗位通过创作、演出、编辑、制作或传播文化内容完成工作，归入 Culture。	occupation_meaning:该岗位通过创作、演出、编辑、制作或传播文化内容完成工作，归入 Culture。; author_role_analogy:author L1 Culture
336	Sound Editor	Culture	resolved	“Sound Editor”指艺术创作、文学写作、音乐/舞台/影视制作或文化传播，据此其主要职责属于Culture。	occupation_meaning:Sound Editor—艺术创作、文学写作、音乐/舞台/影视制作或文化传播
340	Comic book creator	Culture	resolved	该岗位通过创作、演出、编辑、制作或传播文化内容完成工作，归入 Culture。	occupation_meaning:该岗位通过创作、演出、编辑、制作或传播文化内容完成工作，归入 Culture。; author_role_analogy:author L1 Culture
352	Attorney at law	Leadership	resolved	“Attorney at law”指国家政治、公共治理、军事指挥、司法法律或公共政策职能属于领导/治理，据此其主要职责属于Leadership。	occupation_meaning:Attorney at law—国家政治、公共治理、军事指挥、司法法律或公共政策职能属于领导/治理
357	Music Teacher	Culture	resolved	该岗位通过创作、演出、编辑、制作或传播文化内容完成工作，归入 Culture。	occupation_meaning:该岗位通过创作、演出、编辑、制作或传播文化内容完成工作，归入 Culture。; author_role_analogy:author L1 Culture
383	Firefighter	Other	resolved	“Firefighter”指普通服务、手工业、劳务或日常职业不属于四个专门领域，据此其主要职责属于Other。	occupation_meaning:Firefighter—普通服务、手工业、劳务或日常职业不属于四个专门领域
397	Professional Poker Player	Sports/Games	resolved	该岗位直接参与竞技项目、竞赛组织、体育训练/裁判或游戏活动，归入 Sports/Games。	occupation_meaning:该岗位直接参与竞技项目、竞赛组织、体育训练/裁判或游戏活动，归入 Sports/Games。; author_role_analogy:author L1 Sports/Games
405	Ice dancer	Sports/Games	resolved	“Ice dancer”指竞技运动员、赛车/球类/搏击等赛事参与者属于体育，据此其主要职责属于Sports/Games。	occupation_meaning:Ice dancer—竞技运动员、赛车/球类/搏击等赛事参与者属于体育
410	Newspaper editor	Culture	resolved	该岗位通过创作、演出、编辑、制作或传播文化内容完成工作，归入 Culture。	occupation_meaning:该岗位通过创作、演出、编辑、制作或传播文化内容完成工作，归入 Culture。; author_role_analogy:author L1 Culture
426	Voice teacher	Culture	resolved	“Voice teacher”指艺术创作、文学写作、音乐/舞台/影视制作或文化传播，据此其主要职责属于Culture。	occupation_meaning:Voice teacher—艺术创作、文学写作、音乐/舞台/影视制作或文化传播
432	Truck driver	Other	resolved	“Truck driver”指普通服务、手工业、劳务或日常职业不属于四个专门领域，据此其主要职责属于Other。	occupation_meaning:Truck driver—普通服务、手工业、劳务或日常职业不属于四个专门领域
436	Cultural critic	Culture	resolved	该岗位通过创作、演出、编辑、制作或传播文化内容完成工作，归入 Culture。	occupation_meaning:该岗位通过创作、演出、编辑、制作或传播文化内容完成工作，归入 Culture。; author_role_analogy:author L1 Culture
449	Mime artist	Culture	resolved	该岗位通过创作、演出、编辑、制作或传播文化内容完成工作，归入 Culture。	occupation_meaning:该岗位通过创作、演出、编辑、制作或传播文化内容完成工作，归入 Culture。; author_role_analogy:author L1 Culture
463	Registered nurse	Discovery/Science	resolved	该岗位以专业研究、教学、医疗服务或技术开发为核心，属于知识与科学专业职能。	occupation_meaning:该岗位以专业研究、教学、医疗服务或技术开发为核心，属于知识与科学专业职能。; author_role_analogy:author L1 Discovery/Science
475	Roman emperor	Leadership	resolved	“Roman emperor”指国家政治、公共治理、军事指挥、司法法律或公共政策职能属于领导/治理，据此其主要职责属于Leadership。	occupation_meaning:Roman emperor—国家政治、公共治理、军事指挥、司法法律或公共政策职能属于领导/治理
487	Nordic combined skier	Sports/Games	resolved	“Nordic combined skier”指竞技运动员、赛车/球类/搏击等赛事参与者属于体育，据此其主要职责属于Sports/Games。	occupation_meaning:Nordic combined skier—竞技运动员、赛车/球类/搏击等赛事参与者属于体育
496	Baseball Umpire	Sports/Games	resolved	该岗位直接参与竞技项目、竞赛组织、体育训练/裁判或游戏活动，归入 Sports/Games。	occupation_meaning:该岗位直接参与竞技项目、竞赛组织、体育训练/裁判或游戏活动，归入 Sports/Games。; author_role_analogy:author L1 Sports/Games
508	Music director	Culture	resolved	该岗位通过创作、演出、编辑、制作或传播文化内容完成工作，归入 Culture。	occupation_meaning:该岗位通过创作、演出、编辑、制作或传播文化内容完成工作，归入 Culture。; author_role_analogy:author L1 Culture
518	Motorcycle Racer	Sports/Games	resolved	“Motorcycle Racer”指竞技运动员、赛车/球类/搏击等赛事参与者属于体育，据此其主要职责属于Sports/Games。	occupation_meaning:Motorcycle Racer—竞技运动员、赛车/球类/搏击等赛事参与者属于体育
536	Yoga Instructor	Sports/Games	resolved	该岗位直接参与竞技项目、竞赛组织、体育训练/裁判或游戏活动，归入 Sports/Games。	occupation_meaning:该岗位直接参与竞技项目、竞赛组织、体育训练/裁判或游戏活动，归入 Sports/Games。; author_role_analogy:author L1 Sports/Games
547	Mixing engineer	Culture	resolved	“Mixing engineer”指艺术创作、文学写作、音乐/舞台/影视制作或文化传播，据此其主要职责属于Culture。	occupation_meaning:Mixing engineer—艺术创作、文学写作、音乐/舞台/影视制作或文化传播
554	Cattle Rancher	Other	resolved	该岗位属于一般服务、日常工种、小型经营、家庭身份或其他非四类核心职能，归入 Other。	occupation_meaning:该岗位属于一般服务、日常工种、小型经营、家庭身份或其他非四类核心职能，归入 Other。; author_role_analogy:author L1 Other
564	Beach Volleyball Player	Sports/Games	resolved	“Beach Volleyball Player”指竞技运动员、赛车/球类/搏击等赛事参与者属于体育，据此其主要职责属于Sports/Games。	occupation_meaning:Beach Volleyball Player—竞技运动员、赛车/球类/搏击等赛事参与者属于体育
568	Fisherman	Other	resolved	该岗位属于一般服务、日常工种、小型经营、家庭身份或其他非四类核心职能，归入 Other。	occupation_meaning:该岗位属于一般服务、日常工种、小型经营、家庭身份或其他非四类核心职能，归入 Other。; author_role_analogy:author L1 Other
581	House painter and decorator	Other	resolved	该岗位属于一般服务、日常工种、小型经营、家庭身份或其他非四类核心职能，归入 Other。	occupation_meaning:该岗位属于一般服务、日常工种、小型经营、家庭身份或其他非四类核心职能，归入 Other。; author_role_analogy:author L1 Other
590	Studio executive	Culture	resolved	该岗位通过创作、演出、编辑、制作或传播文化内容完成工作，归入 Culture。	occupation_meaning:该岗位通过创作、演出、编辑、制作或传播文化内容完成工作，归入 Culture。; author_role_analogy:author L1 Culture
597	Cosmetologist	Other	resolved	该岗位属于一般服务、日常工种、小型经营、家庭身份或其他非四类核心职能，归入 Other。	occupation_meaning:该岗位属于一般服务、日常工种、小型经营、家庭身份或其他非四类核心职能，归入 Other。; author_role_analogy:author L1 Other
606	Lighting Designer	Culture	resolved	“Lighting Designer”指艺术创作、文学写作、音乐/舞台/影视制作或文化传播，据此其主要职责属于Culture。	occupation_meaning:Lighting Designer—艺术创作、文学写作、音乐/舞台/影视制作或文化传播
612	Auto mechanic	Other	resolved	该岗位属于一般服务、日常工种、小型经营、家庭身份或其他非四类核心职能，归入 Other。	occupation_meaning:该岗位属于一般服务、日常工种、小型经营、家庭身份或其他非四类核心职能，归入 Other。; author_role_analogy:author L1 Other
625	Aircraft designer	Discovery/Science	resolved	“Aircraft designer”指科学研究、技术设计/开发或学术研究传播以专业知识和技术系统为核心，据此其主要职责属于Discovery/Science。	occupation_meaning:Aircraft designer—科学研究、技术设计/开发或学术研究传播以专业知识和技术系统为核心
639	Justice of the peace	Leadership	resolved	“Justice of the peace”指国家政治、公共治理、军事指挥、司法法律或公共政策职能属于领导/治理，据此其主要职责属于Leadership。	occupation_meaning:Justice of the peace—国家政治、公共治理、军事指挥、司法法律或公共政策职能属于领导/治理
651	Gossip columnist	Culture	resolved	该岗位通过创作、演出、编辑、制作或传播文化内容完成工作，归入 Culture。	occupation_meaning:该岗位通过创作、演出、编辑、制作或传播文化内容完成工作，归入 Culture。; author_role_analogy:author L1 Culture
665	Fight Choreographer	Culture	resolved	“Fight Choreographer”指音响、设计/技术、造型等岗位服务于演出、影视或文化作品的制作，按其文化生产功能归类，据此其主要职责属于Culture。	occupation_meaning:Fight Choreographer—音响、设计/技术、造型等岗位服务于演出、影视或文化作品的制作，按其文化生产功能归类
676	Music publisher (Profession) #1	Culture	resolved	“Music publisher (Profession) #1”指艺术创作、文学写作、音乐/舞台/影视制作或文化传播，据此其主要职责属于Culture。	occupation_meaning:Music publisher (Profession) #1—艺术创作、文学写作、音乐/舞台/影视制作或文化传播
681	Generalissimo	Leadership	resolved	该岗位履行治理、司法、军事指挥、宗教权威或组织/商业管理职责，归入 Leadership。	occupation_meaning:该岗位履行治理、司法、军事指挥、宗教权威或组织/商业管理职责，归入 Leadership。; author_role_analogy:author L1 Leadership
687	Travel writer	Culture	resolved	“Travel writer”指艺术创作、文学写作、音乐/舞台/影视制作或文化传播，据此其主要职责属于Culture。	occupation_meaning:Travel writer—艺术创作、文学写作、音乐/舞台/影视制作或文化传播
696	Street artist	Culture	resolved	“Street artist”指艺术创作、文学写作、音乐/舞台/影视制作或文化传播，据此其主要职责属于Culture。	occupation_meaning:Street artist—艺术创作、文学写作、音乐/舞台/影视制作或文化传播
711	College gymnast	Sports/Games	resolved	“College gymnast”指竞技运动员、赛车/球类/搏击等赛事参与者属于体育，据此其主要职责属于Sports/Games。	occupation_meaning:College gymnast—竞技运动员、赛车/球类/搏击等赛事参与者属于体育
717	Customs officer	Leadership	resolved	该岗位履行治理、司法、军事指挥、宗教权威或组织/商业管理职责，归入 Leadership。	occupation_meaning:该岗位履行治理、司法、军事指挥、宗教权威或组织/商业管理职责，归入 Leadership。; author_role_analogy:author L1 Leadership
724	Pastoralist	Other	resolved	该岗位属于一般服务、日常工种、小型经营、家庭身份或其他非四类核心职能，归入 Other。	occupation_meaning:该岗位属于一般服务、日常工种、小型经营、家庭身份或其他非四类核心职能，归入 Other。; author_role_analogy:author L1 Other
733	Newspaper publisher	Culture	resolved	该岗位通过创作、演出、编辑、制作或传播文化内容完成工作，归入 Culture。	occupation_meaning:该岗位通过创作、演出、编辑、制作或传播文化内容完成工作，归入 Culture。; author_role_analogy:author L1 Culture
739	Syndicated columnist	Culture	resolved	“Syndicated columnist”指艺术创作、文学写作、音乐/舞台/影视制作或文化传播，据此其主要职责属于Culture。	occupation_meaning:Syndicated columnist—艺术创作、文学写作、音乐/舞台/影视制作或文化传播
744	Production Manager (Band)	Culture	resolved	该岗位通过创作、演出、编辑、制作或传播文化内容完成工作，归入 Culture。	occupation_meaning:该岗位通过创作、演出、编辑、制作或传播文化内容完成工作，归入 Culture。; author_role_analogy:author L1 Culture
750	Flamenco Dancer	Culture	resolved	该岗位通过创作、演出、编辑、制作或传播文化内容完成工作，归入 Culture。	occupation_meaning:该岗位通过创作、演出、编辑、制作或传播文化内容完成工作，归入 Culture。; author_role_analogy:author L1 Culture
761	Tennis coach	Sports/Games	resolved	该岗位直接参与竞技项目、竞赛组织、体育训练/裁判或游戏活动，归入 Sports/Games。	occupation_meaning:该岗位直接参与竞技项目、竞赛组织、体育训练/裁判或游戏活动，归入 Sports/Games。; author_role_analogy:author L1 Sports/Games
772	Music publisher	Culture	resolved	“Music publisher”指艺术指导/文化产业经营的职责直接围绕作品创作、演出或出版发行，据此其主要职责属于Culture。	occupation_meaning:Music publisher—艺术指导/文化产业经营的职责直接围绕作品创作、演出或出版发行
781	Internet Entrepreneur	Leadership	resolved	该岗位履行治理、司法、军事指挥、宗教权威或组织/商业管理职责，归入 Leadership。	occupation_meaning:该岗位履行治理、司法、军事指挥、宗教权威或组织/商业管理职责，归入 Leadership。; author_role_analogy:author L1 Leadership
790	Eastern Roman Emperor	Leadership	resolved	该岗位履行治理、司法、军事指挥、宗教权威或组织/商业管理职责，归入 Leadership。	occupation_meaning:该岗位履行治理、司法、军事指挥、宗教权威或组织/商业管理职责，归入 Leadership。; author_role_analogy:author L1 Leadership
804	Hypnotherapist	Discovery/Science	resolved	该岗位以专业研究、教学、医疗服务或技术开发为核心，属于知识与科学专业职能。	occupation_meaning:该岗位以专业研究、教学、医疗服务或技术开发为核心，属于知识与科学专业职能。; author_role_analogy:author L1 Discovery/Science
812	Primatologist	Discovery/Science	resolved	该岗位以专业研究、教学、医疗服务或技术开发为核心，属于知识与科学专业职能。	occupation_meaning:该岗位以专业研究、教学、医疗服务或技术开发为核心，属于知识与科学专业职能。; author_role_analogy:author L1 Discovery/Science
818	Second Unit Director	Culture	resolved	“Second Unit Director”指艺术创作、文学写作、音乐/舞台/影视制作或文化传播，据此其主要职责属于Culture。	occupation_meaning:Second Unit Director—艺术创作、文学写作、音乐/舞台/影视制作或文化传播
823	Visual Effects Designer	Culture	resolved	该岗位通过创作、演出、编辑、制作或传播文化内容完成工作，归入 Culture。	occupation_meaning:该岗位通过创作、演出、编辑、制作或传播文化内容完成工作，归入 Culture。; author_role_analogy:author L1 Culture
829	Technical writer	Culture	resolved	“Technical writer”指艺术创作、文学写作、音乐/舞台/影视制作或文化传播，据此其主要职责属于Culture。	occupation_meaning:Technical writer—艺术创作、文学写作、音乐/舞台/影视制作或文化传播
833	Pimp	Other	resolved	该岗位属于一般服务、日常工种、小型经营、家庭身份或其他非四类核心职能，归入 Other。	occupation_meaning:该岗位属于一般服务、日常工种、小型经营、家庭身份或其他非四类核心职能，归入 Other。; author_role_analogy:author L1 Other
847	Funeral director	Other	resolved	“Funeral director”指普通服务、手工业、劳务或日常职业不属于四个专门领域，据此其主要职责属于Other。	occupation_meaning:Funeral director—普通服务、手工业、劳务或日常职业不属于四个专门领域
851	Graffiti artist	Culture	resolved	该岗位通过创作、演出、编辑、制作或传播文化内容完成工作，归入 Culture。	occupation_meaning:该岗位通过创作、演出、编辑、制作或传播文化内容完成工作，归入 Culture。; author_role_analogy:author L1 Culture
871	Christian Theologian	Discovery/Science	resolved	该岗位以专业研究、教学、医疗服务或技术开发为核心，属于知识与科学专业职能。	occupation_meaning:该岗位以专业研究、教学、医疗服务或技术开发为核心，属于知识与科学专业职能。; author_role_analogy:author L1 Discovery/Science
879	Creative consultant	Culture	resolved	“Creative consultant”指艺术创作、文学写作、音乐/舞台/影视制作或文化传播，据此其主要职责属于Culture。	occupation_meaning:Creative consultant—艺术创作、文学写作、音乐/舞台/影视制作或文化传播
885	Nurse midwife	Discovery/Science	resolved	该岗位以专业研究、教学、医疗服务或技术开发为核心，属于知识与科学专业职能。	occupation_meaning:该岗位以专业研究、教学、医疗服务或技术开发为核心，属于知识与科学专业职能。; author_role_analogy:author L1 Discovery/Science
896	Architectural photographer	Culture	resolved	“Architectural photographer”指艺术创作、文学写作、音乐/舞台/影视制作或文化传播，据此其主要职责属于Culture。	occupation_meaning:Architectural photographer—艺术创作、文学写作、音乐/舞台/影视制作或文化传播
906	Script doctor	Culture	resolved	该岗位通过创作、演出、编辑、制作或传播文化内容完成工作，归入 Culture。	occupation_meaning:该岗位通过创作、演出、编辑、制作或传播文化内容完成工作，归入 Culture。; author_role_analogy:author L1 Culture
914	Corporate officer	Leadership	resolved	该岗位履行治理、司法、军事指挥、宗教权威或组织/商业管理职责，归入 Leadership。	occupation_meaning:该岗位履行治理、司法、军事指挥、宗教权威或组织/商业管理职责，归入 Leadership。; author_role_analogy:author L1 Leadership
920	Publicist (Profession) #5	Culture	resolved	该岗位通过创作、演出、编辑、制作或传播文化内容完成工作，归入 Culture。	occupation_meaning:该岗位通过创作、演出、编辑、制作或传播文化内容完成工作，归入 Culture。; author_role_analogy:author L1 Culture
925	News analyst	Culture	resolved	“News analyst”指艺术创作、文学写作、音乐/舞台/影视制作或文化传播，据此其主要职责属于Culture。	occupation_meaning:News analyst—艺术创作、文学写作、音乐/舞台/影视制作或文化传播
932	Children's book illustrator	Culture	resolved	“Children's book illustrator”指艺术创作、文学写作、音乐/舞台/影视制作或文化传播，据此其主要职责属于Culture。	occupation_meaning:Children's book illustrator—艺术创作、文学写作、音乐/舞台/影视制作或文化传播
943	Concert Producer	Culture	resolved	该岗位通过创作、演出、编辑、制作或传播文化内容完成工作，归入 Culture。	occupation_meaning:该岗位通过创作、演出、编辑、制作或传播文化内容完成工作，归入 Culture。; author_role_analogy:author L1 Culture
951	Information Technologist	Discovery/Science	resolved	“Information Technologist”指科学研究、技术设计/开发或学术研究传播以专业知识和技术系统为核心，据此其主要职责属于Discovery/Science。	occupation_meaning:Information Technologist—科学研究、技术设计/开发或学术研究传播以专业知识和技术系统为核心
955	Cyberneticist	Discovery/Science	resolved	该岗位以专业研究、教学、医疗服务或技术开发为核心，属于知识与科学专业职能。	occupation_meaning:该岗位以专业研究、教学、医疗服务或技术开发为核心，属于知识与科学专业职能。; author_role_analogy:author L1 Discovery/Science
964	News producer	Culture	resolved	该岗位通过创作、演出、编辑、制作或传播文化内容完成工作，归入 Culture。	occupation_meaning:该岗位通过创作、演出、编辑、制作或传播文化内容完成工作，归入 Culture。; author_role_analogy:author L1 Culture
974	Letterer	Culture	resolved	该岗位通过创作、演出、编辑、制作或传播文化内容完成工作，归入 Culture。	occupation_meaning:该岗位通过创作、演出、编辑、制作或传播文化内容完成工作，归入 Culture。; author_role_analogy:author L1 Culture
984	Bouncer	Other	resolved	“Bouncer”指客户服务/看守场所等一般服务性工作，据此其主要职责属于Other。	occupation_meaning:Bouncer—客户服务/看守场所等一般服务性工作
990	Fashion Editor	Culture	resolved	“Fashion Editor”指艺术创作、文学写作、音乐/舞台/影视制作或文化传播，据此其主要职责属于Culture。	occupation_meaning:Fashion Editor—艺术创作、文学写作、音乐/舞台/影视制作或文化传播
996	Marine biologist	Discovery/Science	resolved	该岗位以专业研究、教学、医疗服务或技术开发为核心，属于知识与科学专业职能。	occupation_meaning:该岗位以专业研究、教学、医疗服务或技术开发为核心，属于知识与科学专业职能。; author_role_analogy:author L1 Discovery/Science
1004	TV Meteorologist	Discovery/Science	resolved	该岗位以专业研究、教学、医疗服务或技术开发为核心，属于知识与科学专业职能。	occupation_meaning:该岗位以专业研究、教学、医疗服务或技术开发为核心，属于知识与科学专业职能。; author_role_analogy:author L1 Discovery/Science
1012	Literary executor	Culture	resolved	“Literary executor”指艺术创作、文学写作、音乐/舞台/影视制作或文化传播，据此其主要职责属于Culture。	occupation_meaning:Literary executor—艺术创作、文学写作、音乐/舞台/影视制作或文化传播
1018	Commissar	Leadership	resolved	“Commissar”指国家政治、公共治理、军事指挥、司法法律或公共政策职能属于领导/治理，据此其主要职责属于Leadership。	occupation_meaning:Commissar—国家政治、公共治理、军事指挥、司法法律或公共政策职能属于领导/治理
1024	Sex Educator	Discovery/Science	resolved	“Sex Educator”指性健康知识教育属于专业健康知识传播，据此其主要职责属于Discovery/Science。	occupation_meaning:Sex Educator—性健康知识教育属于专业健康知识传播
1034	Film Journalist	Culture	resolved	该岗位通过创作、演出、编辑、制作或传播文化内容完成工作，归入 Culture。	occupation_meaning:该岗位通过创作、演出、编辑、制作或传播文化内容完成工作，归入 Culture。; author_role_analogy:author L1 Culture
1043	Art Conservator	Culture	resolved	该岗位通过创作、演出、编辑、制作或传播文化内容完成工作，归入 Culture。	occupation_meaning:该岗位通过创作、演出、编辑、制作或传播文化内容完成工作，归入 Culture。; author_role_analogy:author L1 Culture
1056	Biblical Scholar	Discovery/Science	resolved	该岗位以专业研究、教学、医疗服务或技术开发为核心，属于知识与科学专业职能。	occupation_meaning:该岗位以专业研究、教学、医疗服务或技术开发为核心，属于知识与科学专业职能。; author_role_analogy:author L1 Discovery/Science
1067	Shepherd	Other	resolved	该岗位属于一般服务、日常工种、小型经营、家庭身份或其他非四类核心职能，归入 Other。	occupation_meaning:该岗位属于一般服务、日常工种、小型经营、家庭身份或其他非四类核心职能，归入 Other。; author_role_analogy:author L1 Other
1073	Gamekeeper	Other	resolved	该岗位属于一般服务、日常工种、小型经营、家庭身份或其他非四类核心职能，归入 Other。	occupation_meaning:该岗位属于一般服务、日常工种、小型经营、家庭身份或其他非四类核心职能，归入 Other。; author_role_analogy:author L1 Other
1082	Emergency medical technician	Discovery/Science	resolved	“Emergency medical technician”指医疗照护、治疗、诊断及健康专业服务属于医学/专业知识应用，据此其主要职责属于Discovery/Science。	occupation_meaning:Emergency medical technician—医疗照护、治疗、诊断及健康专业服务属于医学/专业知识应用
1086	Television executive producer	Culture	resolved	该岗位通过创作、演出、编辑、制作或传播文化内容完成工作，归入 Culture。	occupation_meaning:该岗位通过创作、演出、编辑、制作或传播文化内容完成工作，归入 Culture。; author_role_analogy:author L1 Culture
1092	Puppet Designer	Culture	resolved	“Puppet Designer”指艺术创作、文学写作、音乐/舞台/影视制作或文化传播，据此其主要职责属于Culture。	occupation_meaning:Puppet Designer—艺术创作、文学写作、音乐/舞台/影视制作或文化传播
1098	Dental hygienist	Discovery/Science	resolved	该岗位以专业研究、教学、医疗服务或技术开发为核心，属于知识与科学专业职能。	occupation_meaning:该岗位以专业研究、教学、医疗服务或技术开发为核心，属于知识与科学专业职能。; author_role_analogy:author L1 Discovery/Science
1105	Enzymologist	Discovery/Science	resolved	该岗位以专业研究、教学、医疗服务或技术开发为核心，属于知识与科学专业职能。	occupation_meaning:该岗位以专业研究、教学、医疗服务或技术开发为核心，属于知识与科学专业职能。; author_role_analogy:author L1 Discovery/Science
1116	Script supervisor	Culture	resolved	“Script supervisor”指音响、设计/技术、造型等岗位服务于演出、影视或文化作品的制作，按其文化生产功能归类，据此其主要职责属于Culture。	occupation_meaning:Script supervisor—音响、设计/技术、造型等岗位服务于演出、影视或文化作品的制作，按其文化生产功能归类
1126	noblewoman	Leadership	resolved	该岗位履行治理、司法、军事指挥、宗教权威或组织/商业管理职责，归入 Leadership。	occupation_meaning:该岗位履行治理、司法、军事指挥、宗教权威或组织/商业管理职责，归入 Leadership。; author_role_analogy:author L1 Leadership
1139	Orthopaedist	Discovery/Science	resolved	“Orthopaedist”指医疗照护、治疗、诊断及健康专业服务属于医学/专业知识应用，据此其主要职责属于Discovery/Science。	occupation_meaning:Orthopaedist—医疗照护、治疗、诊断及健康专业服务属于医学/专业知识应用
1150	Naval Architect	Discovery/Science	resolved	“Naval Architect”指科学研究、技术设计/开发或学术研究传播以专业知识和技术系统为核心，据此其主要职责属于Discovery/Science。	occupation_meaning:Naval Architect—科学研究、技术设计/开发或学术研究传播以专业知识和技术系统为核心
1157	Softball Player	Sports/Games	resolved	该岗位直接参与竞技项目、竞赛组织、体育训练/裁判或游戏活动，归入 Sports/Games。	occupation_meaning:该岗位直接参与竞技项目、竞赛组织、体育训练/裁判或游戏活动，归入 Sports/Games。; author_role_analogy:author L1 Sports/Games
1168	Emergency physician	Discovery/Science	resolved	“Emergency physician”指急诊医学临床诊断和治疗，据此其主要职责属于Discovery/Science。	occupation_meaning:Emergency physician—急诊医学临床诊断和治疗
1176	Labour leader	Leadership	resolved	该岗位履行治理、司法、军事指挥、宗教权威或组织/商业管理职责，归入 Leadership。	occupation_meaning:该岗位履行治理、司法、军事指挥、宗教权威或组织/商业管理职责，归入 Leadership。; author_role_analogy:author L1 Leadership
1183	Voice Director	Culture	resolved	“Voice Director”指艺术创作、文学写作、音乐/舞台/影视制作或文化传播，据此其主要职责属于Culture。	occupation_meaning:Voice Director—艺术创作、文学写作、音乐/舞台/影视制作或文化传播
1191	Caterer	Other	resolved	该岗位属于一般服务、日常工种、小型经营、家庭身份或其他非四类核心职能，归入 Other。	occupation_meaning:该岗位属于一般服务、日常工种、小型经营、家庭身份或其他非四类核心职能，归入 Other。; author_role_analogy:author L1 Other
1200	United States Naval Aviator	Leadership	resolved	“United States Naval Aviator”指国家政治、公共治理、军事指挥、司法法律或公共政策职能属于领导/治理，据此其主要职责属于Leadership。	occupation_meaning:United States Naval Aviator—国家政治、公共治理、军事指挥、司法法律或公共政策职能属于领导/治理
1208	Notary public	Leadership	resolved	“Notary public”指国家政治、公共治理、军事指挥、司法法律或公共政策职能属于领导/治理，据此其主要职责属于Leadership。	occupation_meaning:Notary public—国家政治、公共治理、军事指挥、司法法律或公共政策职能属于领导/治理
1219	Didgeridooist	Culture	resolved	“Didgeridooist”指艺术创作、文学写作、音乐/舞台/影视制作或文化传播，据此其主要职责属于Culture。	occupation_meaning:Didgeridooist—艺术创作、文学写作、音乐/舞台/影视制作或文化传播
1229	Adjunct Professor	Discovery/Science	resolved	“Adjunct Professor”指教学或学术岗位以专业知识研究、教育或学术传播为核心，据此其主要职责属于Discovery/Science。	occupation_meaning:Adjunct Professor—教学或学术岗位以专业知识研究、教育或学术传播为核心
1236	glass artist	Culture	resolved	“glass artist”指艺术创作、文学写作、音乐/舞台/影视制作或文化传播，据此其主要职责属于Culture。	occupation_meaning:glass artist—艺术创作、文学写作、音乐/舞台/影视制作或文化传播
1241	Bellhop	Other	resolved	该岗位属于一般服务、日常工种、小型经营、家庭身份或其他非四类核心职能，归入 Other。	occupation_meaning:该岗位属于一般服务、日常工种、小型经营、家庭身份或其他非四类核心职能，归入 Other。; author_role_analogy:author L1 Other
1250	Fashion Illustrator	Culture	resolved	“Fashion Illustrator”指艺术创作、文学写作、音乐/舞台/影视制作或文化传播，据此其主要职责属于Culture。	occupation_meaning:Fashion Illustrator—艺术创作、文学写作、音乐/舞台/影视制作或文化传播
1254	Nuclear Physicist	Discovery/Science	resolved	该岗位以专业研究、教学、医疗服务或技术开发为核心，属于知识与科学专业职能。	occupation_meaning:该岗位以专业研究、教学、医疗服务或技术开发为核心，属于知识与科学专业职能。; author_role_analogy:author L1 Discovery/Science
1260	Plantation owner	Leadership	resolved	“Plantation owner”指国家政治、公共治理、军事指挥、司法法律或公共政策职能属于领导/治理，据此其主要职责属于Leadership。	occupation_meaning:Plantation owner—国家政治、公共治理、军事指挥、司法法律或公共政策职能属于领导/治理
1265	Diagnostic radiographer	Discovery/Science	resolved	该岗位以专业研究、教学、医疗服务或技术开发为核心，属于知识与科学专业职能。	occupation_meaning:该岗位以专业研究、教学、医疗服务或技术开发为核心，属于知识与科学专业职能。; author_role_analogy:author L1 Discovery/Science
1272	Graphic Artist (Film job) #1	Culture	resolved	“Graphic Artist (Film job) #1”指艺术创作、文学写作、音乐/舞台/影视制作或文化传播，据此其主要职责属于Culture。	occupation_meaning:Graphic Artist (Film job) #1—艺术创作、文学写作、音乐/舞台/影视制作或文化传播
1278	Silent Film Actress	Culture	resolved	该岗位通过创作、演出、编辑、制作或传播文化内容完成工作，归入 Culture。	occupation_meaning:该岗位通过创作、演出、编辑、制作或传播文化内容完成工作，归入 Culture。; author_role_analogy:author L1 Culture
1286	Fashion Director	Culture	resolved	“Fashion Director”指艺术创作、文学写作、音乐/舞台/影视制作或文化传播，据此其主要职责属于Culture。	occupation_meaning:Fashion Director—艺术创作、文学写作、音乐/舞台/影视制作或文化传播
1300	Taxidermist	Other	resolved	“Taxidermist”指普通经营/服务岗位或一般雇员身份，未表达大型企业治理或专门领域，据此其主要职责属于Other。	occupation_meaning:Taxidermist—普通经营/服务岗位或一般雇员身份，未表达大型企业治理或专门领域
1309	Speculative writer	Culture	resolved	“Speculative writer”指艺术创作、文学写作、音乐/舞台/影视制作或文化传播，据此其主要职责属于Culture。	occupation_meaning:Speculative writer—艺术创作、文学写作、音乐/舞台/影视制作或文化传播
1317	Sketch Artist	Culture	resolved	该岗位通过创作、演出、编辑、制作或传播文化内容完成工作，归入 Culture。	occupation_meaning:该岗位通过创作、演出、编辑、制作或传播文化内容完成工作，归入 Culture。; author_role_analogy:author L1 Culture
1323	Music Programmer	Culture	resolved	“Music Programmer”指艺术创作、文学写作、音乐/舞台/影视制作或文化传播，据此其主要职责属于Culture。	occupation_meaning:Music Programmer—艺术创作、文学写作、音乐/舞台/影视制作或文化传播
1332	Swimming coach	Sports/Games	resolved	“Swimming coach”指体育训练、教练、裁判或运动队竞赛支持属于体育职能，据此其主要职责属于Sports/Games。	occupation_meaning:Swimming coach—体育训练、教练、裁判或运动队竞赛支持属于体育职能
1336	Special Effects Creator	Culture	resolved	该岗位通过创作、演出、编辑、制作或传播文化内容完成工作，归入 Culture。	occupation_meaning:该岗位通过创作、演出、编辑、制作或传播文化内容完成工作，归入 Culture。; author_role_analogy:author L1 Culture
1345	System Administrator	Discovery/Science	resolved	“System Administrator”指计算机系统运维与账户、网络等IT系统管理，据此其主要职责属于Discovery/Science。	occupation_meaning:System Administrator—计算机系统运维与账户、网络等IT系统管理
1352	Logger	Other	resolved	该岗位属于一般服务、日常工种、小型经营、家庭身份或其他非四类核心职能，归入 Other。	occupation_meaning:该岗位属于一般服务、日常工种、小型经营、家庭身份或其他非四类核心职能，归入 Other。; author_role_analogy:author L1 Other
1359	Surgical Nurse	Discovery/Science	resolved	该岗位以专业研究、教学、医疗服务或技术开发为核心，属于知识与科学专业职能。	occupation_meaning:该岗位以专业研究、教学、医疗服务或技术开发为核心，属于知识与科学专业职能。; author_role_analogy:author L1 Discovery/Science
1365	First Assistant Director	Culture	resolved	该岗位通过创作、演出、编辑、制作或传播文化内容完成工作，归入 Culture。	occupation_meaning:该岗位通过创作、演出、编辑、制作或传播文化内容完成工作，归入 Culture。; author_role_analogy:author L1 Culture
1371	Pool Player	Sports/Games	resolved	该岗位直接参与竞技项目、竞赛组织、体育训练/裁判或游戏活动，归入 Sports/Games。	occupation_meaning:该岗位直接参与竞技项目、竞赛组织、体育训练/裁判或游戏活动，归入 Sports/Games。; author_role_analogy:author L1 Sports/Games
1376	Buccaneer	Other	resolved	“Buccaneer”指犯罪、负面声名、成人服务或非正规活动身份归其他社会身份，据此其主要职责属于Other。	occupation_meaning:Buccaneer—犯罪、负面声名、成人服务或非正规活动身份归其他社会身份
1380	Clasics Violin Teacher	Culture	resolved	该岗位通过创作、演出、编辑、制作或传播文化内容完成工作，归入 Culture。	occupation_meaning:该岗位通过创作、演出、编辑、制作或传播文化内容完成工作，归入 Culture。; author_role_analogy:author L1 Culture
1391	Rum-running	Other	resolved	该岗位属于一般服务、日常工种、小型经营、家庭身份或其他非四类核心职能，归入 Other。	occupation_meaning:该岗位属于一般服务、日常工种、小型经营、家庭身份或其他非四类核心职能，归入 Other。; author_role_analogy:author L1 Other
1404	Proofreader	Culture	resolved	“Proofreader”指艺术创作、文学写作、音乐/舞台/影视制作或文化传播，据此其主要职责属于Culture。	occupation_meaning:Proofreader—艺术创作、文学写作、音乐/舞台/影视制作或文化传播
1408	Trampoline Gymnast	Sports/Games	resolved	该岗位直接参与竞技项目、竞赛组织、体育训练/裁判或游戏活动，归入 Sports/Games。	occupation_meaning:该岗位直接参与竞技项目、竞赛组织、体育训练/裁判或游戏活动，归入 Sports/Games。; author_role_analogy:author L1 Sports/Games
1414	Recording Director	Culture	resolved	“Recording Director”指艺术创作、文学写作、音乐/舞台/影视制作或文化传播，据此其主要职责属于Culture。	occupation_meaning:Recording Director—艺术创作、文学写作、音乐/舞台/影视制作或文化传播
1424	Reverand	Leadership	resolved	该岗位履行治理、司法、军事指挥、宗教权威或组织/商业管理职责，归入 Leadership。	occupation_meaning:该岗位履行治理、司法、军事指挥、宗教权威或组织/商业管理职责，归入 Leadership。; author_role_analogy:author L1 Leadership
1432	Theatre consultant	Culture	resolved	“Theatre consultant”指艺术创作、文学写作、音乐/舞台/影视制作或文化传播，据此其主要职责属于Culture。	occupation_meaning:Theatre consultant—艺术创作、文学写作、音乐/舞台/影视制作或文化传播
1440	Head Master	Discovery/Science	resolved	“Head Master”指教学或学术岗位以专业知识研究、教育或学术传播为核心，据此其主要职责属于Discovery/Science。	occupation_meaning:Head Master—教学或学术岗位以专业知识研究、教育或学术传播为核心
1446	B-boy	Culture	resolved	“B-boy”指运动或活动中的表演型艺术仍属文化表演，据此其主要职责属于Culture。	occupation_meaning:B-boy—运动或活动中的表演型艺术仍属文化表演
1455	Dance Educator	Culture	resolved	“Dance Educator”指艺术创作、文学写作、音乐/舞台/影视制作或文化传播，据此其主要职责属于Culture。	occupation_meaning:Dance Educator—艺术创作、文学写作、音乐/舞台/影视制作或文化传播
1464	Light Sculptor	Culture	resolved	“Light Sculptor”指艺术创作、文学写作、音乐/舞台/影视制作或文化传播，据此其主要职责属于Culture。	occupation_meaning:Light Sculptor—艺术创作、文学写作、音乐/舞台/影视制作或文化传播
1470	Vibraphonist	Culture	resolved	“Vibraphonist”指艺术创作、文学写作、音乐/舞台/影视制作或文化传播，据此其主要职责属于Culture。	occupation_meaning:Vibraphonist—艺术创作、文学写作、音乐/舞台/影视制作或文化传播
1479	Rock Musician	Culture	resolved	该岗位通过创作、演出、编辑、制作或传播文化内容完成工作，归入 Culture。	occupation_meaning:该岗位通过创作、演出、编辑、制作或传播文化内容完成工作，归入 Culture。; author_role_analogy:author L1 Culture
1493	Set Painter	Culture	resolved	该岗位通过创作、演出、编辑、制作或传播文化内容完成工作，归入 Culture。	occupation_meaning:该岗位通过创作、演出、编辑、制作或传播文化内容完成工作，归入 Culture。; author_role_analogy:author L1 Culture
1501	Federal judge	Leadership	resolved	该岗位履行治理、司法、军事指挥、宗教权威或组织/商业管理职责，归入 Leadership。	occupation_meaning:该岗位履行治理、司法、军事指挥、宗教权威或组织/商业管理职责，归入 Leadership。; author_role_analogy:author L1 Leadership
1516	Information security	Discovery/Science	resolved	该岗位以专业研究、教学、医疗服务或技术开发为核心，属于知识与科学专业职能。	occupation_meaning:该岗位以专业研究、教学、医疗服务或技术开发为核心，属于知识与科学专业职能。; author_role_analogy:author L1 Discovery/Science
1521	Video journalist	Culture	resolved	“Video journalist”指艺术创作、文学写作、音乐/舞台/影视制作或文化传播，据此其主要职责属于Culture。	occupation_meaning:Video journalist—艺术创作、文学写作、音乐/舞台/影视制作或文化传播
1529	Printmaker (Music Artist)	Culture	resolved	“Printmaker (Music Artist)”指艺术创作、文学写作、音乐/舞台/影视制作或文化传播，据此其主要职责属于Culture。	occupation_meaning:Printmaker (Music Artist)—艺术创作、文学写作、音乐/舞台/影视制作或文化传播
1538	Bonesetter	Discovery/Science	resolved	该岗位以专业研究、教学、医疗服务或技术开发为核心，属于知识与科学专业职能。	occupation_meaning:该岗位以专业研究、教学、医疗服务或技术开发为核心，属于知识与科学专业职能。; author_role_analogy:author L1 Discovery/Science
1543	Martial Artist Teacher	Sports/Games	resolved	“Martial Artist Teacher”指教练具体教授武术技艺，核心是竞技武术训练，据此其主要职责属于Sports/Games。	occupation_meaning:Martial Artist Teacher—教练具体教授武术技艺，核心是竞技武术训练
1551	Secret police	Leadership	resolved	该岗位履行治理、司法、军事指挥、宗教权威或组织/商业管理职责，归入 Leadership。	occupation_meaning:该岗位履行治理、司法、军事指挥、宗教权威或组织/商业管理职责，归入 Leadership。; author_role_analogy:author L1 Leadership
1556	Hair and Makeup Artist	Culture	resolved	“Hair and Makeup Artist”指艺术创作、文学写作、音乐/舞台/影视制作或文化传播，据此其主要职责属于Culture。	occupation_meaning:Hair and Makeup Artist—艺术创作、文学写作、音乐/舞台/影视制作或文化传播
1561	Assistant Teacher	Discovery/Science	resolved	该岗位以专业研究、教学、医疗服务或技术开发为核心，属于知识与科学专业职能。	occupation_meaning:该岗位以专业研究、教学、医疗服务或技术开发为核心，属于知识与科学专业职能。; author_role_analogy:author L1 Discovery/Science
1567	Impressionist (Profession) #3	Culture	resolved	“Impressionist (Profession) #3”指艺术创作、文学写作、音乐/舞台/影视制作或文化传播，据此其主要职责属于Culture。	occupation_meaning:Impressionist (Profession) #3—艺术创作、文学写作、音乐/舞台/影视制作或文化传播
1574	Police commissioner	Leadership	resolved	“Police commissioner”指国家政治、公共治理、军事指挥、司法法律或公共政策职能属于领导/治理，据此其主要职责属于Leadership。	occupation_meaning:Police commissioner—国家政治、公共治理、军事指挥、司法法律或公共政策职能属于领导/治理
1581	Information technology management	Leadership	resolved	该岗位履行治理、司法、军事指挥、宗教权威或组织/商业管理职责，归入 Leadership。	occupation_meaning:该岗位履行治理、司法、军事指挥、宗教权威或组织/商业管理职责，归入 Leadership。; author_role_analogy:author L1 Leadership
1586	Health Authority Wages Clerk	Other	resolved	“Health Authority Wages Clerk”指普通服务、手工业、劳务或日常职业不属于四个专门领域，据此其主要职责属于Other。	occupation_meaning:Health Authority Wages Clerk—普通服务、手工业、劳务或日常职业不属于四个专门领域
1593	media & culture scientist	Discovery/Science	resolved	该岗位以专业研究、教学、医疗服务或技术开发为核心，属于知识与科学专业职能。	occupation_meaning:该岗位以专业研究、教学、医疗服务或技术开发为核心，属于知识与科学专业职能。; author_role_analogy:author L1 Discovery/Science
1600	Waste collector	Other	resolved	该岗位属于一般服务、日常工种、小型经营、家庭身份或其他非四类核心职能，归入 Other。	occupation_meaning:该岗位属于一般服务、日常工种、小型经营、家庭身份或其他非四类核心职能，归入 Other。; author_role_analogy:author L1 Other
1605	Investment advisor	Leadership	resolved	“Investment advisor”指企业经营、公司高管、金融或商业管理职责属于领导/商业治理，据此其主要职责属于Leadership。	occupation_meaning:Investment advisor—企业经营、公司高管、金融或商业管理职责属于领导/商业治理
1609	Character Modeler	Culture	resolved	该岗位通过创作、演出、编辑、制作或传播文化内容完成工作，归入 Culture。	occupation_meaning:该岗位通过创作、演出、编辑、制作或传播文化内容完成工作，归入 Culture。; author_role_analogy:author L1 Culture
1615	Dramaturgist	Culture	resolved	该岗位通过创作、演出、编辑、制作或传播文化内容完成工作，归入 Culture。	occupation_meaning:该岗位通过创作、演出、编辑、制作或传播文化内容完成工作，归入 Culture。; author_role_analogy:author L1 Culture
1624	Pyrotechnics Supervisor	Culture	resolved	“Pyrotechnics Supervisor”指音响、设计/技术、造型等岗位服务于演出、影视或文化作品的制作，按其文化生产功能归类，据此其主要职责属于Culture。	occupation_meaning:Pyrotechnics Supervisor—音响、设计/技术、造型等岗位服务于演出、影视或文化作品的制作，按其文化生产功能归类
1630	Mother (Profession)	Other	resolved	“Mother (Profession)”指非正式组织/家庭身份或普通职业身份，据此其主要职责属于Other。	occupation_meaning:Mother (Profession)—非正式组织/家庭身份或普通职业身份
1634	Make-up artist	Culture	resolved	该岗位通过创作、演出、编辑、制作或传播文化内容完成工作，归入 Culture。	occupation_meaning:该岗位通过创作、演出、编辑、制作或传播文化内容完成工作，归入 Culture。; author_role_analogy:author L1 Culture
1643	Bank manager	Leadership	resolved	该岗位履行治理、司法、军事指挥、宗教权威或组织/商业管理职责，归入 Leadership。	occupation_meaning:该岗位履行治理、司法、军事指挥、宗教权威或组织/商业管理职责，归入 Leadership。; author_role_analogy:author L1 Leadership
1652	Pub Owner	Other	resolved	该岗位属于一般服务、日常工种、小型经营、家庭身份或其他非四类核心职能，归入 Other。	occupation_meaning:该岗位属于一般服务、日常工种、小型经营、家庭身份或其他非四类核心职能，归入 Other。; author_role_analogy:author L1 Other
1659	Park ranger	Other	resolved	该岗位属于一般服务、日常工种、小型经营、家庭身份或其他非四类核心职能，归入 Other。	occupation_meaning:该岗位属于一般服务、日常工种、小型经营、家庭身份或其他非四类核心职能，归入 Other。; author_role_analogy:author L1 Other
1665	Kathak Dancer	Culture	resolved	该岗位通过创作、演出、编辑、制作或传播文化内容完成工作，归入 Culture。	occupation_meaning:该岗位通过创作、演出、编辑、制作或传播文化内容完成工作，归入 Culture。; author_role_analogy:author L1 Culture
1675	Curriculum Director	Discovery/Science	resolved	该岗位以专业研究、教学、医疗服务或技术开发为核心，属于知识与科学专业职能。	occupation_meaning:该岗位以专业研究、教学、医疗服务或技术开发为核心，属于知识与科学专业职能。; author_role_analogy:author L1 Discovery/Science
1704	Android software development	Discovery/Science	resolved	“Android software development”指科学研究、技术设计/开发或学术研究传播以专业知识和技术系统为核心，据此其主要职责属于Discovery/Science。	occupation_meaning:Android software development—科学研究、技术设计/开发或学术研究传播以专业知识和技术系统为核心
1714	Roller Skater	Sports/Games	resolved	“Roller Skater”指竞技运动员、赛车/球类/搏击等赛事参与者属于体育，据此其主要职责属于Sports/Games。	occupation_meaning:Roller Skater—竞技运动员、赛车/球类/搏击等赛事参与者属于体育
1726	Investment banking	Leadership	resolved	“Investment banking”指企业经营、公司高管、金融或商业管理职责属于领导/商业治理，据此其主要职责属于Leadership。	occupation_meaning:Investment banking—企业经营、公司高管、金融或商业管理职责属于领导/商业治理
1733	Solicitor advocate	Leadership	resolved	该岗位履行治理、司法、军事指挥、宗教权威或组织/商业管理职责，归入 Leadership。	occupation_meaning:该岗位履行治理、司法、军事指挥、宗教权威或组织/商业管理职责，归入 Leadership。; author_role_analogy:author L1 Leadership
1742	Ethnobotanist	Discovery/Science	resolved	“Ethnobotanist”指科学探索/环境保护以生态、物种或自然科学知识为主要手段，据此其主要职责属于Discovery/Science。	occupation_meaning:Ethnobotanist—科学探索/环境保护以生态、物种或自然科学知识为主要手段
1750	Rails Developer	Discovery/Science	resolved	“Rails Developer”指科学研究、技术设计/开发或学术研究传播以专业知识和技术系统为核心，据此其主要职责属于Discovery/Science。	occupation_meaning:Rails Developer—科学研究、技术设计/开发或学术研究传播以专业知识和技术系统为核心
1757	Veterinary Technician	Discovery/Science	resolved	“Veterinary Technician”指医疗照护、治疗、诊断及健康专业服务属于医学/专业知识应用，据此其主要职责属于Discovery/Science。	occupation_meaning:Veterinary Technician—医疗照护、治疗、诊断及健康专业服务属于医学/专业知识应用
1761	Central Intelligence Agency Officer	Leadership	resolved	该岗位履行治理、司法、军事指挥、宗教权威或组织/商业管理职责，归入 Leadership。	occupation_meaning:该岗位履行治理、司法、军事指挥、宗教权威或组织/商业管理职责，归入 Leadership。; author_role_analogy:author L1 Leadership
1766	Call Center Agent	Other	resolved	“Call Center Agent”指普通服务、手工业、劳务或日常职业不属于四个专门领域，据此其主要职责属于Other。	occupation_meaning:Call Center Agent—普通服务、手工业、劳务或日常职业不属于四个专门领域
1772	Physician assistant	Discovery/Science	resolved	“Physician assistant”指医疗照护、治疗、诊断及健康专业服务属于医学/专业知识应用，据此其主要职责属于Discovery/Science。	occupation_meaning:Physician assistant—医疗照护、治疗、诊断及健康专业服务属于医学/专业知识应用
1777	Rocket scientist	Discovery/Science	resolved	该岗位以专业研究、教学、医疗服务或技术开发为核心，属于知识与科学专业职能。	occupation_meaning:该岗位以专业研究、教学、医疗服务或技术开发为核心，属于知识与科学专业职能。; author_role_analogy:author L1 Discovery/Science
1782	Architectural Sculptor	Culture	resolved	“Architectural Sculptor”指艺术创作、文学写作、音乐/舞台/影视制作或文化传播，据此其主要职责属于Culture。	occupation_meaning:Architectural Sculptor—艺术创作、文学写作、音乐/舞台/影视制作或文化传播
1788	Peddler	Other	resolved	该岗位属于一般服务、日常工种、小型经营、家庭身份或其他非四类核心职能，归入 Other。	occupation_meaning:该岗位属于一般服务、日常工种、小型经营、家庭身份或其他非四类核心职能，归入 Other。; author_role_analogy:author L1 Other
1794	Animal control service	Other	resolved	“Animal control service”指普通服务、手工业、劳务或日常职业不属于四个专门领域，据此其主要职责属于Other。	occupation_meaning:Animal control service—普通服务、手工业、劳务或日常职业不属于四个专门领域
1798	Audio Dramatist	Culture	resolved	该岗位通过创作、演出、编辑、制作或传播文化内容完成工作，归入 Culture。	occupation_meaning:该岗位通过创作、演出、编辑、制作或传播文化内容完成工作，归入 Culture。; author_role_analogy:author L1 Culture
1808	IT/Software Developer	Discovery/Science	resolved	“IT/Software Developer”指科学研究、技术设计/开发或学术研究传播以专业知识和技术系统为核心，据此其主要职责属于Discovery/Science。	occupation_meaning:IT/Software Developer—科学研究、技术设计/开发或学术研究传播以专业知识和技术系统为核心
