rank	raw_value	graph_people	normalized_label	lookup_method	match_status	candidate_level1	candidate_level2	candidate_parent_pairs_json	candidate_level1_count	candidate_level2_count	candidate_keywords_json	selected_rule_priorities_json	all_substring_parent_pairs_json	all_substring_rule_priorities_json	author_first_match_level1	author_first_match_level2	author_first_match_keyword	exact_overrides_first_match_l1	exact_overrides_first_match_parent	observed_main_reference_json	observed_reference_disagrees	observed_reference_l1_disagrees	lookup_flags_json	previous_llm_level1	previous_llm_status	previous_llm_confidence	previous_llm_comparison	review_flags_json	auxiliary_reference_only_without_author_rule	mapping_version	label_status	sample_people_json
110	Disc jockey	269	disc_jockey	author_substring	substring_unique_candidate	Sports/Games	Sports/Games	"[[""Sports/Games"",""Sports/Games""]]"	1	1	"[""jockey""]"	[144]	"[[""Sports/Games"",""Sports/Games""]]"	[144]	Sports/Games	Sports/Games	jockey	0	0	[]	0	0	"[""substring_requires_transfer_review""]"	Culture	proposed	high	differs_from_previous_llm	"[""substring_requires_transfer_review"",""previous_llm_l1_disagreement""]"	0	freebase_bhht_author_lookup_v1	lookup_candidate_not_frozen	"[""100 Kila"", ""A-Trak"", ""Adam F""]"
143	Keyboard player	169	keyboard_player	author_substring	substring_unique_candidate	Sports/Games	Sports/Games	"[[""Sports/Games"",""Sports/Games""]]"	1	1	"[""player""]"	[189]	"[[""Sports/Games"",""Sports/Games""]]"	[189]	Sports/Games	Sports/Games	player	0	0	[]	0	0	"[""substring_requires_transfer_review""]"	Culture	proposed	high	differs_from_previous_llm	"[""substring_requires_transfer_review"",""previous_llm_l1_disagreement""]"	0	freebase_bhht_author_lookup_v1	lookup_candidate_not_frozen	"[""Abhijit Pohankar"", ""Adam Wakeman"", ""Al De Lory""]"
281	Acting Coach	42	acting_coach	author_substring	substring_unique_candidate	Sports/Games	Sports/Games	"[[""Sports/Games"",""Sports/Games""]]"	1	1	"[""coach""]"	[75]	"[[""Sports/Games"",""Sports/Games""]]"	[75]	Sports/Games	Sports/Games	coach	0	0	[]	0	0	"[""substring_requires_transfer_review""]"	Culture	proposed	high	differs_from_previous_llm	"[""substring_requires_transfer_review"",""previous_llm_l1_disagreement""]"	0	freebase_bhht_author_lookup_v1	lookup_candidate_not_frozen	"[""Anne Jackson"", ""Arlene Martel"", ""Biff Elliot""]"
301	Magician	36	magician	author_substring	substring_unique_candidate	Other	Other	"[[""Other"",""Other""]]"	1	1	"[""magic""]"	[1833]	"[[""Other"",""Other""]]"	[1833]	Other	Other	magic	0	0	[]	0	0	"[""substring_requires_transfer_review""]"	Culture	proposed	medium	differs_from_previous_llm	"[""substring_requires_transfer_review"",""previous_llm_l1_disagreement""]"	0	freebase_bhht_author_lookup_v1	lookup_candidate_not_frozen	"[""Alan Moore"", ""Carl Ballantine"", ""Christian Fechner""]"
388	Stripper	21	stripper	author_exact	exact_unique	Other	Other	"[[""Other"",""Other""]]"	1	1	"[""stripper""]"	[1878]	"[[""Other"",""Other""]]"	[1878]	Other	Other	stripper	0	0	"[{""level1"":""Other"",""level2"":""Other"",""level3"":""stripper"",""person_count"":4,""example_wikidata_codes"":""Q1592564|Q17489818|Q2939826""}]"	0	0	[]	Culture	proposed	medium	differs_from_previous_llm	"[""previous_llm_l1_disagreement""]"	0	freebase_bhht_author_lookup_v1	lookup_candidate_not_frozen	"[""Anna Nicole Smith"", ""Annie Sprinkle"", ""Anniqua Forss""]"
405	Ice dancer	19	ice_dancer	author_substring	substring_unique_candidate	Culture	Culture-core	"[[""Culture"",""Culture-core""]]"	1	1	"[""dancer""]"	[410]	"[[""Culture"",""Culture-core""]]"	[410]	Culture	Culture-core	dancer	0	0	[]	0	0	"[""substring_requires_transfer_review""]"	Sports/Games	proposed	high	differs_from_previous_llm	"[""substring_requires_transfer_review"",""previous_llm_l1_disagreement""]"	0	freebase_bhht_author_lookup_v1	lookup_candidate_not_frozen	"[""Alexander Zhulin"", ""Alexandra Zaretsky"", ""Carolina Hermann""]"
425	Vocal coach	16	vocal_coach	author_substring	substring_unique_candidate	Sports/Games	Sports/Games	"[[""Sports/Games"",""Sports/Games""]]"	1	1	"[""coach""]"	[75]	"[[""Sports/Games"",""Sports/Games""]]"	[75]	Sports/Games	Sports/Games	coach	0	0	[]	0	0	"[""substring_requires_transfer_review""]"	Culture	proposed	high	differs_from_previous_llm	"[""substring_requires_transfer_review"",""previous_llm_l1_disagreement""]"	0	freebase_bhht_author_lookup_v1	lookup_candidate_not_frozen	"[""Adam Levine"", ""Adriana McPhee"", ""Bob Corff""]"
468	TV chef	13	tv_chef	author_substring	substring_unique_candidate	Other	Worker/Business (small)	"[[""Other"",""Worker/Business (small)""]]"	1	1	"[""_chef_""]"	[1444]	"[[""Other"",""Worker/Business (small)""]]"	[1444]	Other	Worker/Business (small)	_chef_	0	0	[]	0	0	"[""substring_requires_transfer_review""]"	Culture	proposed	high	differs_from_previous_llm	"[""substring_requires_transfer_review"",""previous_llm_l1_disagreement""]"	0	freebase_bhht_author_lookup_v1	lookup_candidate_not_frozen	"[""Aileen Paul"", ""Alessandro Borghese"", ""Cat Cora""]"
479	Recording Engineer (Film job)	13	recording_engineer_(film_job)	author_substring	substring_unique_candidate	Discovery/Science	Explorer/Inventor/Developer	"[[""Discovery/Science"",""Explorer/Inventor/Developer""]]"	1	1	"[""engineer""]"	[1187]	"[[""Discovery/Science"",""Explorer/Inventor/Developer""]]"	[1187]	Discovery/Science	Explorer/Inventor/Developer	engineer	0	0	[]	0	0	"[""substring_requires_transfer_review""]"	Culture	proposed	high	differs_from_previous_llm	"[""substring_requires_transfer_review"",""previous_llm_l1_disagreement""]"	0	freebase_bhht_author_lookup_v1	lookup_candidate_not_frozen	"[""Cruz Martínez"", ""Ethan Johns"", ""Eugene Chaplin""]"
506	Impersonator	11	impersonator	author_exact	exact_unique	Other	Other	"[[""Other"",""Other""]]"	1	1	"[""impersonator""]"	[1822]	"[[""Other"",""Other""]]"	[1822]	Other	Other	impersonator	0	0	"[{""level1"":""Other"",""level2"":""Other"",""level3"":""impersonator"",""person_count"":24,""example_wikidata_codes"":""Q1495549|Q16015478|Q17436023""}]"	0	0	[]	Culture	proposed	high	differs_from_previous_llm	"[""previous_llm_l1_disagreement""]"	0	freebase_bhht_author_lookup_v1	lookup_candidate_not_frozen	"[""Alighiero Noschese"", ""Arthur Lupino"", ""Breno Moroni""]"
538	Sound Technician	10	sound_technician	author_substring	substring_unique_candidate	Other	Worker/Business (small)	"[[""Other"",""Worker/Business (small)""]]"	1	1	"[""technician""]"	[1698]	"[[""Other"",""Worker/Business (small)""]]"	[1698]	Other	Worker/Business (small)	technician	0	0	[]	0	0	"[""substring_requires_transfer_review""]"	Culture	proposed	medium	differs_from_previous_llm	"[""substring_requires_transfer_review"",""previous_llm_l1_disagreement""]"	0	freebase_bhht_author_lookup_v1	lookup_candidate_not_frozen	"[""Antonis Samaras (Actor)"", ""Claudine Nougaret"", ""Denise Batcheff""]"
547	Mixing engineer	10	mixing_engineer	author_substring	substring_unique_candidate	Discovery/Science	Explorer/Inventor/Developer	"[[""Discovery/Science"",""Explorer/Inventor/Developer""]]"	1	1	"[""engineer""]"	[1187]	"[[""Discovery/Science"",""Explorer/Inventor/Developer""]]"	[1187]	Discovery/Science	Explorer/Inventor/Developer	engineer	0	0	[]	0	0	"[""substring_requires_transfer_review""]"	Culture	proposed	medium	differs_from_previous_llm	"[""substring_requires_transfer_review"",""previous_llm_l1_disagreement""]"	0	freebase_bhht_author_lookup_v1	lookup_candidate_not_frozen	"[""Charles de Montebello"", ""Ethan Johns"", ""Gene Paul""]"
558	Dialect coach	9	dialect_coach	author_substring	substring_unique_candidate	Sports/Games	Sports/Games	"[[""Sports/Games"",""Sports/Games""]]"	1	1	"[""coach""]"	[75]	"[[""Sports/Games"",""Sports/Games""]]"	[75]	Sports/Games	Sports/Games	coach	0	0	[]	0	0	"[""substring_requires_transfer_review""]"	Culture	proposed	high	differs_from_previous_llm	"[""substring_requires_transfer_review"",""previous_llm_l1_disagreement""]"	0	freebase_bhht_author_lookup_v1	lookup_candidate_not_frozen	"[""Andrew Jack (Actor)"", ""Bob Corff"", ""Chip Fields""]"
625	Aircraft designer	7	aircraft_designer	author_substring	substring_unique_candidate	Culture	Culture-periphery	"[[""Culture"",""Culture-periphery""]]"	1	1	"[""designer""]"	[606]	"[[""Culture"",""Culture-periphery""]]"	[606]	Culture	Culture-periphery	designer	0	0	[]	0	0	"[""substring_requires_transfer_review""]"	Discovery/Science	proposed	medium	differs_from_previous_llm	"[""substring_requires_transfer_review"",""previous_llm_l1_disagreement""]"	0	freebase_bhht_author_lookup_v1	lookup_candidate_not_frozen	"[""Alan Lee Klapmeier"", ""Dale Edward Klapmeier"", ""Eduardo Aldasoro""]"
721	Magician (Profession) #81	5	magician_(profession)_#81	author_substring	substring_unique_candidate	Other	Other	"[[""Other"",""Other""]]"	1	1	"[""magic""]"	[1833]	"[[""Other"",""Other""]]"	[1833]	Other	Other	magic	0	0	[]	0	0	"[""substring_requires_transfer_review""]"	Culture	proposed	medium	differs_from_previous_llm	"[""substring_requires_transfer_review"",""previous_llm_l1_disagreement""]"	0	freebase_bhht_author_lookup_v1	lookup_candidate_not_frozen	"[""Andy Gross (Actor)"", ""David Wood (Dramatist)"", ""Jeff Altman""]"
743	Voice coach	5	voice_coach	author_substring	substring_unique_candidate	Sports/Games	Sports/Games	"[[""Sports/Games"",""Sports/Games""]]"	1	1	"[""coach""]"	[75]	"[[""Sports/Games"",""Sports/Games""]]"	[75]	Sports/Games	Sports/Games	coach	0	0	[]	0	0	"[""substring_requires_transfer_review""]"	Culture	proposed	high	differs_from_previous_llm	"[""substring_requires_transfer_review"",""previous_llm_l1_disagreement""]"	0	freebase_bhht_author_lookup_v1	lookup_candidate_not_frozen	"[""Blake Shelton"", ""John W. Bullock"", ""Loredana Groza""]"
794	Court clerk	4	court_clerk	author_substring	substring_unique_candidate	Other	Worker/Business (small)	"[[""Other"",""Worker/Business (small)""]]"	1	1	"[""_clerk""]"	[1446]	"[[""Other"",""Worker/Business (small)""]]"	[1446]	Other	Worker/Business (small)	_clerk	0	0	[]	0	0	"[""substring_requires_transfer_review""]"	Leadership	proposed	high	differs_from_previous_llm	"[""substring_requires_transfer_review"",""previous_llm_l1_disagreement""]"	0	freebase_bhht_author_lookup_v1	lookup_candidate_not_frozen	"[""Amal Clooney"", ""John Baker White (Army officer)"", ""Nehemiah R. Knight""]"
811	Software Architect	4	software_architect	author_substring	substring_unique_candidate	Culture	Culture-periphery	"[[""Culture"",""Culture-periphery""]]"	1	1	"[""architect""]"	[586]	"[[""Culture"",""Culture-periphery""]]"	[586]	Culture	Culture-periphery	architect	0	0	[]	0	0	"[""substring_requires_transfer_review""]"	Discovery/Science	proposed	medium	differs_from_previous_llm	"[""substring_requires_transfer_review"",""previous_llm_l1_disagreement""]"	0	freebase_bhht_author_lookup_v1	lookup_candidate_not_frozen	"[""Bill Gates"", ""Brad Templeton"", ""Thomas Knoll""]"
848	Tax collector	4	tax_collector	author_substring	substring_unique_candidate	Culture	Culture-core	"[[""Culture"",""Culture-core""]]"	1	1	"[""collector""]"	[391]	"[[""Culture"",""Culture-core""]]"	[391]	Culture	Culture-core	collector	0	0	[]	0	0	"[""substring_requires_transfer_review""]"	Leadership	proposed	high	differs_from_previous_llm	"[""substring_requires_transfer_review"",""previous_llm_l1_disagreement""]"	0	freebase_bhht_author_lookup_v1	lookup_candidate_not_frozen	"[""Geórgios Theotokópoulos"", ""Joseph-Aristide Bataille"", ""Leo Raubal""]"
925	News analyst	3	news_analyst	author_substring	substring_unique_candidate	Other	Worker/Business (small)	"[[""Other"",""Worker/Business (small)""]]"	1	1	"[""analyst""]"	[1514]	"[[""Other"",""Worker/Business (small)""]]"	[1514]	Other	Worker/Business (small)	analyst	0	0	[]	0	0	"[""substring_requires_transfer_review""]"	Culture	proposed	medium	differs_from_previous_llm	"[""substring_requires_transfer_review"",""previous_llm_l1_disagreement""]"	0	freebase_bhht_author_lookup_v1	lookup_candidate_not_frozen	"[""Dee Dee Myers"", ""Haynes Johnson"", ""Marvin Kalb""]"
927	Midwife	3	midwife	author_exact	exact_unique	Other	Worker/Business (small)	"[[""Other"",""Worker/Business (small)""]]"	1	1	"[""midwife""]"	[1655]	"[[""Other"",""Worker/Business (small)""]]"	[1655]	Other	Worker/Business (small)	midwife	0	0	"[{""level1"":""Other"",""level2"":""Worker/Business (small)"",""level3"":""midwife"",""person_count"":113,""example_wikidata_codes"":""Q108907|Q121994|Q14240059""}]"	0	0	[]	Discovery/Science	proposed	high	differs_from_previous_llm	"[""previous_llm_l1_disagreement""]"	0	freebase_bhht_author_lookup_v1	lookup_candidate_not_frozen	"[""Dorothy Ella"", ""Joanne Ridley"", ""Sharon Robinson (Educator)""]"
942	Detective	3	detective	author_exact	exact_unique	Other	Worker/Business (small)	"[[""Other"",""Worker/Business (small)""]]"	1	1	"[""_detective""]"	[1451]	"[[""Other"",""Worker/Business (small)""]]"	[1451]	Other	Worker/Business (small)	_detective	0	0	"[{""level1"":""Other"",""level2"":""Worker/Business (small)"",""level3"":""detective"",""person_count"":41,""example_wikidata_codes"":""Q122818|Q15991575|Q16018908""}]"	0	0	[]	Leadership	proposed	high	differs_from_previous_llm	"[""previous_llm_l1_disagreement""]"	0	freebase_bhht_author_lookup_v1	lookup_candidate_not_frozen	"[""Frank Serpico"", ""Richard Romano"", ""Rudy Diaz (Actor)""]"
947	telecommunications expert	3	telecommunications_expert	author_substring	substring_unique_candidate	Other	Worker/Business (small)	"[[""Other"",""Worker/Business (small)""]]"	1	1	"[""communication""]"	[1564]	"[[""Other"",""Worker/Business (small)""]]"	[1564]	Other	Worker/Business (small)	communication	0	0	[]	0	0	"[""substring_requires_transfer_review""]"	Discovery/Science	proposed	high	differs_from_previous_llm	"[""substring_requires_transfer_review"",""previous_llm_l1_disagreement""]"	0	freebase_bhht_author_lookup_v1	lookup_candidate_not_frozen	"[""Gene Autry"", ""Lyudmila Garmash"", ""Pierre Clémenti""]"
959	Scholar-official	3	scholar-official	author_substring	substring_unique_candidate	Discovery/Science	Academia	"[[""Discovery/Science"",""Academia""]]"	1	1	"[""scholar""]"	[890]	"[[""Discovery/Science"",""Academia""]]"	[890]	Discovery/Science	Academia	scholar	0	0	[]	0	0	"[""substring_requires_transfer_review""]"	Leadership	proposed	high	differs_from_previous_llm	"[""substring_requires_transfer_review"",""previous_llm_l1_disagreement""]"	0	freebase_bhht_author_lookup_v1	lookup_candidate_not_frozen	"[""He Yan"", ""Moshe Greenberg"", ""Paul Pimsleur""]"
989	Burlesque stripper	3	burlesque_stripper	author_substring	substring_unique_candidate	Other	Other	"[[""Other"",""Other""]]"	1	1	"[""stripper""]"	[1878]	"[[""Other"",""Other""]]"	[1878]	Other	Other	stripper	0	0	[]	0	0	"[""substring_requires_transfer_review""]"	Culture	proposed	high	differs_from_previous_llm	"[""substring_requires_transfer_review"",""previous_llm_l1_disagreement""]"	0	freebase_bhht_author_lookup_v1	lookup_candidate_not_frozen	"[""Lili St. Cyr"", ""Zen (Actor)"", ""Zero (Actor)""]"
994	Test pilot	3	test_pilot	author_exact	exact_unique	Leadership	Military	"[[""Leadership"",""Military""]]"	1	1	"[""test_pilot""]"	[1426]	"[[""Leadership"",""Military""]]"	[1426]	Leadership	Military	test_pilot	0	0	"[{""level1"":""Leadership"",""level2"":""Military"",""level3"":""test_pilot"",""person_count"":189,""example_wikidata_codes"":""Q1082284|Q11288719|Q1256348""}]"	0	0	[]	Discovery/Science	proposed	medium	differs_from_previous_llm	"[""previous_llm_l1_disagreement""]"	0	freebase_bhht_author_lookup_v1	lookup_candidate_not_frozen	"[""Michael Collins"", ""Neil Armstrong"", ""W. Paul Thayer""]"
1045	Quantitative analyst	2	quantitative_analyst	author_substring	substring_unique_candidate	Other	Worker/Business (small)	"[[""Other"",""Worker/Business (small)""]]"	1	1	"[""analyst""]"	[1514]	"[[""Other"",""Worker/Business (small)""]]"	[1514]	Other	Worker/Business (small)	analyst	0	0	[]	0	0	"[""substring_requires_transfer_review""]"	Discovery/Science	proposed	medium	differs_from_previous_llm	"[""substring_requires_transfer_review"",""previous_llm_l1_disagreement""]"	0	freebase_bhht_author_lookup_v1	lookup_candidate_not_frozen	"[""Benjamin Azose"", ""Jesse Robert Stone""]"
1072	Defense policy analyst	2	defense_policy_analyst	author_substring	substring_unique_candidate	Other	Worker/Business (small)	"[[""Other"",""Worker/Business (small)""]]"	1	1	"[""analyst""]"	[1514]	"[[""Other"",""Worker/Business (small)""]]"	[1514]	Other	Worker/Business (small)	analyst	0	0	[]	0	0	"[""substring_requires_transfer_review""]"	Leadership	proposed	medium	differs_from_previous_llm	"[""substring_requires_transfer_review"",""previous_llm_l1_disagreement""]"	0	freebase_bhht_author_lookup_v1	lookup_candidate_not_frozen	"[""Chris Morris (Novelist)"", ""Janet Morris""]"
1085	Environmental health officer	2	environmental_health_officer	author_substring	substring_unique_candidate	Leadership	Military	"[[""Leadership"",""Military""]]"	1	1	"[""officer_""]"	[1412]	"[[""Leadership"",""Military""]]"	[1412]	Leadership	Military	officer_	0	0	[]	0	0	"[""substring_requires_transfer_review""]"	Discovery/Science	proposed	high	differs_from_previous_llm	"[""substring_requires_transfer_review"",""previous_llm_l1_disagreement""]"	0	freebase_bhht_author_lookup_v1	lookup_candidate_not_frozen	"[""Denise Williams (Person)"", ""Paul Williams (Person) #16""]"
1088	Drag queen	2	drag_queen	author_substring	substring_unique_candidate	Leadership	Nobility	"[[""Leadership"",""Nobility""]]"	1	1	"[""_queen_""]"	[1122]	"[[""Leadership"",""Nobility""]]"	[1122]	Leadership	Nobility	_queen_	0	0	[]	0	0	"[""substring_requires_transfer_review""]"	Culture	proposed	high	differs_from_previous_llm	"[""substring_requires_transfer_review"",""previous_llm_l1_disagreement""]"	0	freebase_bhht_author_lookup_v1	lookup_candidate_not_frozen	"[""Divine"", ""James St. James""]"
1146	Road manager	2	road_manager	author_substring	substring_unique_candidate	Leadership	Corporate/Executive/Business (large)	"[[""Leadership"",""Corporate/Executive/Business (large)""]]"	1	1	"[""manager""]"	[1234]	"[[""Leadership"",""Corporate/Executive/Business (large)""]]"	[1234]	Leadership	Corporate/Executive/Business (large)	manager	0	0	[]	0	0	"[""substring_requires_transfer_review""]"	Culture	proposed	high	differs_from_previous_llm	"[""substring_requires_transfer_review"",""previous_llm_l1_disagreement""]"	0	freebase_bhht_author_lookup_v1	lookup_candidate_not_frozen	"[""Howard Bellamy"", ""Peter Watts (Audio engineer)""]"
1155	Mental health counselor	2	mental_health_counselor	author_substring	substring_unique_candidate	Other	Worker/Business (small)	"[[""Other"",""Worker/Business (small)""]]"	1	1	"[""counselor""]"	[1571]	"[[""Other"",""Worker/Business (small)""]]"	[1571]	Other	Worker/Business (small)	counselor	0	0	[]	0	0	"[""substring_requires_transfer_review""]"	Discovery/Science	proposed	high	differs_from_previous_llm	"[""substring_requires_transfer_review"",""previous_llm_l1_disagreement""]"	0	freebase_bhht_author_lookup_v1	lookup_candidate_not_frozen	"[""Je'Niece Childress"", ""Kent S. Slayton""]"
1161	Special Needs Counsellor	2	special_needs_counsellor	author_substring	substring_unique_candidate	Other	Worker/Business (small)	"[[""Other"",""Worker/Business (small)""]]"	1	1	"[""counsellor""]"	[1570]	"[[""Other"",""Worker/Business (small)""]]"	[1570]	Other	Worker/Business (small)	counsellor	0	0	[]	0	0	"[""substring_requires_transfer_review""]"	Discovery/Science	proposed	high	differs_from_previous_llm	"[""substring_requires_transfer_review"",""previous_llm_l1_disagreement""]"	0	freebase_bhht_author_lookup_v1	lookup_candidate_not_frozen	"[""Jocelyn Hammer"", ""Lucinda Gail Finlayson""]"
1202	Pilot trainer	2	pilot_trainer	author_substring	substring_unique_candidate	Sports/Games	Sports/Games	"[[""Sports/Games"",""Sports/Games""]]"	1	1	"[""trainer""]"	[277]	"[[""Sports/Games"",""Sports/Games""]]"	[277]	Sports/Games	Sports/Games	trainer	0	0	[]	0	0	"[""substring_requires_transfer_review""]"	Discovery/Science	proposed	high	differs_from_previous_llm	"[""substring_requires_transfer_review"",""previous_llm_l1_disagreement""]"	0	freebase_bhht_author_lookup_v1	lookup_candidate_not_frozen	"[""Orville Wright"", ""Wilbur Wright""]"
1247	Audiologist	1	audiologist	author_substring	substring_unique_candidate	Culture	Culture-periphery	"[[""Culture"",""Culture-periphery""]]"	1	1	"[""_audio""]"	[574]	"[[""Culture"",""Culture-periphery""]]"	[574]	Culture	Culture-periphery	_audio	0	0	[]	0	0	"[""substring_requires_transfer_review""]"	Discovery/Science	proposed	high	differs_from_previous_llm	"[""substring_requires_transfer_review"",""previous_llm_l1_disagreement""]"	0	freebase_bhht_author_lookup_v1	lookup_candidate_not_frozen	"[""Alma Powell""]"
1252	Boom Operator	1	boom_operator	author_substring	substring_unique_candidate	Other	Worker/Business (small)	"[[""Other"",""Worker/Business (small)""]]"	1	1	"[""operator""]"	[1661]	"[[""Other"",""Worker/Business (small)""]]"	[1661]	Other	Worker/Business (small)	operator	0	0	[]	0	0	"[""substring_requires_transfer_review""]"	Culture	proposed	medium	differs_from_previous_llm	"[""substring_requires_transfer_review"",""previous_llm_l1_disagreement""]"	0	freebase_bhht_author_lookup_v1	lookup_candidate_not_frozen	"[""Andi Arsenie""]"
1255	Orthodontist	1	orthodontist	author_exact	exact_unique	Other	Worker/Business (small)	"[[""Other"",""Worker/Business (small)""]]"	1	1	"[""orthodontist""]"	[1665]	"[[""Other"",""Worker/Business (small)""]]"	[1665]	Other	Worker/Business (small)	orthodontist	0	0	"[{""level1"":""Other"",""level2"":""Worker/Business (small)"",""level3"":""orthodontist"",""person_count"":71,""example_wikidata_codes"":""Q18739122|Q21069967|Q21078143""}]"	0	0	[]	Discovery/Science	proposed	medium	differs_from_previous_llm	"[""previous_llm_l1_disagreement""]"	0	freebase_bhht_author_lookup_v1	lookup_candidate_not_frozen	"[""Andrew Arthur Allen Sr.""]"
1313	Horologist	1	horologist	author_exact	exact_unique	Culture	Culture-core	"[[""Culture"",""Culture-core""]]"	1	1	"[""horologist""]"	[439]	"[[""Culture"",""Culture-core""]]"	[439]	Culture	Culture-core	horologist	0	0	"[{""level1"":""Culture"",""level2"":""Culture-core"",""level3"":""horologist"",""person_count"":4,""example_wikidata_codes"":""Q17436594|Q21070328|Q42887496""}]"	0	0	[]	Discovery/Science	proposed	high	differs_from_previous_llm	"[""previous_llm_l1_disagreement""]"	0	freebase_bhht_author_lookup_v1	lookup_candidate_not_frozen	"[""Christiaan Huygens""]"
1341	Fashion Consultant	1	fashion_consultant	author_substring	substring_unique_candidate	Other	Worker/Business (small)	"[[""Other"",""Worker/Business (small)""]]"	1	1	"[""consultant""]"	[1566]	"[[""Other"",""Worker/Business (small)""]]"	[1566]	Other	Worker/Business (small)	consultant	0	0	[]	0	0	"[""substring_requires_transfer_review""]"	Culture	proposed	high	differs_from_previous_llm	"[""substring_requires_transfer_review"",""previous_llm_l1_disagreement""]"	0	freebase_bhht_author_lookup_v1	lookup_candidate_not_frozen	"[""Drena De Niro""]"
1357	Clinical Systems Analyst	1	clinical_systems_analyst	author_substring	substring_unique_candidate	Other	Worker/Business (small)	"[[""Other"",""Worker/Business (small)""]]"	1	1	"[""analyst""]"	[1514]	"[[""Other"",""Worker/Business (small)""]]"	[1514]	Other	Worker/Business (small)	analyst	0	0	[]	0	0	"[""substring_requires_transfer_review""]"	Discovery/Science	proposed	medium	differs_from_previous_llm	"[""substring_requires_transfer_review"",""previous_llm_l1_disagreement""]"	0	freebase_bhht_author_lookup_v1	lookup_candidate_not_frozen	"[""Elizabeth Marks (Actor)""]"
1387	Mastering engineer	1	mastering_engineer	author_substring	substring_unique_candidate	Discovery/Science	Explorer/Inventor/Developer	"[[""Discovery/Science"",""Explorer/Inventor/Developer""]]"	1	1	"[""engineer""]"	[1187]	"[[""Discovery/Science"",""Explorer/Inventor/Developer""]]"	[1187]	Discovery/Science	Explorer/Inventor/Developer	engineer	0	0	[]	0	0	"[""substring_requires_transfer_review""]"	Culture	proposed	medium	differs_from_previous_llm	"[""substring_requires_transfer_review"",""previous_llm_l1_disagreement""]"	0	freebase_bhht_author_lookup_v1	lookup_candidate_not_frozen	"[""Gene Paul""]"
1452	Physical Training Instructor	1	physical_training_instructor	author_substring	substring_unique_candidate	Discovery/Science	Academia	"[[""Discovery/Science"",""Academia""]]"	1	1	"[""instructor""]"	[794]	"[[""Discovery/Science"",""Academia""]]"	[794]	Discovery/Science	Academia	instructor	0	0	[]	0	0	"[""substring_requires_transfer_review""]"	Sports/Games	proposed	high	differs_from_previous_llm	"[""substring_requires_transfer_review"",""previous_llm_l1_disagreement""]"	0	freebase_bhht_author_lookup_v1	lookup_candidate_not_frozen	"[""Jack Watson""]"
1468	School counselor	1	school_counselor	author_substring	substring_unique_candidate	Other	Worker/Business (small)	"[[""Other"",""Worker/Business (small)""]]"	1	1	"[""counselor""]"	[1571]	"[[""Other"",""Worker/Business (small)""]]"	[1571]	Other	Worker/Business (small)	counselor	0	0	[]	0	0	"[""substring_requires_transfer_review""]"	Discovery/Science	proposed	medium	differs_from_previous_llm	"[""substring_requires_transfer_review"",""previous_llm_l1_disagreement""]"	0	freebase_bhht_author_lookup_v1	lookup_candidate_not_frozen	"[""Jane Etta Pitt""]"
1474	Clinical Social Worker	1	clinical_social_worker	author_substring	substring_unique_candidate	Other	Worker/Business (small)	"[[""Other"",""Worker/Business (small)""]]"	1	1	"[""worker""]"	[1716]	"[[""Other"",""Worker/Business (small)""]]"	[1716]	Other	Worker/Business (small)	worker	0	0	[]	0	0	"[""substring_requires_transfer_review""]"	Discovery/Science	proposed	medium	differs_from_previous_llm	"[""substring_requires_transfer_review"",""previous_llm_l1_disagreement""]"	0	freebase_bhht_author_lookup_v1	lookup_candidate_not_frozen	"[""Jerome G. Miller""]"
1532	Dietitian	1	dietitian	author_exact	exact_unique	Other	Worker/Business (small)	"[[""Other"",""Worker/Business (small)""]]"	1	1	"[""dietitian""]"	[1579]	"[[""Other"",""Worker/Business (small)""]]"	[1579]	Other	Worker/Business (small)	dietitian	0	0	"[{""level1"":""Other"",""level2"":""Worker/Business (small)"",""level3"":""dietitian"",""person_count"":17,""example_wikidata_codes"":""Q14954469|Q14954470|Q16197142""}]"	0	0	[]	Discovery/Science	proposed	medium	differs_from_previous_llm	"[""previous_llm_l1_disagreement""]"	0	freebase_bhht_author_lookup_v1	lookup_candidate_not_frozen	"[""Keren Gilbert""]"
1555	Legal analyst	1	legal_analyst	author_substring	substring_unique_candidate	Other	Worker/Business (small)	"[[""Other"",""Worker/Business (small)""]]"	1	1	"[""analyst""]"	[1514]	"[[""Other"",""Worker/Business (small)""]]"	[1514]	Other	Worker/Business (small)	analyst	0	0	[]	0	0	"[""substring_requires_transfer_review""]"	Leadership	proposed	medium	differs_from_previous_llm	"[""substring_requires_transfer_review"",""previous_llm_l1_disagreement""]"	0	freebase_bhht_author_lookup_v1	lookup_candidate_not_frozen	"[""Lis Wiehl""]"
1560	Couturier	1	couturier	author_exact	exact_unique	Other	Worker/Business (small)	"[[""Other"",""Worker/Business (small)""]]"	1	1	"[""_couturier_""]"	[1450]	"[[""Other"",""Worker/Business (small)""]]"	[1450]	Other	Worker/Business (small)	_couturier_	0	0	"[{""level1"":""Other"",""level2"":""Worker/Business (small)"",""level3"":""couturier"",""person_count"":20,""example_wikidata_codes"":""Q16224815|Q2060487|Q21130177""}]"	0	0	[]	Culture	proposed	high	differs_from_previous_llm	"[""previous_llm_l1_disagreement""]"	0	freebase_bhht_author_lookup_v1	lookup_candidate_not_frozen	"[""Lucien Lelong""]"
1597	Arms Control Analyst	1	arms_control_analyst	author_substring	substring_unique_candidate	Other	Worker/Business (small)	"[[""Other"",""Worker/Business (small)""]]"	1	1	"[""analyst""]"	[1514]	"[[""Other"",""Worker/Business (small)""]]"	[1514]	Other	Worker/Business (small)	analyst	0	0	[]	0	0	"[""substring_requires_transfer_review""]"	Leadership	proposed	medium	differs_from_previous_llm	"[""substring_requires_transfer_review"",""previous_llm_l1_disagreement""]"	0	freebase_bhht_author_lookup_v1	lookup_candidate_not_frozen	"[""Matthew Meselson""]"
1666	Showrunner	1	showrunner	author_substring	substring_unique_candidate	Sports/Games	Sports/Games	"[[""Sports/Games"",""Sports/Games""]]"	1	1	"[""runner""]"	[221]	"[[""Sports/Games"",""Sports/Games""]]"	[221]	Sports/Games	Sports/Games	runner	0	0	[]	0	0	"[""substring_requires_transfer_review""]"	Culture	proposed	medium	differs_from_previous_llm	"[""substring_requires_transfer_review"",""previous_llm_l1_disagreement""]"	0	freebase_bhht_author_lookup_v1	lookup_candidate_not_frozen	"[""Rebecca Rand Kirshner""]"
1707	Policy Consultant	1	policy_consultant	author_substring	substring_unique_candidate	Other	Worker/Business (small)	"[[""Other"",""Worker/Business (small)""]]"	1	1	"[""consultant""]"	[1566]	"[[""Other"",""Worker/Business (small)""]]"	[1566]	Other	Worker/Business (small)	consultant	0	0	[]	0	0	"[""substring_requires_transfer_review""]"	Leadership	proposed	high	differs_from_previous_llm	"[""substring_requires_transfer_review"",""previous_llm_l1_disagreement""]"	0	freebase_bhht_author_lookup_v1	lookup_candidate_not_frozen	"[""Samantha Fenty""]"
