status_code	name_zh	name_en	official_type_code	official_type_name	rows	people	date_people	date_people_with_posting	baseline_output_people	v1_label	review_decision	review_reason	examples_json
40	[為官者：文]	civil office	01	事業	17034	17033	3431	2796	2827	做官	待审核		"[{""person_id"": 4, ""name"": ""查道"", ""source_id"": 0, ""pages"": null, ""notes"": null}, {""person_id"": 5, ""name"": ""查籥"", ""source_id"": 0, ""pages"": null, ""notes"": null}, {""person_id"": 6, ""name"": ""柴成務"", ""source_id"": 0, ""pages"": null, ""notes"": null}]"
114	詩人	poet	00	[未詳]	5179	5179	1717	1163	1102	写作	待审核		"[{""person_id"": 13, ""name"": ""晁補之"", ""source_id"": 0, ""pages"": null, ""notes"": null}, {""person_id"": 20, ""name"": ""陳起宗"", ""source_id"": 7596, ""pages"": ""14480"", ""notes"": null}, {""person_id"": 26, ""name"": ""陳機"", ""source_id"": 7596, ""pages"": ""13956"", ""notes"": null}]"
71	畫家	painter	05	藝術	3634	3631	592	282	338	艺术	待审核		"[{""person_id"": 13, ""name"": ""晁補之"", ""source_id"": 7596, ""pages"": ""10729"", ""notes"": null}, {""person_id"": 146, ""name"": ""錢易"", ""source_id"": 7596, ""pages"": ""22279"", ""notes"": null}, {""person_id"": 316, ""name"": ""郭思"", ""source_id"": 0, ""pages"": null, ""notes"": null}]"
147	孝子/孝女	filial son/daughter	00	[未詳]	3529	3529	554	315	288		待审核		"[{""person_id"": 205, ""name"": ""張景憲"", ""source_id"": 7596, ""pages"": ""13351"", ""notes"": null}, {""person_id"": 229, ""name"": ""張詵"", ""source_id"": 7596, ""pages"": ""12642"", ""notes"": null}, {""person_id"": 271, ""name"": ""張掞"", ""source_id"": 7596, ""pages"": ""12535"", ""notes"": null}]"
68	[財政官員]	office: finance	01	事業	2785	2785	755	751	688	做官	待审核		"[{""person_id"": 1, ""name"": ""安惇"", ""source_id"": 0, ""pages"": null, ""notes"": null}, {""person_id"": 2, ""name"": ""安邡"", ""source_id"": 0, ""pages"": null, ""notes"": null}, {""person_id"": 3, ""name"": ""安燾"", ""source_id"": 0, ""pages"": null, ""notes"": null}]"
61	[武官]	military	03	武功	2487	2487	567	494	506	做官	待审核		"[{""person_id"": 156, ""name"": ""秦羲"", ""source_id"": 0, ""pages"": null, ""notes"": null}, {""person_id"": 163, ""name"": ""楚昭輔"", ""source_id"": 0, ""pages"": null, ""notes"": null}, {""person_id"": 181, ""name"": ""張誠一"", ""source_id"": 0, ""pages"": null, ""notes"": null}]"
140	貞婦/節婦	chaste widow	12	列女	2362	2362	152	2	3		待审核		"[{""person_id"": 1296, ""name"": ""呂祉"", ""source_id"": 7596, ""pages"": ""6521"", ""notes"": null}, {""person_id"": 29858, ""name"": ""陶宗媛"", ""source_id"": 9599, ""pages"": ""8822"", ""notes"": ""夫死""}, {""person_id"": 37694, ""name"": ""王氏"", ""source_id"": 7596, ""pages"": ""1784"", ""notes"": null}]"
8	僧人	buddhist monk	06	宗教	2081	2081	362	43	187	宗教	待审核		"[{""person_id"": 10070, ""name"": ""葛天民"", ""source_id"": 0, ""pages"": null, ""notes"": null}, {""person_id"": 10141, ""name"": ""釋惟訥"", ""source_id"": 7596, ""pages"": ""24265"", ""notes"": null}, {""person_id"": 10145, ""name"": ""釋淨源"", ""source_id"": 7596, ""pages"": ""24245"", ""notes"": null}]"
233	工於文	skilled at writing	11	文章	1579	1579	718	608	479		待审核		"[{""person_id"": 465, ""name"": ""蔣堂"", ""source_id"": 7596, ""pages"": ""20768"", ""notes"": null}, {""person_id"": 901, ""name"": ""孔平仲"", ""source_id"": 7596, ""pages"": ""2154"", ""notes"": null}, {""person_id"": 1025, ""name"": ""李含章"", ""source_id"": 7596, ""pages"": ""5380"", ""notes"": null}]"
36	地方士人/鄉紳	local literatus / gentry	08	布衣事	1491	1491	292	84	98		待审核		"[{""person_id"": 227, ""name"": ""張孝純"", ""source_id"": 7596, ""pages"": ""13122"", ""notes"": null}, {""person_id"": 1758, ""name"": ""汪思溫"", ""source_id"": 7596, ""pages"": ""3959"", ""notes"": null}, {""person_id"": 3050, ""name"": ""陳長方"", ""source_id"": 7596, ""pages"": ""14377"", ""notes"": null}]"
38	為善鄉里	philanthropist	08	布衣事	1393	1393	131	52	56		待审核		"[{""person_id"": 1776, ""name"": ""王軫"", ""source_id"": 7596, ""pages"": null, ""notes"": null}, {""person_id"": 3070, ""name"": ""陳亢"", ""source_id"": 7596, ""pages"": ""13477"", ""notes"": null}, {""person_id"": 3545, ""name"": ""李華"", ""source_id"": 0, ""pages"": null, ""notes"": null}]"
9	書法家	calligrapher	05	藝術	1360	1360	626	460	439	艺术	待审核		"[{""person_id"": 4, ""name"": ""查道"", ""source_id"": 0, ""pages"": null, ""notes"": null}, {""person_id"": 13, ""name"": ""晁補之"", ""source_id"": 7596, ""pages"": ""10729"", ""notes"": null}, {""person_id"": 99, ""name"": ""陳堯咨"", ""source_id"": 7596, ""pages"": ""14541"", ""notes"": null}]"
141	死國難	dynastic martyr	00	[未詳]	1326	1326	465	289	166		待审核		"[{""person_id"": 1152, ""name"": ""林冲之"", ""source_id"": 0, ""pages"": """", ""notes"": """"}, {""person_id"": 1296, ""name"": ""呂祉"", ""source_id"": 7596, ""pages"": ""6521"", ""notes"": null}, {""person_id"": 1425, ""name"": ""桑景詢"", ""source_id"": 0, ""pages"": null, ""notes"": ""建炎初金兵陷城，與制置使唐重等均死於難。""}]"
157	良吏;循吏	honest official	00	[未詳]	998	998	402	378	319		待审核		"[{""person_id"": 24, ""name"": ""陳正同"", ""source_id"": 7596, ""pages"": ""14200"", ""notes"": null}, {""person_id"": 164, ""name"": ""楚建中"", ""source_id"": 7596, ""pages"": ""16997"", ""notes"": null}, {""person_id"": 248, ""name"": ""張康國"", ""source_id"": 7596, ""pages"": ""13288"", ""notes"": null}]"
52	士人	literati	08	布衣事	988	988	366	80	148		待审核		"[{""person_id"": 6, ""name"": ""柴成務"", ""source_id"": 0, ""pages"": null, ""notes"": null}, {""person_id"": 577, ""name"": ""范旻"", ""source_id"": 0, ""pages"": null, ""notes"": null}, {""person_id"": 642, ""name"": ""韓琚"", ""source_id"": 0, ""pages"": null, ""notes"": null}]"
146	理學家	Neo-Confucian thinker (lixue)	0201	理學	806	806	244	177	214	学术	待审核		"[{""person_id"": 174, ""name"": ""張闡"", ""source_id"": 7596, ""pages"": ""12858"", ""notes"": null}, {""person_id"": 1161, ""name"": ""林勳"", ""source_id"": 7596, ""pages"": ""7480"", ""notes"": null}, {""person_id"": 1293, ""name"": ""呂稽中"", ""source_id"": 0, ""pages"": null, ""notes"": null}]"
2	武將	army officer	01	事業	794	794	412	378	321	做官	待审核		"[{""person_id"": 232, ""name"": ""張遜"", ""source_id"": 7596, ""pages"": ""12704"", ""notes"": null}, {""person_id"": 261, ""name"": ""張美"", ""source_id"": 7596, ""pages"": ""12420"", ""notes"": null}, {""person_id"": 374, ""name"": ""趙玭"", ""source_id"": 7596, ""pages"": ""18250"", ""notes"": null}]"
94	收徒講學	teacher	00	[未詳]	786	786	261	151	203	教育	待审核		"[{""person_id"": 648, ""name"": ""韓璜"", ""source_id"": 7596, ""pages"": ""22721"", ""notes"": null}, {""person_id"": 1454, ""name"": ""沈倫"", ""source_id"": 7596, ""pages"": ""3738"", ""notes"": null}, {""person_id"": 2022, ""name"": ""楊時"", ""source_id"": 7596, ""pages"": ""17096"", ""notes"": null}]"
109	[隱居（有隱德）]	yinju (or yinde)	00	[未詳]	613	613	112	55	66		待审核		"[{""person_id"": 965, ""name"": ""雷簡夫"", ""source_id"": 0, ""pages"": null, ""notes"": null}, {""person_id"": 3027, ""name"": ""晁子與"", ""source_id"": 0, ""pages"": null, ""notes"": null}, {""person_id"": 3057, ""name"": ""陳知默"", ""source_id"": 0, ""pages"": null, ""notes"": null}]"
104	[妻]	wife	00	[未詳]	596	596	518	161	157		待审核		"[{""person_id"": 5000, ""name"": ""李氏(常構妻)"", ""source_id"": 0, ""pages"": null, ""notes"": null}, {""person_id"": 5001, ""name"": ""公孫氏(晁仲參妻)"", ""source_id"": 0, ""pages"": null, ""notes"": null}, {""person_id"": 5003, ""name"": ""胡氏(錢暄妻)"", ""source_id"": 0, ""pages"": null, ""notes"": null}]"
105	[母]	mother	00	[未詳]	593	593	521	164	161		待审核		"[{""person_id"": 5000, ""name"": ""李氏(常構妻)"", ""source_id"": 0, ""pages"": null, ""notes"": null}, {""person_id"": 5001, ""name"": ""公孫氏(晁仲參妻)"", ""source_id"": 0, ""pages"": null, ""notes"": null}, {""person_id"": 5003, ""name"": ""胡氏(錢暄妻)"", ""source_id"": 0, ""pages"": null, ""notes"": null}]"
43	宗子	imperial prince	04	宗社	558	558	253	180	128		待审核		"[{""person_id"": 371, ""name"": ""趙令鑠"", ""source_id"": 7596, ""pages"": ""18896"", ""notes"": null}, {""person_id"": 380, ""name"": ""趙不棄"", ""source_id"": 7596, ""pages"": ""18643"", ""notes"": null}, {""person_id"": 383, ""name"": ""趙不溢"", ""source_id"": 7596, ""pages"": ""18644"", ""notes"": null}]"
56	富豪	wealth	08	布衣事	547	547	112	74	78		待审核		"[{""person_id"": 299, ""name"": ""張存"", ""source_id"": 0, ""pages"": null, ""notes"": ""From Hartwell's STATUS code.""}, {""person_id"": 625, ""name"": ""傅自修"", ""source_id"": 0, ""pages"": null, ""notes"": ""From Hartwell's STATUS code.""}, {""person_id"": 627, ""name"": ""傅堯俞"", ""source_id"": 0, ""pages"": """", ""notes"": ""From Hartwell's STATUS code.""}]"
180	博學之人	erudite	00	[未詳]	515	515	208	152	162		待审核		"[{""person_id"": 1094, ""name"": ""李燾"", ""source_id"": 7596, ""pages"": ""5040"", ""notes"": null}, {""person_id"": 1384, ""name"": ""歐陽修"", ""source_id"": 7596, ""pages"": ""20692"", ""notes"": null}, {""person_id"": 1450, ""name"": ""沈括"", ""source_id"": 7596, ""pages"": ""3732"", ""notes"": null}]"
301	戲曲作家	Dramatist	11	文章	512	512	282	145	62	写作	待审核		"[{""person_id"": 10777, ""name"": ""白樸"", ""source_id"": 67822, ""pages"": ""卷二戲曲劇本金元雜劇"", ""notes"": null}, {""person_id"": 29386, ""name"": ""史樟"", ""source_id"": 67822, ""pages"": ""卷二戲曲劇本金元雜劇"", ""notes"": null}, {""person_id"": 30166, ""name"": ""朱權"", ""source_id"": 67822, ""pages"": ""卷三戲曲劇本明清雜劇傳奇一（明洪武至隆慶）"", ""notes"": null}]"
296	義民/義官	Righteous person	08	布衣事	496	496	52	19	15		待审核		"[{""person_id"": 54942, ""name"": ""范允臨"", ""source_id"": 2510, ""pages"": ""lgid=169608"", ""notes"": ""自文正公置贍族義田三十頃○○至明季僅存三之一允臨復以腴田十頃佐其入人稱其善""}, {""person_id"": 61860, ""name"": ""吳士端"", ""source_id"": 2510, ""pages"": ""lgid=169659-169660"", ""notes"": null}, {""person_id"": 68509, ""name"": ""吳時來"", ""source_id"": 38685, ""pages"": ""lgid=356637"", ""notes"": ""適倭寇犯境，士女趨保於城，或議鍵關止之，時來曰：“城外非吾民乎？”悉縱之入，全活萬計。""}]"
72	行醫	physician	01	事業	484	484	79	33	57	医疗	待审核		"[{""person_id"": 964, ""name"": ""郎簡"", ""source_id"": 7596, ""pages"": ""9911"", ""notes"": null}, {""person_id"": 3543, ""name"": ""李端懿"", ""source_id"": 7596, ""pages"": ""5764"", ""notes"": null}, {""person_id"": 10000, ""name"": ""艾元英"", ""source_id"": 0, ""pages"": null, ""notes"": null}]"
137	[外命婦]	outer noblewoman	00	[未詳]	471	471	153	134	123		待审核		"[{""person_id"": 1723, ""name"": ""某氏(杜衍母)"", ""source_id"": 0, ""pages"": null, ""notes"": ""京兆郡太君。""}, {""person_id"": 5001, ""name"": ""公孫氏(晁仲參妻)"", ""source_id"": 7596, ""pages"": null, ""notes"": null}, {""person_id"": 5004, ""name"": ""李氏(錢晦妻)"", ""source_id"": 0, ""pages"": null, ""notes"": null}]"
34	[宰執]	office:state council	01	事業	455	455	334	331	320	做官	待审核		"[{""person_id"": 1, ""name"": ""安惇"", ""source_id"": 0, ""pages"": null, ""notes"": null}, {""person_id"": 3, ""name"": ""安燾"", ""source_id"": 0, ""pages"": null, ""notes"": null}, {""person_id"": 34, ""name"": ""陳執中"", ""source_id"": 0, ""pages"": null, ""notes"": null}]"
164	經學家	Classicist	00	[未詳]	425	425	189	125	148	学术	待审核		"[{""person_id"": 470, ""name"": ""金君卿"", ""source_id"": 7596, ""pages"": ""7858"", ""notes"": null}, {""person_id"": 868, ""name"": ""皇甫泌"", ""source_id"": 0, ""pages"": null, ""notes"": null}, {""person_id"": 1254, ""name"": ""劉昱"", ""source_id"": 7596, ""pages"": ""21211"", ""notes"": null}]"
142	史學家	historian	00	[未詳]	419	419	181	153	166	学术	待审核		"[{""person_id"": 25, ""name"": ""陳洎"", ""source_id"": 7596, ""pages"": ""13580"", ""notes"": null}, {""person_id"": 79, ""name"": ""陳師錫"", ""source_id"": 7596, ""pages"": ""14493"", ""notes"": null}, {""person_id"": 98, ""name"": ""陳堯佐"", ""source_id"": 7596, ""pages"": ""14539"", ""notes"": null}]"
117	拒絕出仕	refused office	00	[未詳]	410	409	155	98	109		待审核		"[{""person_id"": 3718, ""name"": ""邵雍"", ""source_id"": 0, ""pages"": null, ""notes"": ""From Hartwell Entry data""}, {""person_id"": 7375, ""name"": ""王庠"", ""source_id"": 7596, ""pages"": null, ""notes"": null}, {""person_id"": 10097, ""name"": ""宋濂"", ""source_id"": 27147, ""pages"": ""1929"", ""notes"": ""不赴""}]"
264	好學	fond of learning	02	學術	408	408	185	131	133		待审核		"[{""person_id"": 37, ""name"": ""陳靖"", ""source_id"": 7596, ""pages"": ""13807"", ""notes"": null}, {""person_id"": 93, ""name"": ""陳從易"", ""source_id"": 7596, ""pages"": ""14525"", ""notes"": null}, {""person_id"": 98, ""name"": ""陳堯佐"", ""source_id"": 7596, ""pages"": ""14539"", ""notes"": null}]"
165	文人	man of culture (wenren)	00	[未詳]	402	402	178	142	139		待审核		"[{""person_id"": 14, ""name"": ""晁端彥"", ""source_id"": 0, ""pages"": null, ""notes"": null}, {""person_id"": 3028, ""name"": ""晁詠之"", ""source_id"": 0, ""pages"": null, ""notes"": null}, {""person_id"": 3332, ""name"": ""韓愈"", ""source_id"": 38297, ""pages"": ""0"", ""notes"": null}]"
249	思想家	thinker	02	學術	377	377	276	217	251	学术	待审核		"[{""person_id"": 504, ""name"": ""周敦頤"", ""source_id"": 40330, ""pages"": null, ""notes"": null}, {""person_id"": 1156, ""name"": ""林之奇"", ""source_id"": 40330, ""pages"": null, ""notes"": null}, {""person_id"": 1309, ""name"": ""呂惠卿"", ""source_id"": 40330, ""pages"": null, ""notes"": null}]"
98	以疾廢	not serving due to illness	00	[未詳]	376	376	211	193	182		待审核		"[{""person_id"": 10023, ""name"": ""許衡"", ""source_id"": 9599, ""pages"": ""8022"", ""notes"": ""以疾歸""}, {""person_id"": 10084, ""name"": ""吳澄"", ""source_id"": 9599, ""pages"": ""2323"", ""notes"": ""以疾""}, {""person_id"": 10367, ""name"": ""袁洪"", ""source_id"": 9599, ""pages"": ""6128"", ""notes"": ""以疾辭""}]"
59	商人	merchant	01	事業	367	366	32	11	14	经商	待审核		"[{""person_id"": 324, ""name"": ""張佑"", ""source_id"": 0, ""pages"": null, ""notes"": ""From Hartwell's STATUS code.""}, {""person_id"": 784, ""name"": ""許驤"", ""source_id"": 0, ""pages"": null, ""notes"": ""From Hartwell's STATUS code.""}, {""person_id"": 792, ""name"": ""許宗壽"", ""source_id"": 0, ""pages"": null, ""notes"": ""From Hartwell's STATUS code.""}]"
12	儒學	Confucian learning	02	學術	365	365	66	34	43		待审核		"[{""person_id"": 1180, ""name"": ""劉承珪"", ""source_id"": 7596, ""pages"": ""21711"", ""notes"": null}, {""person_id"": 3187, ""name"": ""章湜"", ""source_id"": 0, ""pages"": null, ""notes"": null}, {""person_id"": 3418, ""name"": ""黃湜"", ""source_id"": 7596, ""pages"": ""15740"", ""notes"": null}]"
19	道士	Daoist priest	06	宗教	347	347	87	36	51	宗教	待审核		"[{""person_id"": 3311, ""name"": ""富恕"", ""source_id"": 0, ""pages"": null, ""notes"": null}, {""person_id"": 3676, ""name"": ""米芾"", ""source_id"": 7596, ""pages"": ""3000"", ""notes"": null}, {""person_id"": 10042, ""name"": ""王懷隱"", ""source_id"": 7596, ""pages"": ""2076"", ""notes"": null}]"
286	入元祐黨籍者	Listed in Yuanyou coalition register (元祐黨)	09	政治	315	315	66	65	64		待审核		"[{""person_id"": 3, ""name"": ""安燾"", ""source_id"": 2986, ""pages"": null, ""notes"": null}, {""person_id"": 13, ""name"": ""晁補之"", ""source_id"": 2986, ""pages"": null, ""notes"": null}, {""person_id"": 19, ""name"": ""陳察"", ""source_id"": 2986, ""pages"": null, ""notes"": null}]"
30	落第士人	failed exams literatus	08	布衣事	310	310	147	69	84		待审核		"[{""person_id"": 554, ""name"": ""樊知古"", ""source_id"": 7596, ""pages"": ""20532"", ""notes"": null}, {""person_id"": 1607, ""name"": ""滕中正"", ""source_id"": 7596, ""pages"": ""21097"", ""notes"": null}, {""person_id"": 2047, ""name"": ""葉份"", ""source_id"": 7596, ""pages"": ""17740"", ""notes"": null}]"
121	不求仕	chose not to seek office	00	[未詳]	306	306	89	20	42		待审核		"[{""person_id"": 4167, ""name"": ""陳文諭"", ""source_id"": 0, ""pages"": null, ""notes"": ""From Hartwell Entry data""}, {""person_id"": 10724, ""name"": ""王炎澤"", ""source_id"": 7596, ""pages"": ""1677"", ""notes"": null}, {""person_id"": 10777, ""name"": ""白樸"", ""source_id"": 9599, ""pages"": ""1627"", ""notes"": ""不求仕進""}]"
24	未仕而卒	died before taking office	07	時事	288	288	90	36	35		待审核		"[{""person_id"": 4046, ""name"": ""楊任"", ""source_id"": 0, ""pages"": null, ""notes"": null}, {""person_id"": 10300, ""name"": ""袁裒"", ""source_id"": 9599, ""pages"": ""6140"", ""notes"": ""未上卒""}, {""person_id"": 12854, ""name"": ""鞠恂"", ""source_id"": 0, ""pages"": null, ""notes"": null}]"
85	書院山長	academy (shuyuan) director	02	學術	285	285	100	95	88	教育	待审核		"[{""person_id"": 965, ""name"": ""雷簡夫"", ""source_id"": 7596, ""pages"": ""16981"", ""notes"": null}, {""person_id"": 10300, ""name"": ""袁裒"", ""source_id"": 9599, ""pages"": ""6140"", ""notes"": ""書院山長""}, {""person_id"": 10544, ""name"": ""陳深"", ""source_id"": 9599, ""pages"": ""8388"", ""notes"": ""書院山長""}]"
33	農民	farmer	01	事業	280	280	70	46	60	务农	待审核		"[{""person_id"": 433, ""name"": ""郟亶"", ""source_id"": 0, ""pages"": null, ""notes"": ""From Hartwell's STATUS code.""}, {""person_id"": 1477, ""name"": ""孫全照"", ""source_id"": 0, ""pages"": null, ""notes"": ""From Hartwell's STATUS code.""}, {""person_id"": 1881, ""name"": ""王素"", ""source_id"": 7596, ""pages"": ""828"", ""notes"": null}]"
39	為邑里所重	respected by locality	08	布衣事	265	265	99	57	53		待审核		"[{""person_id"": 227, ""name"": ""張孝純"", ""source_id"": 7596, ""pages"": ""13122"", ""notes"": null}, {""person_id"": 336, ""name"": ""章服"", ""source_id"": 27134, ""pages"": ""卷 5677"", ""notes"": ""鄉人榮之""}, {""person_id"": 1758, ""name"": ""汪思溫"", ""source_id"": 7596, ""pages"": ""3959"", ""notes"": null}]"
189	經學家—易經	scholar of Classics (Book of Change)	00	[未詳]	263	263	108	66	83	学术	待审核		"[{""person_id"": 108, ""name"": ""陳越"", ""source_id"": 7596, ""pages"": ""13764"", ""notes"": null}, {""person_id"": 1033, ""name"": ""李絢"", ""source_id"": 7596, ""pages"": ""4835"", ""notes"": null}, {""person_id"": 1552, ""name"": ""孫瑜"", ""source_id"": 7596, ""pages"": ""10432"", ""notes"": null}]"
235	詞人	ci lyric writer	11	文章	256	256	118	79	87	写作	待审核		"[{""person_id"": 584, ""name"": ""范同"", ""source_id"": 7596, ""pages"": ""8951"", ""notes"": null}, {""person_id"": 784, ""name"": ""許驤"", ""source_id"": 7596, ""pages"": ""11938"", ""notes"": null}, {""person_id"": 1025, ""name"": ""李含章"", ""source_id"": 7596, ""pages"": ""5380"", ""notes"": null}]"
186	結社	society member	00	[未詳]	248	248	39	31	34		待审核		"[{""person_id"": 19, ""name"": ""陳察"", ""source_id"": 7596, ""pages"": ""13861"", ""notes"": null}, {""person_id"": 156, ""name"": ""秦羲"", ""source_id"": 7596, ""pages"": ""10276"", ""notes"": null}, {""person_id"": 157, ""name"": ""秦希甫"", ""source_id"": 7596, ""pages"": ""10297"", ""notes"": null}]"
70	[有官銜]	official title	01	事業	242	242	7	4	5	做官	待审核		"[{""person_id"": 3925, ""name"": ""杜諲"", ""source_id"": 0, ""pages"": null, ""notes"": null}, {""person_id"": 11148, ""name"": ""葉壽頤"", ""source_id"": 0, ""pages"": """", ""notes"": """"}, {""person_id"": 13264, ""name"": ""劉贄"", ""source_id"": 0, ""pages"": null, ""notes"": null}]"
234	工於古文	writer of ancient-style prose	11	文章	234	234	106	63	65		待审核		"[{""person_id"": 7030, ""name"": ""黃伯思"", ""source_id"": 7596, ""pages"": ""15992"", ""notes"": null}, {""person_id"": 7064, ""name"": ""蘇舜欽"", ""source_id"": 7596, ""pages"": ""23631"", ""notes"": null}, {""person_id"": 7067, ""name"": ""狄遵度"", ""source_id"": 7596, ""pages"": ""7068"", ""notes"": null}]"
69	[宰相]	office: chief councilor	01	事業	230	230	156	142	138	做官	待审核		"[{""person_id"": 3006, ""name"": ""常袞"", ""source_id"": 0, ""pages"": null, ""notes"": null}, {""person_id"": 3316, ""name"": ""馮延巳"", ""source_id"": 0, ""pages"": null, ""notes"": null}, {""person_id"": 3480, ""name"": ""李吉甫"", ""source_id"": 0, ""pages"": null, ""notes"": null}]"
238	工於作賦	rhapsody writer	11	文章	224	224	64	36	36		待审核		"[{""person_id"": 36, ""name"": ""陳之淵"", ""source_id"": 7596, ""pages"": ""14100"", ""notes"": null}, {""person_id"": 552, ""name"": ""仲簡"", ""source_id"": 7596, ""pages"": ""3564"", ""notes"": null}, {""person_id"": 597, ""name"": ""方偕"", ""source_id"": 7596, ""pages"": ""286"", ""notes"": null}]"
197	經學家—春秋	scholar of Classics (Spring and Autumn Annals)	00	[未詳]	221	221	94	55	66	学术	待审核		"[{""person_id"": 36, ""name"": ""陳之淵"", ""source_id"": 7596, ""pages"": ""14100"", ""notes"": null}, {""person_id"": 641, ""name"": ""韓璩"", ""source_id"": 7596, ""pages"": ""22726"", ""notes"": null}, {""person_id"": 1216, ""name"": ""劉牧"", ""source_id"": 7596, ""pages"": ""21191"", ""notes"": null}]"
293	醫生	Doctor	01	事業	220	220	10	3	1	医疗	待审核		"[{""person_id"": 55133, ""name"": ""張曜孫"", ""source_id"": 39136, ""pages"": ""lgid=152242"", ""notes"": null}, {""person_id"": 55176, ""name"": ""楊金監"", ""source_id"": 39136, ""pages"": ""lgid=152312"", ""notes"": null}, {""person_id"": 55191, ""name"": ""孫劼"", ""source_id"": 39136, ""pages"": ""lgid=152429"", ""notes"": null}]"
76	[隱士]	recluse	08	布衣事	218	218	55	18	24		待审核		"[{""person_id"": 633, ""name"": ""韓昭"", ""source_id"": 38685, ""pages"": ""lgid=356681"", ""notes"": ""紹興初，避地仙居，隱安洲山""}, {""person_id"": 3267, ""name"": ""朱肜"", ""source_id"": 0, ""pages"": null, ""notes"": ""以學聞於鄉，稍不偶，輒棄去。廬於父墓之旁，曰玲瓏山，薙草植木，畦田圃桑，以業其家，隱居終身。""}, {""person_id"": 11392, ""name"": ""方史"", ""source_id"": 0, ""pages"": null, ""notes"": null}]"
63	義軍首領	militia leader	03	武功	207	207	64	44	30		待审核		"[{""person_id"": 10409, ""name"": ""李繼勳"", ""source_id"": 7596, ""pages"": ""5859"", ""notes"": null}, {""person_id"": 10535, ""name"": ""郭崇"", ""source_id"": 7596, ""pages"": ""11648"", ""notes"": null}, {""person_id"": 13542, ""name"": ""晁公慶"", ""source_id"": 0, ""pages"": null, ""notes"": null}]"
110	隱居不仕	recluse who refused office	00	[未詳]	207	207	44	16	19		待审核		"[{""person_id"": 10120, ""name"": ""戚紹"", ""source_id"": 0, ""pages"": null, ""notes"": ""出處：全元文，第30冊 P308，P400。""}, {""person_id"": 10789, ""name"": ""蘇誠"", ""source_id"": 0, ""pages"": null, ""notes"": ""出處：全元文，第30冊 P115-116。""}, {""person_id"": 12078, ""name"": ""衛謙"", ""source_id"": 0, ""pages"": null, ""notes"": null}]"
22	早卒(未成年而卒)	died young	07	時事	199	199	39	18	17		待审核		"[{""person_id"": 113, ""name"": ""程之才"", ""source_id"": 7596, ""pages"": ""16653"", ""notes"": null}, {""person_id"": 136, ""name"": ""強浚明"", ""source_id"": 7596, ""pages"": ""12250"", ""notes"": null}, {""person_id"": 1133, ""name"": ""梁顥"", ""source_id"": 7596, ""pages"": ""11309"", ""notes"": null}]"
120	未參加科舉而卒	died before exams	00	[未詳]	197	197	51	6	7		待审核		"[{""person_id"": 4046, ""name"": ""楊任"", ""source_id"": 0, ""pages"": null, ""notes"": ""From Hartwell Entry data""}, {""person_id"": 10327, ""name"": ""舒銳"", ""source_id"": 7596, ""pages"": ""16795"", ""notes"": null}, {""person_id"": 13070, ""name"": ""李布"", ""source_id"": 7596, ""pages"": ""4471"", ""notes"": null}]"
144	藏書家	holder of a private library	00	[未詳]	194	194	88	48	58		待审核		"[{""person_id"": 11, ""name"": ""晁公武"", ""source_id"": 0, ""pages"": null, ""notes"": null}, {""person_id"": 145, ""name"": ""錢勰"", ""source_id"": 7596, ""pages"": ""22318"", ""notes"": null}, {""person_id"": 420, ""name"": ""李誡"", ""source_id"": 7596, ""pages"": ""4908"", ""notes"": null}]"
29	宦官	eunuch	04	宗社	189	189	34	23	20		待审核		"[{""person_id"": 196, ""name"": ""張繼能"", ""source_id"": 0, ""pages"": null, ""notes"": null}, {""person_id"": 963, ""name"": ""藍繼宗"", ""source_id"": 0, ""pages"": null, ""notes"": null}, {""person_id"": 1180, ""name"": ""劉承珪"", ""source_id"": 0, ""pages"": null, ""notes"": null}]"
47	[進士]	jinshi degree holder	07	時事	189	189	17	11	10		待审核		"[{""person_id"": 11302, ""name"": ""方元中"", ""source_id"": 7596, ""pages"": null, ""notes"": ""舉進士不第。""}, {""person_id"": 15782, ""name"": ""程逵"", ""source_id"": 0, ""pages"": null, ""notes"": null}, {""person_id"": 16196, ""name"": ""焦炳炎"", ""source_id"": 7596, ""pages"": ""16420"", ""notes"": null}]"
26	[皇帝]	emperor	04	宗社	183	183	179	72	69		待审核		"[{""person_id"": 9001, ""name"": ""趙匡胤"", ""source_id"": 0, ""pages"": null, ""notes"": null}, {""person_id"": 9002, ""name"": ""趙炅"", ""source_id"": 0, ""pages"": null, ""notes"": null}, {""person_id"": 9003, ""name"": ""趙恆"", ""source_id"": 0, ""pages"": """", ""notes"": """"}]"
10	削籍官員	cashiered civil servant	08	布衣事	181	181	64	58	55		待审核		"[{""person_id"": 967, ""name"": ""雷德驤"", ""source_id"": 7596, ""pages"": ""16977"", ""notes"": null}, {""person_id"": 1163, ""name"": ""林一飛"", ""source_id"": 0, ""pages"": null, ""notes"": null}, {""person_id"": 1305, ""name"": ""呂希績"", ""source_id"": 0, ""pages"": null, ""notes"": null}]"
107	鄉先生	local teacher	00	[未詳]	172	172	48	19	37	教育	待审核		"[{""person_id"": 3888, ""name"": ""鄒浩"", ""source_id"": 7596, ""pages"": ""18066"", ""notes"": null}, {""person_id"": 10257, ""name"": ""袁章"", ""source_id"": 7596, ""pages"": ""10195"", ""notes"": null}, {""person_id"": 10347, ""name"": ""汪洙"", ""source_id"": 0, ""pages"": null, ""notes"": null}]"
14	布衣	commoner (buyi)	08	布衣事	169	169	49	21	27		待审核		"[{""person_id"": 3, ""name"": ""安燾"", ""source_id"": 7596, ""pages"": ""3024"", ""notes"": null}, {""person_id"": 183, ""name"": ""張齊賢"", ""source_id"": 7596, ""pages"": ""13388"", ""notes"": null}, {""person_id"": 310, ""name"": ""張洞"", ""source_id"": 7596, ""pages"": ""12407"", ""notes"": null}]"
256	熟諳兵法韜略、軍事家	military strategist	00	[未詳]	169	169	89	82	71		待审核		"[{""person_id"": 305, ""name"": ""張宗誨"", ""source_id"": 7596, ""pages"": ""13183"", ""notes"": null}, {""person_id"": 310, ""name"": ""張洞"", ""source_id"": 7596, ""pages"": ""12407"", ""notes"": null}, {""person_id"": 428, ""name"": ""鄭文寶"", ""source_id"": 7596, ""pages"": ""20349"", ""notes"": null}]"
252	精於騎射	excelled in horseriding and archery	00	[未詳]	163	163	88	80	52		待审核		"[{""person_id"": 78, ""name"": ""陳世卿"", ""source_id"": 7596, ""pages"": ""14213"", ""notes"": null}, {""person_id"": 99, ""name"": ""陳堯咨"", ""source_id"": 7596, ""pages"": ""14541"", ""notes"": null}, {""person_id"": 478, ""name"": ""周湛"", ""source_id"": 7596, ""pages"": ""7994"", ""notes"": null}]"
90	業進士	studying for jinshi	07	時事	159	159	58	24	27		待审核		"[{""person_id"": 554, ""name"": ""樊知古"", ""source_id"": 7596, ""pages"": ""20532"", ""notes"": null}, {""person_id"": 1607, ""name"": ""滕中正"", ""source_id"": 7596, ""pages"": ""21097"", ""notes"": null}, {""person_id"": 3266, ""name"": ""朱延之"", ""source_id"": 7596, ""pages"": ""3317"", ""notes"": null}]"
192	經學家—禮經	scholar of Classics (Classics of Rites)	00	[未詳]	151	151	70	24	27	学术	待审核		"[{""person_id"": 20, ""name"": ""陳起宗"", ""source_id"": 7596, ""pages"": ""14480"", ""notes"": null}, {""person_id"": 191, ""name"": ""張震"", ""source_id"": 7596, ""pages"": ""12737"", ""notes"": null}, {""person_id"": 220, ""name"": ""張漢彥"", ""source_id"": 7596, ""pages"": ""13385"", ""notes"": null}]"
285	好金石	Known for Epigraphy	10	愛好	150	150	31	29	30		待审核		"[{""person_id"": 13, ""name"": ""晁補之"", ""source_id"": 26791, ""pages"": null, ""notes"": null}, {""person_id"": 79, ""name"": ""陳師錫"", ""source_id"": 40313, ""pages"": null, ""notes"": null}, {""person_id"": 206, ""name"": ""張景先"", ""source_id"": 5608, ""pages"": null, ""notes"": null}]"
262	醫學	student of medicine	00	[未詳]	143	143	32	19	19		待审核		"[{""person_id"": 911, ""name"": ""高若訥"", ""source_id"": 7596, ""pages"": ""9663"", ""notes"": null}, {""person_id"": 3543, ""name"": ""李端懿"", ""source_id"": 7596, ""pages"": ""5764"", ""notes"": null}, {""person_id"": 10043, ""name"": ""王貺"", ""source_id"": 7596, ""pages"": ""681"", ""notes"": null}]"
4	天文學家（星象家）	astronomer	02	學術	142	142	64	44	42	学术	待审核		"[{""person_id"": 911, ""name"": ""高若訥"", ""source_id"": 7596, ""pages"": ""9663"", ""notes"": null}, {""person_id"": 1450, ""name"": ""沈括"", ""source_id"": 7596, ""pages"": ""3732"", ""notes"": null}, {""person_id"": 3543, ""name"": ""李端懿"", ""source_id"": 7596, ""pages"": ""5764"", ""notes"": null}]"
100	[大學生]	student: university	00	[未詳]	140	140	37	31	31		待审核		"[{""person_id"": 3352, ""name"": ""向仲堪"", ""source_id"": 7596, ""pages"": null, ""notes"": null}, {""person_id"": 10382, ""name"": ""史漸"", ""source_id"": 7596, ""pages"": null, ""notes"": null}, {""person_id"": 10816, ""name"": ""歐陽達老"", ""source_id"": 0, ""pages"": null, ""notes"": null}]"
111	隱居授徒	teaching in reclusion	00	[未詳]	138	138	56	17	44	教育	待审核		"[{""person_id"": 3294, ""name"": ""方逢辰"", ""source_id"": 7596, ""pages"": null, ""notes"": null}, {""person_id"": 10724, ""name"": ""王炎澤"", ""source_id"": 9599, ""pages"": ""1099"", ""notes"": ""家居授徒""}, {""person_id"": 11585, ""name"": ""陳櫟"", ""source_id"": 9599, ""pages"": ""8503"", ""notes"": ""教授於家""}]"
15	鄉里長者	community leader	08	布衣事	129	129	8	2	1		待审核		"[{""person_id"": 10872, ""name"": ""李舜申"", ""source_id"": 0, ""pages"": null, ""notes"": null}, {""person_id"": 16380, ""name"": ""周鋌"", ""source_id"": 0, ""pages"": null, ""notes"": null}, {""person_id"": 16381, ""name"": ""周仁皓"", ""source_id"": 0, ""pages"": null, ""notes"": null}]"
78	處士	gentleman without office	08	布衣事	125	125	50	9	20		待审核		"[{""person_id"": 3656, ""name"": ""呂祖泰"", ""source_id"": 0, ""pages"": null, ""notes"": null}, {""person_id"": 7375, ""name"": ""王庠"", ""source_id"": 0, ""pages"": null, ""notes"": null}, {""person_id"": 10771, ""name"": ""石繼遠"", ""source_id"": 0, ""pages"": null, ""notes"": null}]"
263	強記;博學強記	extensive factual knowledge	00	[未詳]	114	114	49	38	41		待审核		"[{""person_id"": 13, ""name"": ""晁補之"", ""source_id"": 7596, ""pages"": ""10729"", ""notes"": null}, {""person_id"": 93, ""name"": ""陳從易"", ""source_id"": 7596, ""pages"": ""14525"", ""notes"": null}, {""person_id"": 478, ""name"": ""周湛"", ""source_id"": 7596, ""pages"": ""7994"", ""notes"": null}]"
139	外戚	consort family	00	[未詳]	110	110	31	27	28		待审核		"[{""person_id"": 1364, ""name"": ""孟嵩"", ""source_id"": 0, ""pages"": null, ""notes"": null}, {""person_id"": 1446, ""name"": ""沈繼宗"", ""source_id"": 0, ""pages"": null, ""notes"": null}, {""person_id"": 1669, ""name"": ""曹誦"", ""source_id"": 0, ""pages"": null, ""notes"": null}]"
119	主動放棄科舉	chose not to participate in exams	00	[未詳]	108	108	39	11	20		待审核		"[{""person_id"": 3517, ""name"": ""李呂"", ""source_id"": 7596, ""pages"": ""4529"", ""notes"": ""From Hartwell Entry data""}, {""person_id"": 10259, ""name"": ""袁文"", ""source_id"": 0, ""pages"": null, ""notes"": ""From Hartwell Entry data""}, {""person_id"": 10724, ""name"": ""王炎澤"", ""source_id"": 7596, ""pages"": ""1677"", ""notes"": null}]"
89	[諸生]	student	01	事業	105	105	38	5	13		待审核		"[{""person_id"": 3484, ""name"": ""李之儀"", ""source_id"": 60300, ""pages"": null, ""notes"": null}, {""person_id"": 13146, ""name"": ""胡公武"", ""source_id"": 0, ""pages"": null, ""notes"": ""年十三為黨庠春秋弟子員，一試出諸生上。""}, {""person_id"": 18039, ""name"": ""高廉"", ""source_id"": 27134, ""pages"": ""卷 4282"", ""notes"": ""家四代以來始為諸生""}]"
267	並稱/齊名	Belongs to exemplary group	00	[未詳]	105	104	34	21	21		待审核		"[{""person_id"": 3915, ""name"": ""杜甫"", ""source_id"": 0, ""pages"": null, ""notes"": null}, {""person_id"": 28112, ""name"": ""王紳"", ""source_id"": 0, ""pages"": null, ""notes"": ""明文衡. 四庫全書. 集部8. 卷九十二  notes: 國子博士王仲縉墓表;明名臣琬琰集. 四庫全書. 史部7. 卷十 notes: 博士王君墓誌銘;遜志齋集 page: 683""}, {""person_id"": 28452, ""name"": ""謝肅"", ""source_id"": 38684, ""pages"": ""lgid=354809"", ""notes"": null}]"
190	經學家—尚書	scholar of Classics (Book of Documents)	00	[未詳]	100	100	44	17	14	学术	待审核		"[{""person_id"": 326, ""name"": ""張友直"", ""source_id"": 7596, ""pages"": ""12970"", ""notes"": null}, {""person_id"": 608, ""name"": ""馮方"", ""source_id"": 7596, ""pages"": ""15134"", ""notes"": null}, {""person_id"": 874, ""name"": ""任顓"", ""source_id"": 7596, ""pages"": ""3610"", ""notes"": null}]"
148	義門	multigenerational family	00	[未詳]	98	98	14	4	6		待审核		"[{""person_id"": 46, ""name"": ""陳繫"", ""source_id"": 7596, ""pages"": ""14002"", ""notes"": null}, {""person_id"": 13042, ""name"": ""胡仲堯"", ""source_id"": 0, ""pages"": null, ""notes"": ""累世聚居，至數百口。雍熙二年詔旌其門。""}, {""person_id"": 21228, ""name"": ""樊景溫"", ""source_id"": 7596, ""pages"": ""20533"", ""notes"": null}]"
219	卜筮者（太乙、軌革、六壬、遁甲等）	diviner	00	[未詳]	97	97	29	19	20		待审核		"[{""person_id"": 305, ""name"": ""張宗誨"", ""source_id"": 7596, ""pages"": ""13183"", ""notes"": null}, {""person_id"": 1722, ""name"": ""杜杞"", ""source_id"": 7596, ""pages"": ""4311"", ""notes"": null}, {""person_id"": 3543, ""name"": ""李端懿"", ""source_id"": 7596, ""pages"": ""5764"", ""notes"": null}]"
181	理學家 — 陽明學派	Neo-Confucian scholar (Wang Yangming school)	00	[未詳]	95	95	52	39	48	学术	待审核		"[{""person_id"": 30374, ""name"": ""王守仁"", ""source_id"": 27147, ""pages"": ""300"", ""notes"": ""姚江派""}, {""person_id"": 30668, ""name"": ""黃省曾"", ""source_id"": 27147, ""pages"": ""6831"", ""notes"": ""從王守仁""}, {""person_id"": 33186, ""name"": ""錢德洪"", ""source_id"": 27147, ""pages"": ""9131"", ""notes"": ""受業於王守仁""}]"
23	未婚而卒	died before marriage	07	時事	89	89	22	1	1		待审核		"[{""person_id"": 3914, ""name"": ""杜欽卨"", ""source_id"": 0, ""pages"": null, ""notes"": ""From Hartwell Entry data""}, {""person_id"": 5128, ""name"": ""曾德耀"", ""source_id"": 7596, ""pages"": ""1001"", ""notes"": null}, {""person_id"": 28602, ""name"": ""許安貞"", ""source_id"": 0, ""pages"": null, ""notes"": ""From Hartwell Entry data""}]"
265	徵至京師	Summoned to the capital	00	[未詳]	89	89	35	19	22		待审核		"[{""person_id"": 10023, ""name"": ""許衡"", ""source_id"": 9599, ""pages"": ""8022"", ""notes"": ""召至京""}, {""person_id"": 22241, ""name"": ""王泰來"", ""source_id"": 9599, ""pages"": ""1162"", ""notes"": ""徵入朝""}, {""person_id"": 26191, ""name"": ""陳汝秩"", ""source_id"": 27147, ""pages"": ""6064"", ""notes"": ""徵至京師""}]"
243	篆刻家	seal cutter	00	[未詳]	88	88	28	7	19	艺术	待审核		"[{""person_id"": 30248, ""name"": ""傅山"", ""source_id"": 9602, ""pages"": ""9189"", ""notes"": ""篆刻(據中央研究院明清人名權威資料)。""}, {""person_id"": 34177, ""name"": ""萬斯備"", ""source_id"": 9602, ""pages"": ""9503"", ""notes"": ""篆印(據中央研究院明清人名權威資料)。""}, {""person_id"": 34677, ""name"": ""文彭"", ""source_id"": 27147, ""pages"": ""187"", ""notes"": ""篆刻""}]"
253	精於某種樂器	excelled in particular musical instruments	00	[未詳]	84	84	18	15	14		待审核		"[{""person_id"": 428, ""name"": ""鄭文寶"", ""source_id"": 7596, ""pages"": ""20349"", ""notes"": null}, {""person_id"": 3883, ""name"": ""崔遵度"", ""source_id"": 7596, ""pages"": ""14990"", ""notes"": null}, {""person_id"": 10170, ""name"": ""江休復"", ""source_id"": 7596, ""pages"": ""2952"", ""notes"": null}]"
215	音樂學家	scholar of music	00	[未詳]	83	83	41	30	29	学术	待审核		"[{""person_id"": 897, ""name"": ""寇瑊"", ""source_id"": 7596, ""pages"": ""11579"", ""notes"": null}, {""person_id"": 1450, ""name"": ""沈括"", ""source_id"": 7596, ""pages"": ""3732"", ""notes"": null}, {""person_id"": 1641, ""name"": ""丁謂"", ""source_id"": 7596, ""pages"": ""36"", ""notes"": null}]"
150	遺民	dynastic loyalist	00	[未詳]	81	81	28	18	18		待审核		"[{""person_id"": 10183, ""name"": ""周密"", ""source_id"": 0, ""pages"": null, ""notes"": null}, {""person_id"": 11470, ""name"": ""林雷龍"", ""source_id"": 0, ""pages"": null, ""notes"": null}, {""person_id"": 12926, ""name"": ""林應承"", ""source_id"": 0, ""pages"": null, ""notes"": null}]"
25	[學官]	education official	01	事業	80	80	35	31	33	做官	待审核		"[{""person_id"": 10300, ""name"": ""袁裒"", ""source_id"": 0, ""pages"": null, ""notes"": null}, {""person_id"": 10544, ""name"": ""陳深"", ""source_id"": 0, ""pages"": null, ""notes"": null}, {""person_id"": 10545, ""name"": ""陳"", ""source_id"": 0, ""pages"": null, ""notes"": null}]"
136	[鄉貢進士]	student: xianggong jinshi	00	[未詳]	80	80	18	10	13		待审核		"[{""person_id"": 3447, ""name"": ""高本"", ""source_id"": 7596, ""pages"": null, ""notes"": null}, {""person_id"": 10055, ""name"": ""蔡沆"", ""source_id"": 0, ""pages"": null, ""notes"": ""From Hartwell Entry data""}, {""person_id"": 10057, ""name"": ""虞知方"", ""source_id"": 0, ""pages"": null, ""notes"": ""From Hartwell Entry data""}]"
204	校堪學家	scholar of textual criticism (jiaokan)	00	[未詳]	76	76	30	27	28	学术	待审核		"[{""person_id"": 161, ""name"": ""丘雍"", ""source_id"": 7596, ""pages"": ""2838"", ""notes"": null}, {""person_id"": 526, ""name"": ""朱明之"", ""source_id"": 7596, ""pages"": ""3333"", ""notes"": null}, {""person_id"": 582, ""name"": ""范鏜"", ""source_id"": 7596, ""pages"": ""9021"", ""notes"": null}]"
213	地理學家	geographer	00	[未詳]	76	76	39	25	32	学术	待审核		"[{""person_id"": 3543, ""name"": ""李端懿"", ""source_id"": 7596, ""pages"": ""5764"", ""notes"": null}, {""person_id"": 3816, ""name"": ""譚章"", ""source_id"": 7596, ""pages"": ""23256"", ""notes"": null}, {""person_id"": 7308, ""name"": ""歐陽發"", ""source_id"": 7596, ""pages"": ""20702"", ""notes"": null}]"
230	水利專家	water management expert	00	[未詳]	76	76	36	33	27		待审核		"[{""person_id"": 173, ""name"": ""張安上"", ""source_id"": 7596, ""pages"": ""13055"", ""notes"": null}, {""person_id"": 820, ""name"": ""胡令儀"", ""source_id"": 7596, ""pages"": ""8745"", ""notes"": null}, {""person_id"": 1356, ""name"": ""毛漸"", ""source_id"": 7596, ""pages"": ""2218"", ""notes"": null}]"
75	叛臣	rebel	03	武功	75	75	19	12	10		待审核		"[{""person_id"": 3298, ""name"": ""方臘"", ""source_id"": 0, ""pages"": null, ""notes"": null}, {""person_id"": 3409, ""name"": ""黃巢"", ""source_id"": 0, ""pages"": null, ""notes"": null}, {""person_id"": 13591, ""name"": ""王則"", ""source_id"": 0, ""pages"": null, ""notes"": null}]"
266	建書院/義塾/家塾  	Founded private academy or school	00	[未詳]	73	73	29	21	21		待审核		"[{""person_id"": 3294, ""name"": ""方逢辰"", ""source_id"": 0, ""pages"": null, ""notes"": ""出處：全元文，第30冊 P126-131。""}, {""person_id"": 13750, ""name"": ""張逢源"", ""source_id"": 9599, ""pages"": ""7541"", ""notes"": ""築泉月精舍""}, {""person_id"": 16940, ""name"": ""方道叡"", ""source_id"": 0, ""pages"": null, ""notes"": ""出處：全元文，第30冊 P126。擴建石峽書院""}]"
224	曆算家	specialist in the calendar	00	[未詳]	72	72	33	22	28	学术	待审核		"[{""person_id"": 3816, ""name"": ""譚章"", ""source_id"": 7596, ""pages"": ""23256"", ""notes"": null}, {""person_id"": 3838, ""name"": ""田京"", ""source_id"": 7596, ""pages"": ""2502"", ""notes"": null}, {""person_id"": 10813, ""name"": ""歐陽逢泰"", ""source_id"": 7596, ""pages"": ""20737"", ""notes"": null}]"
57	數學家	mathematician	02	學術	69	69	44	27	31	学术	待审核		"[{""person_id"": 1450, ""name"": ""沈括"", ""source_id"": 7596, ""pages"": ""3732"", ""notes"": null}, {""person_id"": 1722, ""name"": ""杜杞"", ""source_id"": 7596, ""pages"": ""4311"", ""notes"": null}, {""person_id"": 3838, ""name"": ""田京"", ""source_id"": 7596, ""pages"": ""2502"", ""notes"": null}]"
209	金石學家	scholar of bronze and stone inscriptions	00	[未詳]	67	67	41	27	29	学术	待审核		"[{""person_id"": 4158, ""name"": ""江袞"", ""source_id"": 7596, ""pages"": ""2888"", ""notes"": null}, {""person_id"": 7030, ""name"": ""黃伯思"", ""source_id"": 7596, ""pages"": ""15992"", ""notes"": null}, {""person_id"": 7364, ""name"": ""曾鞏"", ""source_id"": 7596, ""pages"": ""15520"", ""notes"": null}]"
303	戲曲理論家	Theorist of drama	11	文章	67	67	30	18	7		待审核		"[{""person_id"": 30607, ""name"": ""徐渭"", ""source_id"": 67822, ""pages"": ""卷十二曲話曲目"", ""notes"": null}, {""person_id"": 33172, ""name"": ""祁彪佳"", ""source_id"": 67822, ""pages"": ""卷十二曲話曲目"", ""notes"": null}, {""person_id"": 33544, ""name"": ""李調元"", ""source_id"": 67822, ""pages"": ""卷十二曲話曲目"", ""notes"": null}]"
220	堪輿家風水師	geomancer	00	[未詳]	63	63	15	7	8		待审核		"[{""person_id"": 3884, ""name"": ""崔遵用"", ""source_id"": 7596, ""pages"": ""14989"", ""notes"": null}, {""person_id"": 26380, ""name"": ""宋宏"", ""source_id"": 7596, ""pages"": ""4032"", ""notes"": null}, {""person_id"": 29609, ""name"": ""蔣平階"", ""source_id"": 27147, ""pages"": ""8348"", ""notes"": ""堪輿""}]"
130	[太學生]	student: taixuesheng	00	[未詳]	60	60	18	11	13		待审核		"[{""person_id"": 11096, ""name"": ""丁伯杞"", ""source_id"": 0, ""pages"": null, ""notes"": null}, {""person_id"": 11306, ""name"": ""方清孫"", ""source_id"": 7596, ""pages"": """", ""notes"": ""年十七與父兄同拔冑解，入太學。""}, {""person_id"": 18155, ""name"": ""史彌逮"", ""source_id"": 0, ""pages"": null, ""notes"": ""From Hartwell Entry data""}]"
65	[貴族]	noble	08	布衣事	58	58	6	3	3		待审核		"[{""person_id"": 12397, ""name"": ""張彝"", ""source_id"": 0, ""pages"": null, ""notes"": null}, {""person_id"": 12399, ""name"": ""張幸"", ""source_id"": 0, ""pages"": null, ""notes"": null}, {""person_id"": 12400, ""name"": ""張準之"", ""source_id"": 0, ""pages"": null, ""notes"": null}]"
66	[幕僚]	private secretary of official	01	事業	58	58	20	11	14	做官	待审核		"[{""person_id"": 10847, ""name"": ""陳秬"", ""source_id"": 0, ""pages"": null, ""notes"": null}, {""person_id"": 32540, ""name"": ""李白"", ""source_id"": 4801, ""pages"": null, ""notes"": ""卷一九〇《李白傳》：\r\n祿山之亂，玄宗幸蜀，在途以永王璘爲江淮兵馬都督、揚州節度大使，白在宣州謁見，遂辟爲從事。""}, {""person_id"": 66289, ""name"": ""李善長"", ""source_id"": 65192, ""pages"": ""lgid=1163538"", ""notes"": null}]"
103	父老;耆老	village elder	00	[未詳]	58	58	13	10	9		待审核		"[{""person_id"": 14751, ""name"": ""潘幹"", ""source_id"": 0, ""pages"": null, ""notes"": null}, {""person_id"": 28532, ""name"": ""陶安"", ""source_id"": 27147, ""pages"": ""5923"", ""notes"": ""父老""}, {""person_id"": 54879, ""name"": ""鍾化民"", ""source_id"": 27147, ""pages"": ""9428"", ""notes"": ""父老""}]"
305	諸宮調與散曲集作家	Author and compiler of narrative song forms and lyric song collections	11	文章	55	55	29	16	14		待审核		"[{""person_id"": 27993, ""name"": ""張養浩"", ""source_id"": 67822, ""pages"": ""卷十四附諸宮調與散曲集"", ""notes"": null}, {""person_id"": 33433, ""name"": ""張可久"", ""source_id"": 67822, ""pages"": ""卷十四附諸宮調與散曲集"", ""notes"": null}, {""person_id"": 34645, ""name"": ""康海"", ""source_id"": 67822, ""pages"": ""卷十四附諸宮調與散曲集"", ""notes"": null}]"
48	統治者	ruler	01	事業	54	54	44	33	40	做官	待审核		"[{""person_id"": 3036, ""name"": ""錢鏐"", ""source_id"": 0, ""pages"": null, ""notes"": null}, {""person_id"": 3037, ""name"": ""錢俶"", ""source_id"": 0, ""pages"": null, ""notes"": null}, {""person_id"": 3039, ""name"": ""錢倧"", ""source_id"": 0, ""pages"": null, ""notes"": null}]"
112	陰陽家	yinyang expert	00	[未詳]	52	52	26	17	19		待审核		"[{""person_id"": 305, ""name"": ""張宗誨"", ""source_id"": 7596, ""pages"": ""13183"", ""notes"": null}, {""person_id"": 1722, ""name"": ""杜杞"", ""source_id"": 7596, ""pages"": ""4311"", ""notes"": null}, {""person_id"": 3543, ""name"": ""李端懿"", ""source_id"": 7596, ""pages"": ""5764"", ""notes"": null}]"
32	主家事	manager of family affairs	01	事業	51	51	25	9	11		待审核		"[{""person_id"": 927, ""name"": ""高遵惠"", ""source_id"": 0, ""pages"": null, ""notes"": ""宣仁后臨朝，繩檢族人，一以法度，乃舉家事付遵惠，遵惠躬親表率之，人無間言。""}, {""person_id"": 3070, ""name"": ""陳亢"", ""source_id"": 7596, ""pages"": ""13477"", ""notes"": null}, {""person_id"": 3722, ""name"": ""施鑄"", ""source_id"": 0, ""pages"": null, ""notes"": null}]"
188	學者	scholar	00	[未詳]	50	50	20	10	13	学术	待审核		"[{""person_id"": 27950, ""name"": ""張樞"", ""source_id"": 0, ""pages"": null, ""notes"": ""出處：全元文，第30冊 P111-114，P335。""}, {""person_id"": 29575, ""name"": ""陳仁錫"", ""source_id"": 27147, ""pages"": ""6046"", ""notes"": ""喜著書""}, {""person_id"": 29703, ""name"": ""劉臺拱"", ""source_id"": 9602, ""pages"": ""9176"", ""notes"": ""學者(據中央研究院明清人名權威資料)。""}]"
67	[醫官]	office: medical office	01	事業	49	49	3	3	2	做官	待审核		"[{""person_id"": 10015, ""name"": ""陳自明"", ""source_id"": 0, ""pages"": null, ""notes"": null}, {""person_id"": 10024, ""name"": ""許國禎"", ""source_id"": 0, ""pages"": null, ""notes"": null}, {""person_id"": 10025, ""name"": ""許扆"", ""source_id"": 0, ""pages"": null, ""notes"": null}]"
179	主書院講席	academy lecturer	00	[未詳]	49	49	29	23	18	教育	待审核		"[{""person_id"": 10531, ""name"": ""趙允弼"", ""source_id"": 7596, ""pages"": ""18677"", ""notes"": null}, {""person_id"": 21600, ""name"": ""田疇"", ""source_id"": 7596, ""pages"": ""2536"", ""notes"": null}, {""person_id"": 30849, ""name"": ""高攀龍"", ""source_id"": 27147, ""pages"": ""4153"", ""notes"": ""講席""}]"
31	家塾師	teacher at family school	01	事業	48	48	21	11	18	教育	待审核		"[{""person_id"": 10066, ""name"": ""蔡積中"", ""source_id"": 0, ""pages"": null, ""notes"": null}, {""person_id"": 12087, ""name"": ""楊維禎"", ""source_id"": 27147, ""pages"": ""7428"", ""notes"": ""聚書""}, {""person_id"": 27199, ""name"": ""羅安強"", ""source_id"": 7596, ""pages"": ""23380"", ""notes"": null}]"
183	通曉外語	versed in foreign language(s)	00	[未詳]	48	48	23	17	10		待审核		"[{""person_id"": 12319, ""name"": ""余靖"", ""source_id"": 7596, ""pages"": ""6758"", ""notes"": null}, {""person_id"": 30597, ""name"": ""利瑪竇"", ""source_id"": 27147, ""pages"": ""2950"", ""notes"": ""譯幾何原本""}, {""person_id"": 30598, ""name"": ""徐光啟"", ""source_id"": 9602, ""pages"": ""5687"", ""notes"": ""外文(據中央研究院明清人名權威資料)。""}]"
191	經學家—詩經	scholar of Classics (Book of Odes)	00	[未詳]	47	47	19	9	13	学术	待审核		"[{""person_id"": 3744, ""name"": ""司馬浩"", ""source_id"": 7596, ""pages"": ""2434"", ""notes"": null}, {""person_id"": 16929, ""name"": ""范處義"", ""source_id"": 7596, ""pages"": ""9134"", ""notes"": null}, {""person_id"": 18978, ""name"": ""黃鈞"", ""source_id"": 7596, ""pages"": ""15766"", ""notes"": null}]"
203	考據學家	scholar of textual research (kaoju learning)	00	[未詳]	46	46	25	17	21	学术	待审核		"[{""person_id"": 10189, ""name"": ""龔頤正"", ""source_id"": 7596, ""pages"": ""24809"", ""notes"": """"}, {""person_id"": 10259, ""name"": ""袁文"", ""source_id"": 7596, ""pages"": ""10163"", ""notes"": null}, {""person_id"": 10625, ""name"": ""沈作喆"", ""source_id"": 7596, ""pages"": ""3815"", ""notes"": null}]"
207	經世學者	scholar of statecraft learning	00	[未詳]	44	44	28	22	23	学术	待审核		"[{""person_id"": 3075, ""name"": ""陳亮"", ""source_id"": 7596, ""pages"": ""13585"", ""notes"": null}, {""person_id"": 10010, ""name"": ""唐仲友"", ""source_id"": 7596, ""pages"": ""9801"", ""notes"": null}, {""person_id"": 10048, ""name"": ""蔡發"", ""source_id"": 7596, ""pages"": ""20888"", ""notes"": null}]"
214	法律專家	scholar of law	00	[未詳]	44	44	19	17	16	学术	待审核		"[{""person_id"": 1170, ""name"": ""林大聲"", ""source_id"": 7596, ""pages"": ""7532"", ""notes"": null}, {""person_id"": 2018, ""name"": ""楊告"", ""source_id"": 7596, ""pages"": ""17038"", ""notes"": null}, {""person_id"": 14706, ""name"": ""慎從吉"", ""source_id"": 7596, ""pages"": ""16852"", ""notes"": null}]"
222	習於道術	practioner of Daoist magics	00	[未詳]	44	44	17	9	10		待审核		"[{""person_id"": 98, ""name"": ""陳堯佐"", ""source_id"": 7596, ""pages"": ""14539"", ""notes"": null}, {""person_id"": 853, ""name"": ""黃裳"", ""source_id"": 7596, ""pages"": ""15808"", ""notes"": null}, {""person_id"": 3012, ""name"": ""晁迥"", ""source_id"": 7596, ""pages"": ""10693"", ""notes"": null}]"
250	圍棋棋手	go (weiqi) chess player	00	[未詳]	44	44	9	5	5		待审核		"[{""person_id"": 1641, ""name"": ""丁謂"", ""source_id"": 7596, ""pages"": ""36"", ""notes"": null}, {""person_id"": 7376, ""name"": ""王詵"", ""source_id"": 7596, ""pages"": ""1040"", ""notes"": null}, {""person_id"": 10170, ""name"": ""江休復"", ""source_id"": 7596, ""pages"": ""2952"", ""notes"": null}]"
198	經學家—左傳	scholar of Classics (Zuo commentary on Spring and Autumn Annals)	00	[未詳]	43	43	26	19	23	学术	待审核		"[{""person_id"": 562, ""name"": ""范沖"", ""source_id"": 7596, ""pages"": ""8953"", ""notes"": """"}, {""person_id"": 641, ""name"": ""韓璩"", ""source_id"": 7596, ""pages"": ""22726"", ""notes"": null}, {""person_id"": 1488, ""name"": ""司馬光"", ""source_id"": 7596, ""pages"": ""2420"", ""notes"": null}]"
302	戲曲選本編纂者	Compiler of drama anthologies	11	文章	43	43	13	8	5		待审核		"[{""person_id"": 30607, ""name"": ""徐渭"", ""source_id"": 67822, ""pages"": ""卷十一戲曲選集"", ""notes"": null}, {""person_id"": 54562, ""name"": ""毛晉"", ""source_id"": 67822, ""pages"": ""卷十一戲曲選集"", ""notes"": null}, {""person_id"": 55351, ""name"": ""孟稱舜"", ""source_id"": 67822, ""pages"": ""卷十一戲曲選集"", ""notes"": null}]"
163	小學家	philologist	00	[未詳]	42	42	26	17	22	学术	待审核		"[{""person_id"": 326, ""name"": ""張友直"", ""source_id"": 7596, ""pages"": ""12970"", ""notes"": null}, {""person_id"": 935, ""name"": ""顧臨"", ""source_id"": 7596, ""pages"": ""24724"", ""notes"": null}, {""person_id"": 1094, ""name"": ""李燾"", ""source_id"": 7596, ""pages"": ""5040"", ""notes"": null}]"
304	曲譜曲韻作家	Composer and author of musical scores and rhyme schemes for theatrical songs	11	文章	41	41	19	11	3		待审核		"[{""person_id"": 30166, ""name"": ""朱權"", ""source_id"": 67822, ""pages"": ""卷十三曲譜曲韻"", ""notes"": null}, {""person_id"": 65915, ""name"": ""查繼佐"", ""source_id"": 67822, ""pages"": ""卷十三曲譜曲韻"", ""notes"": null}, {""person_id"": 72117, ""name"": ""王錫純"", ""source_id"": 67822, ""pages"": ""卷十三曲譜曲韻"", ""notes"": null}]"
95	教師：軍事教官	teacher: military	00	[未詳]	40	40	9	9	8	教育	待审核		"[{""person_id"": 502, ""name"": ""周操"", ""source_id"": 7596, ""pages"": ""8072"", ""notes"": null}, {""person_id"": 1658, ""name"": ""蔡碩"", ""source_id"": 7596, ""pages"": ""20916"", ""notes"": null}, {""person_id"": 3245, ""name"": ""周虎"", ""source_id"": 7596, ""pages"": ""7940"", ""notes"": null}]"
16	妾	concubine	08	布衣事	39	39	13	7	5		待审核		"[{""person_id"": 19423, ""name"": ""唐氏(王衜妾)"", ""source_id"": 7596, ""pages"": ""1189"", ""notes"": null}, {""person_id"": 24736, ""name"": ""趙淮"", ""source_id"": 7596, ""pages"": ""18311"", ""notes"": null}, {""person_id"": 28419, ""name"": ""陳氏(陸文圭妾)"", ""source_id"": 0, ""pages"": null, ""notes"": null}]"
77	門客	retainer (ke)	01	事業	39	39	6	4	6		待审核		"[{""person_id"": 7106, ""name"": ""邢恕"", ""source_id"": 7596, ""pages"": ""5885"", ""notes"": null}, {""person_id"": 7284, ""name"": ""梁寬"", ""source_id"": 7596, ""pages"": ""11296"", ""notes"": null}, {""person_id"": 11835, ""name"": ""劉學雅"", ""source_id"": 7596, ""pages"": ""21897"", ""notes"": null}]"
184	收藏家	collector	00	[未詳]	39	39	21	14	15		待审核		"[{""person_id"": 797, ""name"": ""許元"", ""source_id"": 7596, ""pages"": ""11842"", ""notes"": null}, {""person_id"": 1384, ""name"": ""歐陽修"", ""source_id"": 7596, ""pages"": ""20692"", ""notes"": null}, {""person_id"": 1418, ""name"": ""畢良史"", ""source_id"": 7596, ""pages"": ""15017"", ""notes"": null}]"
13	胥吏	clerical staff	06	宗教	37	37	11	5	5		待审核		"[{""person_id"": 1947, ""name"": ""魏伯芻"", ""source_id"": 0, ""pages"": null, ""notes"": ""From Hartwell's STATUS code.""}, {""person_id"": 4190, ""name"": ""彭A"", ""source_id"": 0, ""pages"": null, ""notes"": null}, {""person_id"": 5177, ""name"": ""杜氏(葉光祖妻)"", ""source_id"": 0, ""pages"": null, ""notes"": ""From Hartwell's STATUS code.""}]"
143	鑒賞家	connoisseur	00	[未詳]	37	37	25	13	16		待审核		"[{""person_id"": 3676, ""name"": ""米芾"", ""source_id"": 7596, ""pages"": ""3000"", ""notes"": null}, {""person_id"": 7030, ""name"": ""黃伯思"", ""source_id"": 7596, ""pages"": ""15992"", ""notes"": null}, {""person_id"": 10183, ""name"": ""周密"", ""source_id"": 9599, ""pages"": ""3979"", ""notes"": ""鑒賞""}]"
261	精通詩(詞曲)之聲韻音律	expert in poetic rhymes	00	[未詳]	36	36	11	3	8		待审核		"[{""person_id"": 33568, ""name"": ""鎦績"", ""source_id"": 18417, ""pages"": ""Igid=316273"", ""notes"": null}, {""person_id"": 35366, ""name"": ""吾衍"", ""source_id"": 9599, ""pages"": ""2507"", ""notes"": ""音律""}, {""person_id"": 54319, ""name"": ""沈德潛"", ""source_id"": 9602, ""pages"": ""2387"", ""notes"": ""工聲韻(據中央研究院明清人名權威資料)。""}]"
27	[皇后]	empress	04	宗社	35	35	24	22	22		待审核		"[{""person_id"": 4221, ""name"": ""楊氏(趙擴妻)"", ""source_id"": 0, ""pages"": null, ""notes"": null}, {""person_id"": 15343, ""name"": ""鄭氏(趙佶妻)"", ""source_id"": 0, ""pages"": null, ""notes"": null}, {""person_id"": 19465, ""name"": ""郭氏(趙眘妻)"", ""source_id"": 0, ""pages"": null, ""notes"": null}]"
3	工匠	artisan	01	事業	34	34	3	2	1	手工业	待审核		"[{""person_id"": 34628, ""name"": ""顧A"", ""source_id"": 0, ""pages"": null, ""notes"": null}, {""person_id"": 40625, ""name"": ""釋懷丙"", ""source_id"": 7596, ""pages"": ""24660"", ""notes"": null}, {""person_id"": 41267, ""name"": ""李廷珪"", ""source_id"": 0, ""pages"": null, ""notes"": null}]"
96	酋長	tribal chieftain	00	[未詳]	34	34	10	7	5		待审核		"[{""person_id"": 965, ""name"": ""雷簡夫"", ""source_id"": 7596, ""pages"": ""16981"", ""notes"": null}, {""person_id"": 10953, ""name"": ""趙士晤"", ""source_id"": 7596, ""pages"": ""18554"", ""notes"": null}, {""person_id"": 29025, ""name"": ""阿兒思蘭"", ""source_id"": 0, ""pages"": null, ""notes"": null}]"
239	工於駢體文	rhymed prose (pianwen) writer	11	文章	34	34	27	20	19		待审核		"[{""person_id"": 21180, ""name"": ""方岳"", ""source_id"": 7596, ""pages"": ""268"", ""notes"": null}, {""person_id"": 27710, ""name"": ""楊冠卿"", ""source_id"": 7596, ""pages"": ""17438"", ""notes"": null}, {""person_id"": 30733, ""name"": ""洪齮孫"", ""source_id"": 39136, ""pages"": ""lgid=152300"", ""notes"": null}]"
247	教育家	educator	00	[未詳]	34	34	14	8	9		待审核		"[{""person_id"": 29948, ""name"": ""丁濟"", ""source_id"": 9599, ""pages"": ""20"", ""notes"": ""興學校""}, {""person_id"": 34528, ""name"": ""吳溥"", ""source_id"": 27147, ""pages"": ""2650"", ""notes"": ""其敎學必致力本原""}, {""person_id"": 34529, ""name"": ""吳與弼"", ""source_id"": 27147, ""pages"": ""2664"", ""notes"": ""四方來學者，敎誨不倦""}]"
50	家有田產	landownership	08	布衣事	31	31	13	6	9		待审核		"[{""person_id"": 22, ""name"": ""陳求道"", ""source_id"": 0, ""pages"": null, ""notes"": ""From Hartwell's STATUS code.""}, {""person_id"": 61, ""name"": ""陳康民"", ""source_id"": 0, ""pages"": null, ""notes"": ""From Hartwell's STATUS code.""}, {""person_id"": 1565, ""name"": ""宋咸"", ""source_id"": 7596, ""pages"": ""4053"", ""notes"": null}]"
102	食素	vegetarian	00	[未詳]	30	30	7	5	6		待审核		"[{""person_id"": 14849, ""name"": ""尤申"", ""source_id"": 7596, ""pages"": ""2110"", ""notes"": null}, {""person_id"": 15051, ""name"": ""陳郢"", ""source_id"": 7596, ""pages"": ""13668"", ""notes"": null}, {""person_id"": 15352, ""name"": ""程立信"", ""source_id"": 7596, ""pages"": ""16680"", ""notes"": null}]"
155	妓	female entertainer	00	[未詳]	30	30	2	0	1	艺术	待审核		"[{""person_id"": 38598, ""name"": ""毛惜惜"", ""source_id"": 7596, ""pages"": ""2246"", ""notes"": null}, {""person_id"": 41152, ""name"": ""李師師"", ""source_id"": 7596, ""pages"": ""5595"", ""notes"": null}, {""person_id"": 45403, ""name"": ""章婉婉"", ""source_id"": 0, ""pages"": null, ""notes"": null}]"
272	好飲酒	Known for wine drinking	10	愛好	28	28	8	4	2		待审核		"[{""person_id"": 3915, ""name"": ""杜甫"", ""source_id"": 0, ""pages"": null, ""notes"": ""鵝兒黃似酒，對酒愛新鵝。""}, {""person_id"": 32540, ""name"": ""李白"", ""source_id"": 4801, ""pages"": null, ""notes"": ""卷一九〇《李白傳》：\r\n白旣嗜酒，日與飮徒醉於酒肆。""}, {""person_id"": 55176, ""name"": ""楊金監"", ""source_id"": 39136, ""pages"": ""lgid=152312"", ""notes"": null}]"
236	曲作家	qu writer	11	文章	27	27	6	5	4	写作	待审核		"[{""person_id"": 16567, ""name"": ""周邦彥"", ""source_id"": 7596, ""pages"": ""8177"", ""notes"": null}, {""person_id"": 18063, ""name"": ""賀鑄"", ""source_id"": 7596, ""pages"": ""16173"", ""notes"": null}, {""person_id"": 56923, ""name"": ""顧皋"", ""source_id"": 9602, ""pages"": ""134"", ""notes"": ""詞曲(據中央研究院明清人名權威資料)。""}]"
277	武藝	military arts	00	[未詳]	27	27	6	5	5		待审核		"[{""person_id"": 55134, ""name"": ""畢著"", ""source_id"": 65192, ""pages"": ""lgid=1164287"", ""notes"": null}, {""person_id"": 68529, ""name"": ""李錫"", ""source_id"": 65192, ""pages"": ""lgid=1163715"", ""notes"": null}, {""person_id"": 87184, ""name"": ""奚寅"", ""source_id"": 39136, ""pages"": ""lgid=152297"", ""notes"": null}]"
138	[內命婦]	inner noblewoman	00	[未詳]	26	26	18	18	17		待审核		"[{""person_id"": 3153, ""name"": ""張氏(趙禎妃)"", ""source_id"": 0, ""pages"": null, ""notes"": null}, {""person_id"": 4217, ""name"": ""向氏(趙頊皇后)"", ""source_id"": 7596, ""pages"": null, ""notes"": ""治平三年歸于潁邸，封安國夫人。神宗即位，立為皇后。哲宗立，尊為皇太后。""}, {""person_id"": 4218, ""name"": ""朱氏(趙頊皇后)"", ""source_id"": 0, ""pages"": null, ""notes"": ""From Hartwell's STATUS code.皇后""}]"
115	[舉人]	student: juren	00	[未詳]	25	25	10	3	4		待审核		"[{""person_id"": 4189, ""name"": ""蒲伸"", ""source_id"": 0, ""pages"": null, ""notes"": null}, {""person_id"": 15903, ""name"": ""羅紱"", ""source_id"": 0, ""pages"": null, ""notes"": null}, {""person_id"": 15918, ""name"": ""羅上達"", ""source_id"": 0, ""pages"": null, ""notes"": null}]"
41	[后妃]	imperial consort	04	宗社	24	24	15	14	15		待审核		"[{""person_id"": 3153, ""name"": ""張氏(趙禎妃)"", ""source_id"": 0, ""pages"": null, ""notes"": null}, {""person_id"": 3694, ""name"": ""潘祖仁"", ""source_id"": 0, ""pages"": null, ""notes"": null}, {""person_id"": 4215, ""name"": ""楊氏(趙恆妃)"", ""source_id"": 0, ""pages"": """", ""notes"": """"}]"
151	軍卒	soldier	00	[未詳]	24	24	4	3	0	从军	待审核		"[{""person_id"": 14040, ""name"": ""陳知元"", ""source_id"": 0, ""pages"": null, ""notes"": null}, {""person_id"": 23675, ""name"": ""任源"", ""source_id"": 0, ""pages"": null, ""notes"": ""少隸軍籍""}, {""person_id"": 42408, ""name"": ""孟德"", ""source_id"": 0, ""pages"": null, ""notes"": ""神勇之退卒。""}]"
21	隱居道士	Daoist recluse	06	宗教	22	22	10	3	6	宗教	待审核		"[{""person_id"": 10083, ""name"": ""崔嘉彥"", ""source_id"": 0, ""pages"": null, ""notes"": null}, {""person_id"": 10099, ""name"": ""陳摶"", ""source_id"": 0, ""pages"": null, ""notes"": null}, {""person_id"": 10429, ""name"": ""趙與慶"", ""source_id"": 0, ""pages"": null, ""notes"": null}]"
274	工藝	interested in artistic crafts	00	[未詳]	22	22	1	0	1		待审核		"[{""person_id"": 78196, ""name"": ""吳麐"", ""source_id"": 65192, ""pages"": ""lgid=1163978"", ""notes"": null}, {""person_id"": 126377, ""name"": ""方于魯"", ""source_id"": 65192, ""pages"": ""lgid=1163987"", ""notes"": null}, {""person_id"": 131627, ""name"": ""程大約"", ""source_id"": 65192, ""pages"": ""lgid=1163986"", ""notes"": null}]"
7	比丘尼	buddhist nun	06	宗教	21	21	5	4	3		待审核		"[{""person_id"": 15213, ""name"": ""陳文龍"", ""source_id"": 7596, ""pages"": ""14116"", ""notes"": null}, {""person_id"": 21317, ""name"": ""孫行友"", ""source_id"": 7596, ""pages"": ""10547"", ""notes"": null}, {""person_id"": 21319, ""name"": ""孫方諫"", ""source_id"": 7596, ""pages"": ""10518"", ""notes"": null}]"
201	小學家－訓詁學	philologist (xungu - semantics)	00	[未詳]	21	21	16	11	13	学术	待审核		"[{""person_id"": 935, ""name"": ""顧臨"", ""source_id"": 7596, ""pages"": ""24724"", ""notes"": null}, {""person_id"": 3941, ""name"": ""王洙"", ""source_id"": 7596, ""pages"": ""729"", ""notes"": null}, {""person_id"": 16581, ""name"": ""曾宰"", ""source_id"": 7596, ""pages"": ""15463"", ""notes"": null}]"
124	[武學生]	student: military university	00	[未詳]	19	19	0	0	0		待审核		"[{""person_id"": 16972, ""name"": ""項雄飛"", ""source_id"": 0, ""pages"": null, ""notes"": ""出處：全元文，第30冊 P131。""}, {""person_id"": 25523, ""name"": ""蔡棨"", ""source_id"": 0, ""pages"": null, ""notes"": ""From Hartwell Entry data""}, {""person_id"": 693876, ""name"": ""徐桂林"", ""source_id"": 4763, ""pages"": ""lgid=243593"", ""notes"": null}]"
202	小學家－音韻學	philologist (yinyun - phonology)	00	[未詳]	19	19	17	9	12	学术	待审核		"[{""person_id"": 1094, ""name"": ""李燾"", ""source_id"": 7596, ""pages"": ""5040"", ""notes"": null}, {""person_id"": 1525, ""name"": ""孫何"", ""source_id"": 7596, ""pages"": ""10354"", ""notes"": null}, {""person_id"": 10259, ""name"": ""袁文"", ""source_id"": 7596, ""pages"": ""10163"", ""notes"": null}]"
254	精於劍術	excelled in swordsmanship	00	[未詳]	19	19	5	3	3		待审核		"[{""person_id"": 18645, ""name"": ""許迥"", ""source_id"": 7596, ""pages"": ""11880"", ""notes"": null}, {""person_id"": 37640, ""name"": ""王彥昇"", ""source_id"": 7596, ""pages"": ""1751"", ""notes"": null}, {""person_id"": 37808, ""name"": ""王樵"", ""source_id"": 7596, ""pages"": ""1224"", ""notes"": null}]"
258	佛教之俗家弟子	lay Buddhist	00	[未詳]	19	19	9	3	2		待审核		"[{""person_id"": 32227, ""name"": ""白居易"", ""source_id"": 38297, ""pages"": ""0"", ""notes"": null}, {""person_id"": 34903, ""name"": ""丁鶴年"", ""source_id"": 27147, ""pages"": ""57"", ""notes"": ""浮屠""}, {""person_id"": 41673, ""name"": ""吳克己"", ""source_id"": 0, ""pages"": null, ""notes"": null}]"
11	天師	Celestial Master	06	宗教	18	18	9	6	9	宗教	待审核		"[{""person_id"": 28345, ""name"": ""馬臻"", ""source_id"": 9599, ""pages"": ""6321"", ""notes"": ""天師""}, {""person_id"": 34426, ""name"": ""張道陵"", ""source_id"": 0, ""pages"": null, ""notes"": null}, {""person_id"": 34427, ""name"": ""張宗演"", ""source_id"": 0, ""pages"": null, ""notes"": null}]"
53	[低級官僚]	holder of minor office	01	事業	18	18	8	8	8	做官	待审核		"[{""person_id"": 13200, ""name"": ""曾震"", ""source_id"": 0, ""pages"": null, ""notes"": null}, {""person_id"": 13636, ""name"": ""張峭"", ""source_id"": 0, ""pages"": null, ""notes"": null}, {""person_id"": 13720, ""name"": ""鄧兼濟"", ""source_id"": 0, ""pages"": null, ""notes"": null}]"
240	長於制舉之文	versed in composing examination essays	11	文章	18	18	7	5	4		待审核		"[{""person_id"": 37892, ""name"": ""石一鰲"", ""source_id"": 0, ""pages"": null, ""notes"": ""出處：全元文，第30冊 P104-105。""}, {""person_id"": 57801, ""name"": ""常安"", ""source_id"": 9602, ""pages"": ""1033"", ""notes"": ""善制舉業(據中央研究院明清人名權威資料)。""}, {""person_id"": 57876, ""name"": ""龐鍾璐"", ""source_id"": 9602, ""pages"": ""1110"", ""notes"": ""長於制舉之文(據中央研究院明清人名權威資料)。""}]"
156	酷吏	merciless official	00	[未詳]	17	17	10	9	8		待审核		"[{""person_id"": 467, ""name"": ""蹇周輔"", ""source_id"": 7596, ""pages"": ""22463"", ""notes"": null}, {""person_id"": 468, ""name"": ""蹇序辰"", ""source_id"": 7596, ""pages"": ""22460"", ""notes"": null}, {""person_id"": 1281, ""name"": ""路昌衡"", ""source_id"": 7596, ""pages"": ""17605"", ""notes"": null}]"
275	數術	Shu shu (includes astronomy, five phases, prognostication)	00	[未詳]	17	17	3	2	2		待审核		"[{""person_id"": 4073, ""name"": ""葉曙"", ""source_id"": 7596, ""pages"": ""17817"", ""notes"": ""按，原作“堪輿家”，據強至所撰墓志銘，改為“數術”。""}, {""person_id"": 34220, ""name"": ""唐鶴徵"", ""source_id"": 39136, ""pages"": ""lgid=152103"", ""notes"": null}, {""person_id"": 74096, ""name"": ""朱有志"", ""source_id"": 3610, ""pages"": ""lgid=219880"", ""notes"": ""精術數之學往問者輙得奇驗""}]"
292	宗室	Royal clan	04	宗社	17	17	1	1	1		待审核		"[{""person_id"": 3214, ""name"": ""趙德昭"", ""source_id"": 0, ""pages"": null, ""notes"": null}, {""person_id"": 19936, ""name"": ""趙令儇"", ""source_id"": 64847, ""pages"": ""81-82"", ""notes"": null}, {""person_id"": 33101, ""name"": ""蕭珣"", ""source_id"": 64847, ""pages"": ""北宋卷 197 蕭揔墓志"", ""notes"": null}]"
37	煉丹家	alchemist	06	宗教	16	16	4	2	3		待审核		"[{""person_id"": 12047, ""name"": ""王寀"", ""source_id"": 7596, ""pages"": ""896"", ""notes"": null}, {""person_id"": 13402, ""name"": ""傅珏"", ""source_id"": 7596, ""pages"": ""16442"", ""notes"": """"}, {""person_id"": 26447, ""name"": ""吳拱之"", ""source_id"": 0, ""pages"": null, ""notes"": null}]"
60	[節度使]	military governor	01	事業	16	16	4	2	2	做官	待审核		"[{""person_id"": 3608, ""name"": ""羅弘信"", ""source_id"": 0, ""pages"": null, ""notes"": null}, {""person_id"": 30338, ""name"": ""月仙帖木兒"", ""source_id"": 0, ""pages"": null, ""notes"": null}, {""person_id"": 30341, ""name"": ""玉古倫赤的斤"", ""source_id"": 0, ""pages"": null, ""notes"": null}]"
185	精於某種兵器	excelled in particular military weapons	00	[未詳]	16	16	13	10	6		待审核		"[{""person_id"": 38294, ""name"": ""王珪"", ""source_id"": 7596, ""pages"": ""841"", ""notes"": null}, {""person_id"": 38451, ""name"": ""王繼勳"", ""source_id"": 7596, ""pages"": ""2089"", ""notes"": null}, {""person_id"": 41836, ""name"": ""釋德誠"", ""source_id"": 7596, ""pages"": ""24621"", ""notes"": null}]"
200	小學家－字學	philologist (wenzi - graphology)	00	[未詳]	15	15	8	4	8	学术	待审核		"[{""person_id"": 20862, ""name"": ""邵古"", ""source_id"": 7596, ""pages"": ""7218"", ""notes"": null}, {""person_id"": 21432, ""name"": ""句中正"", ""source_id"": 7596, ""pages"": ""2768"", ""notes"": null}, {""person_id"": 29854, ""name"": ""陶宗儀"", ""source_id"": 4602, ""pages"": ""lgid=353162"", ""notes"": null}]"
257	熟諳水務海戰	navy warfare expert	00	[未詳]	15	15	10	9	5		待审核		"[{""person_id"": 1879, ""name"": ""王絲"", ""source_id"": 7596, ""pages"": ""1024"", ""notes"": null}, {""person_id"": 2008, ""name"": ""楊紘"", ""source_id"": 7596, ""pages"": ""17106"", ""notes"": null}, {""person_id"": 2037, ""name"": ""楊允恭"", ""source_id"": 7596, ""pages"": ""17321"", ""notes"": null}]"
20	道姑(女冠)	Daoist nun	06	宗教	14	14	1	1	0	宗教	待审核		"[{""person_id"": 28671, ""name"": ""楊基"", ""source_id"": 0, ""pages"": null, ""notes"": null}, {""person_id"": 28936, ""name"": ""元嚴"", ""source_id"": 0, ""pages"": null, ""notes"": null}, {""person_id"": 30410, ""name"": ""楊洞元"", ""source_id"": 0, ""pages"": null, ""notes"": null}]"
86	奴婢	slave	08	布衣事	14	14	4	3	2		待审核		"[{""person_id"": 30583, ""name"": ""錢文彊"", ""source_id"": 0, ""pages"": null, ""notes"": null}, {""person_id"": 66254, ""name"": ""趙庸"", ""source_id"": 27147, ""pages"": ""7884"", ""notes"": ""奴婢""}, {""person_id"": 78965, ""name"": ""余觀德"", ""source_id"": 65192, ""pages"": ""lgid=1163878"", ""notes"": null}]"
210	小說家	novelist	00	[未詳]	14	14	5	1	2	写作	待审核		"[{""person_id"": 10616, ""name"": ""洪炎"", ""source_id"": 7596, ""pages"": ""8298"", ""notes"": null}, {""person_id"": 39316, ""name"": ""安蕃"", ""source_id"": 7596, ""pages"": ""3023"", ""notes"": null}, {""person_id"": 42076, ""name"": ""林罕"", ""source_id"": 7596, ""pages"": ""7323"", ""notes"": null}]"
248	政治家	statesman	00	[未詳]	14	14	11	8	7		待审核		"[{""person_id"": 1762, ""name"": ""王安石"", ""source_id"": 0, ""pages"": null, ""notes"": null}, {""person_id"": 13060, ""name"": ""李世民(唐太宗)"", ""source_id"": 0, ""pages"": null, ""notes"": null}, {""person_id"": 65851, ""name"": ""邱逢甲"", ""source_id"": 9602, ""pages"": ""9327"", ""notes"": ""政治家(據中央研究院明清人名權威資料)。""}]"
28	管理田產	estate management	08	布衣事	13	13	5	2	2		待审核		"[{""person_id"": 3454, ""name"": ""龔釜"", ""source_id"": 0, ""pages"": null, ""notes"": null}, {""person_id"": 3777, ""name"": ""孫堪"", ""source_id"": 7596, ""pages"": ""10416"", ""notes"": null}, {""person_id"": 7087, ""name"": ""王毖"", ""source_id"": 0, ""pages"": null, ""notes"": null}]"
73	[府州學教授]	prefectural teacher	01	事業	13	13	4	4	4	教育	待审核		"[{""person_id"": 12153, ""name"": ""歐陽來用"", ""source_id"": 0, ""pages"": null, ""notes"": null}, {""person_id"": 13759, ""name"": ""張言"", ""source_id"": 0, ""pages"": null, ""notes"": null}, {""person_id"": 22393, ""name"": ""陸滋"", ""source_id"": 0, ""pages"": null, ""notes"": null}]"
245	建築家 — 園林設計	architect (gardern designer)	00	[未詳]	12	12	1	1	1		待审核		"[{""person_id"": 20426, ""name"": ""劉韞"", ""source_id"": 7596, ""pages"": ""21462"", ""notes"": null}, {""person_id"": 25433, ""name"": ""丁木"", ""source_id"": 7596, ""pages"": ""8"", ""notes"": null}, {""person_id"": 41322, ""name"": ""李無晦"", ""source_id"": 7596, ""pages"": ""5722"", ""notes"": null}]"
42	[供奉內廷]	imperial palace service	04	宗社	11	11	9	8	8		待审核		"[{""person_id"": 1366, ""name"": ""米友仁"", ""source_id"": 0, ""pages"": null, ""notes"": ""From Hartwell's STATUS code.""}, {""person_id"": 3676, ""name"": ""米芾"", ""source_id"": 0, ""pages"": null, ""notes"": ""From Hartwell's STATUS code.""}, {""person_id"": 4215, ""name"": ""楊氏(趙恆妃)"", ""source_id"": 0, ""pages"": """", ""notes"": ""From Hartwell's STATUS code.""}]"
227	農學家	agronomist	00	[未詳]	11	11	4	2	4		待审核		"[{""person_id"": 433, ""name"": ""郟亶"", ""source_id"": 7596, ""pages"": ""10647"", ""notes"": null}, {""person_id"": 1161, ""name"": ""林勳"", ""source_id"": 7596, ""pages"": ""7480"", ""notes"": null}, {""person_id"": 1881, ""name"": ""王素"", ""source_id"": 7596, ""pages"": ""828"", ""notes"": null}]"
294	宗室女	Daughter of royal clan	04	宗社	11	11	3	1	0		待审核		"[{""person_id"": 44899, ""name"": ""趙氏(郝珒妻)"", ""source_id"": 2493, ""pages"": ""族姬趙氏墓志"", ""notes"": null}, {""person_id"": 573109, ""name"": ""趙氏(趙克常女)"", ""source_id"": 2162, ""pages"": ""皇姪右監門衛將軍克常妻濮陽縣君盧氏墓誌銘"", ""notes"": null}, {""person_id"": 573110, ""name"": ""趙氏(趙克常女)"", ""source_id"": 2162, ""pages"": ""皇姪右監門衛將軍克常妻濮陽縣君盧氏墓誌銘"", ""notes"": null}]"
6	[未婚妻]	betrothed maiden fiancé	07	時事	10	10	4	0	1		待审核		"[{""person_id"": 29731, ""name"": ""阮孔靜"", ""source_id"": 0, ""pages"": null, ""notes"": null}, {""person_id"": 29747, ""name"": ""阮荃"", ""source_id"": 0, ""pages"": null, ""notes"": null}, {""person_id"": 30011, ""name"": ""牛氏(牛兆奎女)"", ""source_id"": 0, ""pages"": null, ""notes"": null}]"
127	[監生]	student: jiansheng	00	[未詳]	10	10	1	0	0		待审核		"[{""person_id"": 85841, ""name"": ""袁行漳"", ""source_id"": 4763, ""pages"": ""lgid=243610"", ""notes"": null}, {""person_id"": 437980, ""name"": ""朱朝尹"", ""source_id"": 0, ""pages"": null, ""notes"": ""世經堂集. 四庫全書存目叢書 . 集79. page: 707 notes: 明故光祿大夫太子少保吏部尚書贈少保謚文襄唐公墓誌銘""}, {""person_id"": 693773, ""name"": ""施摶九"", ""source_id"": 4763, ""pages"": ""lgid=243590"", ""notes"": null}]"
195	經學家—漢學	scholar of Classics (Han learning)	00	[未詳]	10	10	8	3	5	学术	待审核		"[{""person_id"": 3941, ""name"": ""王洙"", ""source_id"": 7596, ""pages"": ""729"", ""notes"": null}, {""person_id"": 16587, ""name"": ""曾易簡"", ""source_id"": 7596, ""pages"": ""15590"", ""notes"": null}, {""person_id"": 19146, ""name"": ""榮振"", ""source_id"": 7596, ""pages"": ""18165"", ""notes"": null}]"
237	精於戲劇	expert in operas	11	文章	10	10	9	6	4		待审核		"[{""person_id"": 54787, ""name"": ""舒位"", ""source_id"": 9602, ""pages"": ""9312"", ""notes"": ""戲曲(據中央研究院明清人名權威資料)。""}, {""person_id"": 55833, ""name"": ""蔣士銓"", ""source_id"": 9602, ""pages"": ""9244"", ""notes"": ""戲曲(據中央研究院明清人名權威資料)。""}, {""person_id"": 58518, ""name"": ""張照"", ""source_id"": 9602, ""pages"": ""1773"", ""notes"": ""戲劇(據中央研究院明清人名權威資料)。""}]"
306	烈女/烈婦	chastity martyr	12	列女	10	10	5	0	0		待审核		"[{""person_id"": 702137, ""name"": ""侯氏(倪萬魁妻)"", ""source_id"": 38541, ""pages"": ""lgid=630870"", ""notes"": ""二十三歲夫歿，氏亟欲身殉，翁姑防護綦嚴，不得死所，因絕粒十餘日卒。卒之前數日，雖憊已甚，翁姑之前猶盡禮焉。""}, {""person_id"": 702139, ""name"": ""王氏(賈九齡妻)"", ""source_id"": 38541, ""pages"": ""lgid=630871"", ""notes"": null}, {""person_id"": 702145, ""name"": ""郭氏(侯振山妻)"", ""source_id"": 38541, ""pages"": ""lgid=630871"", ""notes"": null}]"
87	牙將	soldier of military general's headquarters (yajiang)	03	武功	9	9	2	2	1	从军	待审核		"[{""person_id"": 8134, ""name"": ""曹彬"", ""source_id"": 7596, ""pages"": ""12082"", ""notes"": null}, {""person_id"": 17222, ""name"": ""符楚"", ""source_id"": 0, ""pages"": null, ""notes"": null}, {""person_id"": 22058, ""name"": ""王傑"", ""source_id"": 0, ""pages"": """", ""notes"": """"}]"
116	[軍事將校]	military officer	00	[未詳]	9	9	6	5	5	做官	待审核		"[{""person_id"": 22191, ""name"": ""高繼冲"", ""source_id"": 0, ""pages"": """", ""notes"": """"}, {""person_id"": 26364, ""name"": ""王中正"", ""source_id"": 0, ""pages"": null, ""notes"": null}, {""person_id"": 27718, ""name"": ""姜綬"", ""source_id"": 0, ""pages"": null, ""notes"": null}]"
123	[縣學生]	student: county student (xueshen	00	[未詳]	9	9	0	0	0		待审核		"[{""person_id"": 30058, ""name"": ""方澤林"", ""source_id"": 0, ""pages"": null, ""notes"": ""From Hartwell Entry data""}, {""person_id"": 287325, ""name"": ""程文思"", ""source_id"": 0, ""pages"": null, ""notes"": ""泉翁大全集 卷60 notes: 明故亞中大夫四川按察司副使致仕十峰程公墓誌銘;霍文敏公全集. 石頭書院, 1862年. page: 6a notes: 十峰程憲副神道碑銘""}, {""person_id"": 287326, ""name"": ""程文謨"", ""source_id"": 0, ""pages"": null, ""notes"": ""泉翁大全集 卷60 notes: 明故亞中大夫四川按察司副使致仕十峰程公墓誌銘;霍文敏公全集. 石頭書院, 1862年. page: 6a notes: 十峰程憲副神道碑銘""}]"
166	刻書家	woodblock publisher	00	[未詳]	9	9	5	2	2		待审核		"[{""person_id"": 33878, ""name"": ""毛扆"", ""source_id"": 9602, ""pages"": ""9086"", ""notes"": ""刻書家(據中央研究院明清人名權威資料)。""}, {""person_id"": 54562, ""name"": ""毛晉"", ""source_id"": 9602, ""pages"": ""9083"", ""notes"": ""刻書家(據中央研究院明清人名權威資料)。""}, {""person_id"": 54975, ""name"": ""金武祥"", ""source_id"": 9601, ""pages"": ""MQWW PoetID #454"", ""notes"": null}]"
193	經學家—公羊學	scholar of Classics (Gongyang commentary on Spring and Autumn Annals)	00	[未詳]	9	9	6	4	4	学术	待审核		"[{""person_id"": 566, ""name"": ""范正辭"", ""source_id"": 7596, ""pages"": ""9051"", ""notes"": null}, {""person_id"": 13548, ""name"": ""晁公酇"", ""source_id"": 7596, ""pages"": ""10710"", ""notes"": null}, {""person_id"": 15137, ""name"": ""劉格"", ""source_id"": 7596, ""pages"": ""21240"", ""notes"": null}]"
199	小學家－說文	philologist (shuowen)	00	[未詳]	9	9	8	5	5	学术	待审核		"[{""person_id"": 420, ""name"": ""李誡"", ""source_id"": 7596, ""pages"": ""4908"", ""notes"": null}, {""person_id"": 1094, ""name"": ""李燾"", ""source_id"": 7596, ""pages"": ""5040"", ""notes"": null}, {""person_id"": 1531, ""name"": ""孫抗"", ""source_id"": 7596, ""pages"": ""10349"", ""notes"": null}]"
287	元符上書入籍者	Yuanfu coalition member (元符黨)	09	政治	9	9	2	2	1		待审核		"[{""person_id"": 3028, ""name"": ""晁詠之"", ""source_id"": null, ""pages"": """", ""notes"": """"}, {""person_id"": 7376, ""name"": ""王詵"", ""source_id"": 7596, ""pages"": """", ""notes"": ""以黨籍被謫卒。""}, {""person_id"": 24941, ""name"": ""何大受"", ""source_id"": null, ""pages"": """", ""notes"": """"}]"
74	罪犯	convict	08	布衣事	8	8	2	2	2		待审核		"[{""person_id"": 13648, ""name"": ""陳正彙"", ""source_id"": 0, ""pages"": null, ""notes"": null}, {""person_id"": 17489, ""name"": ""呂師愈"", ""source_id"": 0, ""pages"": null, ""notes"": ""出處：全元文，第30冊 P367。長子呂約被仇家告，連及父親一同下獄，后其子呂浩上書求贖罪，開釋。""}, {""person_id"": 17490, ""name"": ""呂約"", ""source_id"": 0, ""pages"": null, ""notes"": ""出處：全元文，第30冊 P367。被仇家告，連及其父親呂師愈一同下獄，后弟弟呂浩上書為其贖罪，開釋。""}]"
122	[學生： 八行]	student: baxing	00	[未詳]	8	8	1	0	0		待审核		"[{""person_id"": 7375, ""name"": ""王庠"", ""source_id"": 0, ""pages"": null, ""notes"": ""From Hartwell Entry data""}, {""person_id"": 11270, ""name"": ""方亞夫"", ""source_id"": 0, ""pages"": null, ""notes"": ""From Hartwell Entry data""}, {""person_id"": 12724, ""name"": ""鄭甸"", ""source_id"": 0, ""pages"": null, ""notes"": ""From Hartwell Entry data""}]"
133	[增廣生員]	student: zeng guangsheng (Ws)	00	[未詳]	8	8	2	0	0		待审核		"[{""person_id"": 34825, ""name"": ""孫望雅"", ""source_id"": 0, ""pages"": null, ""notes"": ""From Hartwell Entry data""}, {""person_id"": 34826, ""name"": ""孫博雅"", ""source_id"": 0, ""pages"": null, ""notes"": ""From Hartwell Entry data""}, {""person_id"": 34827, ""name"": ""孫韻雅"", ""source_id"": 0, ""pages"": null, ""notes"": ""From Hartwell Entry data""}]"
255	精於拳法	expert in boxing	00	[未詳]	8	8	3	2	0		待审核		"[{""person_id"": 38294, ""name"": ""王珪"", ""source_id"": 7596, ""pages"": ""841"", ""notes"": null}, {""person_id"": 43083, ""name"": ""胡顯"", ""source_id"": 7596, ""pages"": ""8706"", ""notes"": null}, {""person_id"": 46251, ""name"": ""徐興"", ""source_id"": 7596, ""pages"": ""11049"", ""notes"": null}]"
35	軍閥	warlord ruler	03	武功	7	7	2	2	2		待审核		"[{""person_id"": 18316, ""name"": ""李克用"", ""source_id"": 0, ""pages"": null, ""notes"": null}, {""person_id"": 29379, ""name"": ""李璮"", ""source_id"": 0, ""pages"": null, ""notes"": null}, {""person_id"": 38818, ""name"": ""戚方"", ""source_id"": 0, ""pages"": null, ""notes"": null}]"
80	[刺史幕僚（知州幕僚）]	secretary to a prefect	01	事業	7	7	3	3	3	做官	待审核		"[{""person_id"": 10549, ""name"": ""陳克"", ""source_id"": 0, ""pages"": null, ""notes"": null}, {""person_id"": 10578, ""name"": ""薛季宣"", ""source_id"": 0, ""pages"": null, ""notes"": null}, {""person_id"": 10844, ""name"": ""曹士冕"", ""source_id"": 0, ""pages"": null, ""notes"": null}]"
83	[學生：生員]	student: shengyuan	01	事業	7	7	1	1	1		待审核		"[{""person_id"": 30592, ""name"": ""許浩"", ""source_id"": 0, ""pages"": null, ""notes"": null}, {""person_id"": 150440, ""name"": ""高纘"", ""source_id"": 0, ""pages"": null, ""notes"": ""《大唐故洛州司户高府君墓誌銘》""}, {""person_id"": 572868, ""name"": ""王養浩"", ""source_id"": 65006, ""pages"": ""lgid=192835"", ""notes"": null}]"
162	[季父房]	The Third Patriarchal Household	00	[未詳]	7	7	6	0	0		待审核		"[{""person_id"": 43470, ""name"": ""耶律蘇"", ""source_id"": 0, ""pages"": null, ""notes"": null}, {""person_id"": 43473, ""name"": ""耶律安端"", ""source_id"": 0, ""pages"": null, ""notes"": null}, {""person_id"": 43475, ""name"": ""耶律寅底石"", ""source_id"": 0, ""pages"": null, ""notes"": null}]"
171	[鑲黃旗]	Bordered Yellow Banner	00	[未詳]	7	7	4	4	2		待审核		"[{""person_id"": 55118, ""name"": ""戴佳那蘇圖"", ""source_id"": 9601, ""pages"": ""MQWW PoetID #495"", ""notes"": null}, {""person_id"": 55131, ""name"": ""鈕祜祿氏(清高宗母)"", ""source_id"": 9601, ""pages"": ""MQWW PoetID #496, HuWenKai #630"", ""notes"": """"}, {""person_id"": 55189, ""name"": ""拜都伊嵩阿"", ""source_id"": 9601, ""pages"": ""MQWW PoetID #501, HuWenKai #814"", ""notes"": null}]"
194	經學家—榖梁學	scholar of Classics (Guliang commentary on Spring and Autumn Annals)	00	[未詳]	7	7	5	4	4	学术	待审核		"[{""person_id"": 566, ""name"": ""范正辭"", ""source_id"": 7596, ""pages"": ""9051"", ""notes"": null}, {""person_id"": 15137, ""name"": ""劉格"", ""source_id"": 7596, ""pages"": ""21240"", ""notes"": null}, {""person_id"": 16228, ""name"": ""錢易直"", ""source_id"": 7596, ""pages"": ""22364"", ""notes"": null}]"
208	甲骨文專家	expert on oracle bones	00	[未詳]	7	7	6	5	5	学术	待审核		"[{""person_id"": 703, ""name"": ""夏竦"", ""source_id"": 7596, ""pages"": ""9927"", ""notes"": null}, {""person_id"": 7030, ""name"": ""黃伯思"", ""source_id"": 7596, ""pages"": ""15992"", ""notes"": null}, {""person_id"": 15239, ""name"": ""趙世宣"", ""source_id"": 7596, ""pages"": ""18755"", ""notes"": null}]"
211	哲學家	philosopher	00	[未詳]	7	7	7	3	5	学术	待审核		"[{""person_id"": 33498, ""name"": ""李塨"", ""source_id"": 9602, ""pages"": ""9180"", ""notes"": ""哲學(據中央研究院明清人名權威資料)。""}, {""person_id"": 33879, ""name"": ""毛奇齡"", ""source_id"": 9602, ""pages"": ""9082"", ""notes"": ""哲學(據中央研究院明清人名權威資料)。""}, {""person_id"": 34183, ""name"": ""王源"", ""source_id"": 9602, ""pages"": ""9284"", ""notes"": ""哲學(據中央研究院明清人名權威資料)。""}]"
251	精於箭術	excelled in archery	00	[未詳]	7	7	4	3	2		待审核		"[{""person_id"": 18323, ""name"": ""孟玄珏"", ""source_id"": 7596, ""pages"": ""7152"", ""notes"": """"}, {""person_id"": 25543, ""name"": ""劉昌祚"", ""source_id"": 7596, ""pages"": ""21729"", ""notes"": null}, {""person_id"": 39937, ""name"": ""尹玉"", ""source_id"": 7596, ""pages"": ""499"", ""notes"": null}]"
58	醫學教授	medical instructor	01	事業	6	6	1	1	1	教育	待审核		"[{""person_id"": 10046, ""name"": ""危亦林"", ""source_id"": 0, ""pages"": null, ""notes"": null}, {""person_id"": 10138, ""name"": ""俞仲溫"", ""source_id"": 0, ""pages"": """", ""notes"": """"}, {""person_id"": 10730, ""name"": ""何鳳"", ""source_id"": 0, ""pages"": null, ""notes"": null}]"
126	[貢生]	student: gongsheng	00	[未詳]	6	6	1	1	0		待审核		"[{""person_id"": 54328, ""name"": ""蔣謙"", ""source_id"": 9601, ""pages"": ""MQWW PoetID #1132, HuWenKai #735"", ""notes"": null}, {""person_id"": 319780, ""name"": ""應存素"", ""source_id"": 38685, ""pages"": ""lgid=356657"", ""notes"": null}, {""person_id"": 601718, ""name"": ""宋紹周"", ""source_id"": 4763, ""pages"": ""lgid=243600"", ""notes"": null}]"
221	相面相手者	physiognomist	00	[未詳]	6	6	2	2	2		待审核		"[{""person_id"": 39958, ""name"": ""張昭"", ""source_id"": 7596, ""pages"": ""12450"", ""notes"": null}, {""person_id"": 49321, ""name"": ""楚衍"", ""source_id"": 7596, ""pages"": ""16988"", ""notes"": null}, {""person_id"": 58830, ""name"": ""李文田"", ""source_id"": 9602, ""pages"": ""2105"", ""notes"": ""善相人(據中央研究院明清人名權威資料)。""}]"
278	河工	specialist in water conservancy	00	[未詳]	6	6	1	1	1		待审核		"[{""person_id"": 1082, ""name"": ""李士良"", ""source_id"": 0, ""pages"": null, ""notes"": null}, {""person_id"": 30757, ""name"": ""倪會鼎"", ""source_id"": 18417, ""pages"": ""lgid=316586"", ""notes"": null}, {""person_id"": 551092, ""name"": ""李良"", ""source_id"": 18417, ""pages"": ""Igid=315736"", ""notes"": null}]"
288	王安石新法反對者	New Policies dissenters	09	政治	6	6	6	6	6		待审核		"[{""person_id"": 217, ""name"": ""張方平"", ""source_id"": 7596, ""pages"": ""12940"", ""notes"": ""平居未嘗以言徇物 以色假人 王安石用事 嶷然不少屈 以是望高一時""}, {""person_id"": 971, ""name"": ""李常"", ""source_id"": null, ""pages"": """", ""notes"": """"}, {""person_id"": 1156, ""name"": ""林之奇"", ""source_id"": null, ""pages"": """", ""notes"": """"}]"
79	[幕官]	secretary: muguan	01	事業	5	5	0	0	0	做官	待审核		"[{""person_id"": 24072, ""name"": ""張庚"", ""source_id"": 7596, ""pages"": null, ""notes"": null}, {""person_id"": 35058, ""name"": ""王灼"", ""source_id"": 0, ""pages"": null, ""notes"": null}, {""person_id"": 41468, ""name"": ""吳冲"", ""source_id"": 0, ""pages"": """", ""notes"": """"}]"
167	[正黃旗]	Plain Yellow Banner	00	[未詳]	5	5	4	3	1		待审核		"[{""person_id"": 34648, ""name"": ""何景明"", ""source_id"": 27147, ""pages"": ""2906"", ""notes"": ""並稱何李""}, {""person_id"": 55146, ""name"": ""赫舍里烏雲珠"", ""source_id"": 9601, ""pages"": ""MQWW PoetID #498, HuWenKai #816"", ""notes"": null}, {""person_id"": 55148, ""name"": ""赫舍里索額圖"", ""source_id"": 9601, ""pages"": ""MQWW PoetID #498, HuWenKai #816"", ""notes"": null}]"
182	語言學家	linguist	00	[未詳]	5	5	4	2	3	学术	待审核		"[{""person_id"": 1525, ""name"": ""孫何"", ""source_id"": 7596, ""pages"": ""10354"", ""notes"": null}, {""person_id"": 10259, ""name"": ""袁文"", ""source_id"": 7596, ""pages"": ""10163"", ""notes"": null}, {""person_id"": 49321, ""name"": ""楚衍"", ""source_id"": 7596, ""pages"": ""16988"", ""notes"": null}]"
206	版本學家	expert on book editions	00	[未詳]	5	5	4	2	4	学术	待审核		"[{""person_id"": 1571, ""name"": ""宋敏求"", ""source_id"": 7596, ""pages"": ""4223"", ""notes"": null}, {""person_id"": 1767, ""name"": ""王欽臣"", ""source_id"": 7596, ""pages"": ""1948"", ""notes"": null}, {""person_id"": 30239, ""name"": ""錢謙益"", ""source_id"": 9602, ""pages"": ""9407"", ""notes"": ""版本學(據中央研究院明清人名權威資料)。""}]"
232	作家	writer	11	文章	5	5	3	1	0	写作	待审核		"[{""person_id"": 65424, ""name"": ""鄒容"", ""source_id"": 9602, ""pages"": ""8849"", ""notes"": ""寫作(據中央研究院明清人名權威資料)。""}, {""person_id"": 65779, ""name"": ""劉鶚"", ""source_id"": 9602, ""pages"": ""9237"", ""notes"": ""作家(據中央研究院明清人名權威資料)。""}, {""person_id"": 512477, ""name"": ""汪廷訥"", ""source_id"": 0, ""pages"": null, ""notes"": null}]"
281	禪機	buddhist studies	00	[未詳]	5	5	1	0	0		待审核		"[{""person_id"": 357014, ""name"": ""祁熊佳"", ""source_id"": 18417, ""pages"": ""Igid=316283"", ""notes"": null}, {""person_id"": 572155, ""name"": ""周瑾"", ""source_id"": 18417, ""pages"": ""lgid=317118"", ""notes"": null}, {""person_id"": 683443, ""name"": ""吳曠"", ""source_id"": 65192, ""pages"": ""lgid=1163905"", ""notes"": null}]"
0	[未詳]	[Unknown]	00	[未詳]	4	4	1	0	0		待审核		"[{""person_id"": 81711, ""name"": ""陳廷會"", ""source_id"": 3610, ""pages"": ""lgid=219748"", ""notes"": ""所爲文沉博雄麗""}, {""person_id"": 695053, ""name"": ""張瑋"", ""source_id"": 68002, ""pages"": ""lgid=294077"", ""notes"": null}, {""person_id"": 699702, ""name"": ""孔宗壽"", ""source_id"": 0, ""pages"": null, ""notes"": null}]"
55	在室女	maiden	08	布衣事	4	4	3	0	0		待审核		"[{""person_id"": 32229, ""name"": ""白幼美"", ""source_id"": 0, ""pages"": null, ""notes"": null}, {""person_id"": 32268, ""name"": ""元嬰"", ""source_id"": 0, ""pages"": null, ""notes"": null}, {""person_id"": 32804, ""name"": ""柳女"", ""source_id"": 0, ""pages"": null, ""notes"": null}]"
81	求仕	seeking office	08	布衣事	4	4	3	1	1		待审核		"[{""person_id"": 26465, ""name"": ""宋允"", ""source_id"": 0, ""pages"": null, ""notes"": null}, {""person_id"": 32540, ""name"": ""李白"", ""source_id"": 25640, ""pages"": null, ""notes"": null}, {""person_id"": 108209, ""name"": ""陳良能"", ""source_id"": 9599, ""pages"": ""8655"", ""notes"": ""求仕""}]"
97	以瞽廢	not serving due to blindness	00	[未詳]	4	4	1	1	1		待审核		"[{""person_id"": 22548, ""name"": ""楊希閔"", ""source_id"": 0, ""pages"": null, ""notes"": null}, {""person_id"": 55666, ""name"": ""吳綺"", ""source_id"": 65192, ""pages"": ""lgid=1163684"", ""notes"": null}, {""person_id"": 699078, ""name"": ""孫勵修"", ""source_id"": 38843, ""pages"": ""lgid=725117"", ""notes"": ""晚年失明""}]"
113	[大帥]	military general	00	[未詳]	4	4	3	3	3	做官	待审核		"[{""person_id"": 18316, ""name"": ""李克用"", ""source_id"": 0, ""pages"": null, ""notes"": null}, {""person_id"": 22620, ""name"": ""楊由義"", ""source_id"": 0, ""pages"": null, ""notes"": null}, {""person_id"": 25097, ""name"": ""姚平仲"", ""source_id"": 38685, ""pages"": ""lgid=356684"", ""notes"": ""戎帥姚平仲""}]"
134	[廩員]	student: linyuan	00	[未詳]	4	4	0	0	0		待审核		"[{""person_id"": 34856, ""name"": ""劉升"", ""source_id"": 0, ""pages"": null, ""notes"": ""From Hartwell Entry data""}, {""person_id"": 34858, ""name"": ""趙尚敬"", ""source_id"": 0, ""pages"": null, ""notes"": ""From Hartwell Entry data""}, {""person_id"": 557828, ""name"": ""湯氏(沈永祜妻)"", ""source_id"": 6243, ""pages"": ""lgid=878794"", ""notes"": null}]"
149	樂人	musical entertainer	00	[未詳]	4	4	0	0	0	艺术	待审核		"[{""person_id"": 32197, ""name"": ""李龜年"", ""source_id"": 25716, ""pages"": null, ""notes"": null}, {""person_id"": 103666, ""name"": ""汪佛奴"", ""source_id"": 9599, ""pages"": ""3737"", ""notes"": ""歌伎""}, {""person_id"": 445204, ""name"": ""唐朝美"", ""source_id"": 7353, ""pages"": ""卷2"", ""notes"": ""莊宗小酌，進新橘，命諸伶咏之。唐朝美詩先成，曰：“金香大丞相，兄弟八九人。剥皮去滓子，若箇是汝身。”帝大笑，賜所御軟金盃。""}]"
169	[正白旗]	Plain White Banner	00	[未詳]	4	4	4	2	1		待审核		"[{""person_id"": 55080, ""name"": ""完顏留保"", ""source_id"": 9601, ""pages"": ""MQWW PoetID #494, HuWenKai #815"", ""notes"": null}, {""person_id"": 55083, ""name"": ""完顏和素"", ""source_id"": 9601, ""pages"": ""MQWW PoetID #494, HuWenKai #815"", ""notes"": null}, {""person_id"": 55183, ""name"": ""鈕祜祿希光"", ""source_id"": 9601, ""pages"": ""MQWW PoetID #501, HuWenKai #814"", ""notes"": null}]"
225	科學家	scientist	00	[未詳]	4	4	4	2	2		待审核		"[{""person_id"": 30597, ""name"": ""利瑪竇"", ""source_id"": 27147, ""pages"": ""2950"", ""notes"": ""科學""}, {""person_id"": 65601, ""name"": ""宋應星"", ""source_id"": 9602, ""pages"": ""9035"", ""notes"": ""應用科學(據中央研究院明清人名權威資料)。""}, {""person_id"": 65826, ""name"": ""王徵"", ""source_id"": 9602, ""pages"": ""9294"", ""notes"": ""科學(據中央研究院明清人名權威資料)。""}]"
229	植物學家	botanist	00	[未詳]	4	4	2	2	2		待审核		"[{""person_id"": 11287, ""name"": ""鄭樵"", ""source_id"": 7596, ""pages"": ""20306"", ""notes"": null}, {""person_id"": 65763, ""name"": ""王象晉"", ""source_id"": 9602, ""pages"": ""9219"", ""notes"": ""植物學(據中央研究院明清人名權威資料)。""}, {""person_id"": 417608, ""name"": ""程自邇"", ""source_id"": 38541, ""pages"": ""lgid=630794"", ""notes"": ""性尤愛菊，著書之暇，廣求佳品數十種，手自栽灌，樂不言疲。""}]"
241	譯書家	translator of writings	00	[未詳]	4	4	3	2	2		待审核		"[{""person_id"": 66927, ""name"": ""李賢"", ""source_id"": 9602, ""pages"": ""10524"", ""notes"": ""譯書(據中央研究院明清人名權威資料)。""}, {""person_id"": 101490, ""name"": ""丘譯"", ""source_id"": 9599, ""pages"": ""1352"", ""notes"": ""譯　至元二十一年任瑞州路經""}, {""person_id"": 129680, ""name"": ""秦初"", ""source_id"": 27147, ""pages"": ""4523"", ""notes"": ""譯書""}]"
268	曾被流放	Was exiled	00	[未詳]	4	4	3	3	3		待审核		"[{""person_id"": 30080, ""name"": ""紀昀"", ""source_id"": 27864, ""pages"": ""50-55"", ""notes"": ""新疆 [烏魯木齊]""}, {""person_id"": 32540, ""name"": ""李白"", ""source_id"": 4801, ""pages"": null, ""notes"": ""卷一九〇《李白傳》：\r\n永王謀亂，兵敗，白坐長流夜郞。""}, {""person_id"": 128287, ""name"": ""吳璽"", ""source_id"": 2461, ""pages"": ""lgid=480292"", ""notes"": ""瓦剌入貢，詔問馬駝芻菽數，不能對，復與璽、瑺論斬繫獄，中敷以母病特許歸省。明年冬，當決囚，法司以請。命璽、瑺戍邊，中敷俟母終具奏，已釋爲民。""}]"
269	曾被彈劾	Was impeached	00	[未詳]	4	4	2	2	2		待审核		"[{""person_id"": 66947, ""name"": ""劉中敷"", ""source_id"": 2461, ""pages"": ""lgid=480291"", ""notes"": ""三年，諷給事御史劾中敷與左侍郎吳璽等下獄，釋還職。六年，言官劾中敷專擅，詔法司於內廷雜治，當流，許輸贖，帝特宥之。""}, {""person_id"": 128287, ""name"": ""吳璽"", ""source_id"": 2461, ""pages"": ""lgid=480292"", ""notes"": ""六年，言官劾中敷專擅，詔法司於內廷雜治，當流，許輸贖，帝特宥之。其冬，中敷、璽及右侍郎陳瑺請以供御牛馬分牧民間，言官劾其變亂成法，並下獄論斬，詔荷校長安門外凡十六日而釋。""}, {""person_id"": 700715, ""name"": ""失里"", ""source_id"": 70797, ""pages"": ""lgid=8668"", ""notes"": null}]"
158	歸明人	foreign official who give allegiance to dynasty	00	[未詳]	3	3	2	2	0		待审核		"[{""person_id"": 44562, ""name"": ""姚承贊"", ""source_id"": 0, ""pages"": null, ""notes"": null}, {""person_id"": 66930, ""name"": ""金順"", ""source_id"": 27147, ""pages"": ""3279"", ""notes"": ""永樂七年來降""}, {""person_id"": 66931, ""name"": ""金忠"", ""source_id"": 27147, ""pages"": ""3258"", ""notes"": ""忠率妻子部屬來降""}]"
170	[正紅旗]	Plain Red Banner	00	[未詳]	3	3	0	0	0		待审核		"[{""person_id"": 33189, ""name"": ""金德純"", ""source_id"": 0, ""pages"": null, ""notes"": null}, {""person_id"": 56769, ""name"": ""棟鄂珠亮"", ""source_id"": 9601, ""pages"": ""MQWW PoetID #668, HuWenKai #818"", ""notes"": null}, {""person_id"": 56778, ""name"": ""棟鄂嵩山"", ""source_id"": 9601, ""pages"": ""MQWW PoetID #668, HuWenKai #818"", ""notes"": null}]"
196	經學家—今文經學	scholar of Classics (New Text School)	00	[未詳]	3	3	3	3	2		待审核		"[{""person_id"": 33480, ""name"": ""郭忠恕"", ""source_id"": 7596, ""pages"": ""11776"", ""notes"": null}, {""person_id"": 61627, ""name"": ""莊存與"", ""source_id"": 9602, ""pages"": ""4967"", ""notes"": ""經學大家,特別是《春秋》,屬今文經學派(據中央研究院明清人名權威資料)。""}, {""person_id"": 65918, ""name"": ""皮錫瑞"", ""source_id"": 9602, ""pages"": ""9421"", ""notes"": ""今文經學(據中央研究院明清人名權威資料)。""}]"
205	目錄學家	bibliographer	00	[未詳]	3	3	3	3	2	学术	待审核		"[{""person_id"": 11, ""name"": ""晁公武"", ""source_id"": 7596, ""pages"": ""10701"", ""notes"": null}, {""person_id"": 47935, ""name"": ""陳振孫"", ""source_id"": 7596, ""pages"": ""14482"", ""notes"": null}, {""person_id"": 65929, ""name"": ""黃紹箕"", ""source_id"": 9602, ""pages"": ""9434"", ""notes"": ""目錄學(據中央研究院明清人名權威資料)。""}]"
242	翻譯	language translator	00	[未詳]	3	3	3	0	0		待审核		"[{""person_id"": 55083, ""name"": ""完顏和素"", ""source_id"": 9602, ""pages"": ""9253"", ""notes"": ""翻譯(據中央研究院明清人名權威資料)。""}, {""person_id"": 55085, ""name"": ""完顏阿什坦"", ""source_id"": 9602, ""pages"": ""9358"", ""notes"": ""翻譯(據中央研究院明清人名權威資料)。""}, {""person_id"": 65421, ""name"": ""達海"", ""source_id"": 9602, ""pages"": ""8846"", ""notes"": ""翻譯(據中央研究院明清人名權威資料)。""}]"
244	雕繪鐫刻家	sculptor	00	[未詳]	3	3	1	1	1	艺术	待审核		"[{""person_id"": 34513, ""name"": ""岳正"", ""source_id"": 9602, ""pages"": ""11226"", ""notes"": ""雕繪鐫刻(據中央研究院明清人名權威資料)。""}, {""person_id"": 693765, ""name"": ""馬士鯉"", ""source_id"": 2510, ""pages"": ""lgid=169612"", ""notes"": ""工鐫碑""}, {""person_id"": 700610, ""name"": ""沈君玉"", ""source_id"": 68573, ""pages"": ""lgid=177463"", ""notes"": null}]"
18	[捐納得官]	office title from contribution	07	時事	2	2	0	0	0		待审核		"[{""person_id"": 30749, ""name"": ""倪述初"", ""source_id"": 0, ""pages"": null, ""notes"": null}, {""person_id"": 577499, ""name"": ""方源聚"", ""source_id"": 65192, ""pages"": ""lgid=1163763"", ""notes"": null}]"
46	耶穌會士	Jesuit	06	宗教	2	2	2	0	2	宗教	待审核		"[{""person_id"": 30597, ""name"": ""利瑪竇"", ""source_id"": 0, ""pages"": null, ""notes"": null}, {""person_id"": 577344, ""name"": ""龐迪我"", ""source_id"": 0, ""pages"": null, ""notes"": null}]"
49	侍女	lady-in-waiting	04	宗社	2	2	0	0	0		待审核		"[{""person_id"": 11314, ""name"": ""朱白蓮花"", ""source_id"": 0, ""pages"": null, ""notes"": null}, {""person_id"": 133284, ""name"": ""薛大觀"", ""source_id"": 27147, ""pages"": ""9312"", ""notes"": ""侍女""}]"
92	包攬?	tax broker	00	[未詳]	2	2	0	0	0		待审核		"[{""person_id"": 25550, ""name"": ""戴洵曦"", ""source_id"": 0, ""pages"": null, ""notes"": null}, {""person_id"": 25551, ""name"": ""戴舜文"", ""source_id"": 0, ""pages"": null, ""notes"": null}]"
106	[鮮卑可汗]	Xianbi khan	00	[未詳]	2	2	1	0	0		待审核		"[{""person_id"": 14670, ""name"": ""慕容莫護跋"", ""source_id"": 0, ""pages"": null, ""notes"": null}, {""person_id"": 17119, ""name"": ""慕容廆"", ""source_id"": 0, ""pages"": null, ""notes"": null}]"
129	[歲貢]	student: suigong	00	[未詳]	2	2	1	0	0		待审核		"[{""person_id"": 71815, ""name"": ""王宗耀"", ""source_id"": 4763, ""pages"": ""lgid=243606"", ""notes"": null}, {""person_id"": 699034, ""name"": ""王經袖"", ""source_id"": 38843, ""pages"": ""lgid=725114"", ""notes"": null}]"
145	官伎	government entertainer	00	[未詳]	2	2	0	0	0	艺术	待审核		"[{""person_id"": 37887, ""name"": ""王英英"", ""source_id"": 7596, ""pages"": ""1799"", ""notes"": null}, {""person_id"": 105275, ""name"": ""孫氏"", ""source_id"": 9599, ""pages"": ""5504"", ""notes"": ""官妓""}]"
152	劊子手	executioner	00	[未詳]	2	2	1	0	0		待审核		"[{""person_id"": 39818, ""name"": ""沈安"", ""source_id"": 7596, ""pages"": ""3712"", ""notes"": null}, {""person_id"": 40771, ""name"": ""李超"", ""source_id"": 0, ""pages"": null, ""notes"": null}]"
154	刻工	printblock carver	00	[未詳]	2	2	1	0	0	手工业	待审核		"[{""person_id"": 10880, ""name"": ""陳起"", ""source_id"": 7596, ""pages"": ""13651"", ""notes"": null}, {""person_id"": 41052, ""name"": ""李仲寧"", ""source_id"": 0, ""pages"": """", ""notes"": """"}]"
159	歸正人	returned to proper allegiance	00	[未詳]	2	2	1	1	1		待审核		"[{""person_id"": 30359, ""name"": ""辛棄疾"", ""source_id"": 40333, ""pages"": null, ""notes"": ""鄧恭三先生《年譜》以為『歸正人』，據補。""}, {""person_id"": 45221, ""name"": ""時青"", ""source_id"": 0, ""pages"": null, ""notes"": null}]"
228	生物學家	biologist	00	[未詳]	2	2	2	1	2		待审核		"[{""person_id"": 11287, ""name"": ""鄭樵"", ""source_id"": 7596, ""pages"": ""20306"", ""notes"": null}, {""person_id"": 30309, ""name"": ""郝懿行"", ""source_id"": 9602, ""pages"": ""9227"", ""notes"": ""生物學(據中央研究院明清人名權威資料)。""}]"
271	外交	diplomat	00	[未詳]	2	2	2	2	2		待审核		"[{""person_id"": 3135, ""name"": ""張君平"", ""source_id"": 2113, ""pages"": null, ""notes"": ""甲申，起居舍人吕夷簡爲契丹國主生辰使，供奉官、閤門祗候曹琮副之。工部郎中、直史館陳堯佐爲正旦使，侍禁、閤門祗候張君平副之。琮，彬幼子。君平，滏陽人。""}, {""person_id"": 34647, ""name"": ""潘希曾"", ""source_id"": 0, ""pages"": null, ""notes"": ""竹澗集. 四庫全書. 集部6, 附錄. page: 13.1a notes: 明故正議大夫資治尹兵部左侍郎贈兵部尚書竹澗潘公墓誌銘 使安南""}]"
282	考古	specialist in archaelogy	00	[未詳]	2	2	1	0	1		待审核		"[{""person_id"": 34236, ""name"": ""臧琳"", ""source_id"": 39136, ""pages"": ""lgid=152256"", ""notes"": null}, {""person_id"": 698697, ""name"": ""楊大墉"", ""source_id"": 39136, ""pages"": ""lgid=152351"", ""notes"": null}]"
290	王安石新法支持者	New Policies supporters	09	政治	2	2	1	1	1		待审核		"[{""person_id"": 1649, ""name"": ""蔡京"", ""source_id"": 7596, ""pages"": ""20853"", ""notes"": ""更鹽錢法 貶竄元祐諸臣略盡 復王安石新法 進司空 拜太師""}, {""person_id"": 1844, ""name"": ""王廣淵"", ""source_id"": 7596, ""pages"": """", ""notes"": """"}]"
295	宗室女夫	Daughter of royal clan's husband	04	宗社	2	2	0	0	0		待审核		"[{""person_id"": 573318, ""name"": ""王垍"", ""source_id"": 2493, ""pages"": ""王魯翁墓志"", ""notes"": null}, {""person_id"": 698536, ""name"": ""劉捷名"", ""source_id"": 38843, ""pages"": ""lgid=725101"", ""notes"": ""締婚魯藩""}]"
298	基督教皈依者	Converts to Christianity	06	宗教	2	2	2	2	2		待审核		"[{""person_id"": 30598, ""name"": ""徐光啟"", ""source_id"": 0, ""pages"": null, ""notes"": null}, {""person_id"": 65602, ""name"": ""李之藻"", ""source_id"": 0, ""pages"": null, ""notes"": null}]"
82	薩滿教巫師	shamen	06	宗教	1	1	0	0	0	宗教	待审核		"[{""person_id"": 41755, ""name"": ""吳椿年"", ""source_id"": 7596, ""pages"": ""6463"", ""notes"": null}]"
88	[推薦參加制科]	recommended for decree exam	07	時事	1	1	0	0	0		待审核		"[{""person_id"": 30748, ""name"": ""倪春"", ""source_id"": 0, ""pages"": null, ""notes"": null}]"
91	[太尉（漢）]	taiwei (Han)	00	[未詳]	1	1	0	0	0		待审核		"[{""person_id"": 12357, ""name"": ""楊震"", ""source_id"": 0, ""pages"": null, ""notes"": null}]"
93	[稅務官]	tax collector	00	[未詳]	1	1	1	0	1	做官	待审核		"[{""person_id"": 16003, ""name"": ""巫大方"", ""source_id"": 0, ""pages"": null, ""notes"": null}]"
101	[主管某廂]	urban ward leader	00	[未詳]	1	1	0	0	0		待审核		"[{""person_id"": 19395, ""name"": ""汪之綱"", ""source_id"": 0, ""pages"": null, ""notes"": ""通直郎前主管城北石廂汪之綱""}]"
125	[附貢]	student: fugong	00	[未詳]	1	1	1	0	1		待审核		"[{""person_id"": 30648, ""name"": ""胡天游"", ""source_id"": 0, ""pages"": null, ""notes"": ""From Hartwell Entry data""}]"
132	[例貢]	student: ligong	00	[未詳]	1	1	0	0	0		待审核		"[{""person_id"": 33802, ""name"": ""陸相"", ""source_id"": 0, ""pages"": null, ""notes"": ""From Hartwell Entry data""}]"
135	[預鄉薦]	student: xiangjian	00	[未詳]	1	1	0	0	0		待审核		"[{""person_id"": 17491, ""name"": ""呂浩"", ""source_id"": 0, ""pages"": null, ""notes"": ""From Hartwell Entry data""}]"
172	[鑲藍旗]	Bordered Blue Banner	00	[未詳]	1	1	0	0	0		待审核		"[{""person_id"": 69753, ""name"": ""沃哷佛喜"", ""source_id"": 9601, ""pages"": ""MQWW PoetID #703, HuWenKai #818"", ""notes"": null}]"
187	腐儒	narrow pedant	00	[未詳]	1	1	1	0	0		待审核		"[{""person_id"": 69275, ""name"": ""王命時"", ""source_id"": 9602, ""pages"": ""12977"", ""notes"": ""帖括(據中央研究院明清人名權威資料)。""}]"
212	精通西學	scholar of Western learning	00	[未詳]	1	1	1	0	0		待审核		"[{""person_id"": 65828, ""name"": ""王韜"", ""source_id"": 9602, ""pages"": ""9296"", ""notes"": ""西學(據中央研究院明清人名權威資料)。""}]"
246	出版家	publisher	00	[未詳]	1	1	1	0	0		待审核		"[{""person_id"": 30235, ""name"": ""丁丙"", ""source_id"": 9602, ""pages"": ""9008"", ""notes"": ""出版家(據中央研究院明清人名權威資料)。""}]"
259	華僑	overseas Chinese	00	[未詳]	1	1	1	1	0		待审核		"[{""person_id"": 64572, ""name"": ""張振勳"", ""source_id"": 9602, ""pages"": ""7978"", ""notes"": ""南洋華僑(據中央研究院明清人名權威資料)。""}]"
260	外文學家	scholar of foreign literature	00	[未詳]	1	1	1	0	0	学术	待审核		"[{""person_id"": 69417, ""name"": ""王漣"", ""source_id"": 9602, ""pages"": ""13123"", ""notes"": ""英國語文(據中央研究院明清人名權威資料)。""}]"
270	圖讖	prognostication	00	[未詳]	1	1	1	0	0		待审核		"[{""person_id"": 90664, ""name"": ""藍瑛"", ""source_id"": 3610, ""pages"": ""lgid=219864"", ""notes"": ""言指河圖洛書云古人未有書先有圖圖何必不名家遂留意""}]"
273	四書	scholars of the Four Books 	00	[未詳]	1	1	0	0	0		待审核		"[{""person_id"": 700693, ""name"": ""司元直"", ""source_id"": 38541, ""pages"": ""lgid=630818"", ""notes"": null}]"
280	神學	 christianity	00	[未詳]	1	1	1	1	0		待审核		"[{""person_id"": 59966, ""name"": ""李天經"", ""source_id"": 0, ""pages"": null, ""notes"": null}]"
289	遭Y反秦檜勢力排擠	Purged by anti-Qin Gui forces	09	政治	1	1	0	0	0		待审核		"[{""person_id"": 45551, ""name"": ""曹冠"", ""source_id"": null, ""pages"": """", ""notes"": """"}]"
297	傳教士	Missionary	06	宗教	1	1	1	0	1	宗教	待审核		"[{""person_id"": 124311, ""name"": ""艾儒略"", ""source_id"": 0, ""pages"": null, ""notes"": null}]"
299	天主教徒	Catholic	06	宗教	1	1	0	0	0		待审核		"[{""person_id"": 405876, ""name"": ""李九標"", ""source_id"": 0, ""pages"": null, ""notes"": null}]"
