code	raw_rows	chinese	kin_path	simplified_path	inverse_code_1	inverse_code_2	up_steps	down_steps	marriage_steps	collateral_steps
75	92108	父	F	F	180	176	1	0	0	0
180	91810	子	S	S	75	111	0	1	0	0
126	57188	弟	B-	B	125	164	0	0	0	1
125	57164	兄	B+	B	126	169	0	0	0	1
134	29706	丈夫	H	H	-10000	135	0	0	1	0
62	29124	祖父	FF	FF	243	251	2	0	0	0
243	28549	孫	SS	SS	62	370	0	2	0	0
135	25694	妻子	W	W	134	-10000	0	0	1	0
48	20162	曾祖	FFF	FFF	255	347	3	0	0	0
255	19712	曾孫; 重孫	SSS	SSS	48	369	0	3	0	0
111	18927	母	M	M	180	176	1	0	0	0
76	7960	岳父	WF	WF	181	-10000	1	0	1	0
181	7183	女婿	DH	DH	76	364	0	1	1	0
176	5272	女兒	D	D	75	111	0	1	0	0
182	4887	長子; 第一子	S1	S	75	111	0	1	0	0
183	4039	次子	S2	S	75	111	0	1	0	0
214	4023	繼子	S^	S	98	375	0	1	0	0
375	3993	繼母	M^	M	214	376	1	0	0	0
177	3603	從子;姪子	BS	BS	79	331	0	1	0	1
79	3029	從父;伯叔父	FB	FB	177	330	1	0	0	1
163	2952	第二任妻	W2	W	134	-10000	0	0	1	0
184	2168	三子	S3	S	75	111	0	1	0	0
118	2005	兄弟	B	B	118	374	0	0	0	1
39	1391	高祖;四世祖	FFFF	FFFF	263	368	4	0	0	0
251	1368	孫女	SD	SD	62	370	0	2	0	0
263	1338	玄孫;四世孫	SSSS	SSSS	39	367	0	4	0	0
560	1321	嗣子(作為繼承人的兒子)	S	S	75	111	0	1	0	0
303	1179	直系後裔	G+n	G+n	2	2	0	99	0	0
185	1166	四子	S4	S	75	111	0	1	0	0
2	1136	直系祖先	G-n	G-n	303	303	99	0	0	0
169	843	妹	Z-	Z	125	164	0	0	0	1
370	795	祖母	FM	FM	243	251	2	0	0	0
420	758	嫡母	M~	M	180	176	1	0	0	0
164	741	姊	Z+	Z	126	169	0	0	0	1
396	734	子婦;兒媳	SW	SW	395	399	0	1	1	0
119	731	從兄弟;堂兄弟	FBS	FBS	119	-1	1	1	0	1
226	726	私生子	S!	S	363	377	0	1	0	0
244	720	孫女婿	SDH	SDH	63	-1	0	2	1	0
377	716	私生子女之本生母	M!	M	226	373	1	1	0	0
138	684	第一任妻	W1	W	134	-10000	0	0	1	0
347	676	曾孫女	SSD	SSD	48	369	0	3	0	0
63	647	妻之祖父	WFF	WFF	244	-10000	2	0	1	0
191	638	五子	S5	S	75	111	0	1	0	0
240	621	姪孫;從孫	BSS	BSS	64	469	0	2	0	1
131	619	從兄	FBS+	FBS	130	416	1	1	0	1
130	606	從弟	FBS-	FBS	131	417	1	1	0	1
332	594	長女婿	D1H	DH	76	364	0	1	1	0
64	552	從祖;伯叔祖	FFB	FFB	240	459	2	0	0	1
333	517	二女婿	D2H	DH	76	364	0	1	1	0
186	496	過繼的嗣子	S*	S	82	378	0	1	0	0
395	496	翁;公公;丈夫之父	HF	HF	-10000	396	1	0	1	0
398	460	五世孫;來孫	G+5	G+5	397	-1	0	5	0	0
397	458	五世祖;高曾祖	G-5	G-5	398	398	5	0	0	0
168	419	妾	C	C	134	-10000	0	0	1	0
272	416	六世孫;昆孫	G+6	G+6	36	-1	0	6	0	0
36	415	六世祖;太祖	G-6	G-6	272	272	6	0	0	0
364	395	岳母	WM	WM	181	-10000	1	0	1	0
82	378	嗣父	F*	F	186	-10000	1	0	0	0
0	364	未詳	U	U	0	0	99	99	99	99
193	363	獨子	S (only son)	S	75	111	0	1	0	0
517	357	叔;叔父	FB–	FB	177	330	1	0	0	1
210	347	族子	K+1(male)	K+1(male)	97	93	1	2	0	1
117	340	姻親	A	A	117	117	0	0	1	1
97	338	族父	K-1(male)	K-1(male)	210	471	2	1	0	1
194	316	六子	S6	S	75	111	0	1	0	0
66	314	外祖父	MF	MF	238	372	2	0	0	0
338	299	三女婿	D3H	DH	76	364	0	1	1	0
327	290	長女	D1	D	75	111	0	1	0	0
31	275	七世祖;太曾祖	G-7	G-7	277	277	7	0	0	0
277	273	七世孫;仍孫	G+7	G+7	31	-1	0	7	0	0
230	269	二女	D2	D	75	111	0	1	0	0
77	249	母舅	MB	MB	179	366	1	0	0	1
399	248	丈夫之母;婆婆	HM	HM	-10000	396	1	0	1	0
88	244	第二任妻父	W2F	WF	181	-10000	1	0	1	0
238	244	外孫	DS	DS	66	371	0	2	0	0
179	239	外甥	ZS	ZS	77	365	0	1	0	1
369	234	曾祖母	FFM	FFM	255	347	3	0	0	0
325	223	族兄弟	K(male)	K(male)	325	419	2	2	0	1
374	221	姊妹	Z	Z	118	374	0	0	0	1
516	210	伯;伯父	FB+	FB	177	330	1	0	0	1
87	198	第一任妻父	W1F	WF	181	-10000	1	0	1	0
147	197	族人(輩分不詳)	Kn	Kn	147	147	2	2	1	1
165	191	長兄	B1	B	126	169	0	0	0	1
424	189	兄弟之妻	BW	BW	425	423	0	0	1	1
188	184	季子	Sn	S	75	111	0	1	0	0
331	184	姑母	FZ	FZ	177	330	1	0	0	1
29	180	八世祖;太高祖	G-8	G-8	279	279	8	0	0	0
279	180	八世孫;雲孫	G+8	G+8	29	-1	0	8	0	0
4	178	同族長輩	K-n	K-n	304	304	2	1	0	2
304	174	同族晚輩	K+n	K+n	4	4	2	2	0	1
330	170	從女;姪女	BD	BD	79	331	0	1	0	1
253	168	曾姪孫;從曾孫	BSSS	BSSS	50	470	0	3	0	1
50	166	曾伯叔祖;從曾祖	FFFB	FFFB	253	418	3	0	0	1
196	165	七子	S7	S	75	111	0	1	0	0
336	153	四女婿	D4H	DH	76	364	0	1	1	0
425	152	夫之兄弟	HB	HB	-10000	424	0	0	1	1
281	134	九世孫	G+9	G+9	28	-1	0	9	0	0
28	133	九世祖;太高曾祖	G-9	G-9	281	281	9	0	0	0
159	127	妹夫	Z-H	ZH	137	383	0	0	1	1
250	126	族孫	K+2(male)	K+2(male)	73	460	1	3	0	1
329	126	三女	D3	D	75	111	0	1	0	0
73	123	族祖父;族父的父親,即祖父的堂兄弟	K-2(male)	K-2(male)	250	-1	3	1	0	0
378	116	嗣母	M*	M	186	227	1	0	0	0
143	110	族兄	K+(male)	K+(male)	144	462	2	2	0	1
341	109	未婚妻	W%	W	342	-10000	0	0	1	0
342	107	未婚夫	H%	H	-10000	341	0	0	1	0
137	106	妻兄	WB+	WB	159	-10000	0	0	1	1
144	104	族弟	K-(male)	K-(male)	143	461	2	2	0	1
464	104	孫媳	SSW	SSW	465	466	0	2	1	0
199	91	八子	S8	S	75	111	0	1	0	0
400	89	伯叔母	FBW	FBW	434	435	1	0	1	1
337	88	五女婿	D5H	DH	76	364	0	1	1	0
372	87	外孫女	DD	DD	66	371	0	2	0	0
136	86	姐夫	Z+H	ZH	385	384	0	0	1	1
162	86	姊妹夫	ZH	ZH	152	386	0	0	1	1
178	86	姪女之夫	BDH	BDH	80	558	0	1	1	1
465	77	夫之祖父	HFF	HFF	-10000	464	2	0	1	0
282	76	十世孫	G+10	G+10	26	-1	0	10	0	0
26	75	十世祖	G-10	G-10	282	282	10	0	0	0
434	75	夫之從子	HBS	HBS	-10000	400	0	1	1	1
80	72	妻之叔伯	WFB	WFB	178	-10000	1	0	1	1
152	65	內兄弟;妻兄弟	WB	WB	162	-10000	0	0	1	1
385	65	妻弟	WB-	WB	136	-10000	0	0	1	1
206	64	九子	S9	S	75	111	0	1	0	0
368	63	玄孫女	SSSD	SSSD	39	263	0	4	0	0
107	60	養父	F°	F	436	227	1	0	0	0
166	59	季弟	By	B	125	164	0	0	0	1
436	57	養子(非嗣子)	S°	S	107	437	0	1	0	0
334	53	四女	D4	D	75	111	0	1	0	0
98	52	繼父	F^	F	214	376	1	0	0	0
49	51	妻之曾祖	WFFF	WFFF	256	-10000	3	0	1	0
256	51	曾孫女婿	SSDH	SSDH	49	-1	0	3	1	0
366	49	甥女	ZD	ZD	77	365	0	1	0	1
104	48	姪女未婚夫之父	BDH%F	BDHF	103	-1	1	1	1	1
365	48	姨;從母	MZ	MZ	179	366	1	0	0	1
103	47	兒子未婚妻之伯叔父	SW%FB	SWFB	104	-1	1	1	1	1
344	46	第三任妻	W3	W	134	-10000	0	0	1	0
283	45	十一世孫	G+11	G+11	25	-1	0	11	0	0
416	45	從妹	FBD-	FBD	131	417	1	1	0	1
25	44	十一世祖	G-11	G-11	283	283	11	0	0	0
198	42	唯一幸存的兒子	S (only surviving son)	S	75	111	0	1	0	0
472	42	始祖;始遷祖	G-n (apical)	G-n (apical)	303	303	99	0	0	0
92	41	第三任妻父	W3F	WF	181	-10000	1	0	1	0
86	39	許妻以女	W%F	WF	197	-10000	1	0	1	0
197	39	得許娶其女	DH%	DH	86	-1	0	1	1	0
403	39	表兄	P+(male)	P+(male)	410	413	1	1	0	1
423	39	夫之姐妹	HZ	HZ	-10000	424	0	0	1	1
195	38	十子	S10	S	75	111	0	1	0	0
519	38	叔祖;叔祖父	FFB–	FFB	240	459	2	0	0	1
173	37	連襟;妻姊妹之夫	WZH	WZH	173	-10000	0	0	2	1
346	34	第二任丈夫	H2	H	-10000	135	0	0	1	0
410	34	表弟	P-(male)	P-(male)	403	412	1	1	0	1
345	33	第一任丈夫	H1	H	-10000	135	0	0	1	0
24	31	十二世祖	G-12	G-12	284	284	12	0	0	0
220	31	幸存的長子	S (eldest surviving son)	S	75	111	0	1	0	0
284	31	十二世孫	G+12	G+12	24	-1	0	12	0	0
335	31	五女	D5	D	75	111	0	1	0	0
518	31	伯祖;伯祖父	FFB+	FFB	240	459	2	0	0	1
207	30	十一子	S11	S	75	111	0	1	0	0
356	29	六女婿	D6H	DH	76	364	0	1	1	0
417	29	從姊	FBD+	FBD	130	416	1	1	0	1
23	28	十三世祖	G-13	G-13	285	285	13	0	0	0
466	28	夫之祖母	HFM	HFM	-10000	464	2	0	1	0
439	27	過繼的嗣孫	SS*	SS	440	584	0	2	0	0
285	26	十三世孫	G+13	G+13	23	-1	0	13	0	0
426	25	姑父	FZH	FZH	401	402	1	0	1	1
445	25	再從孫;堂姪孫	FBSSS	FBSSS	446	-1	1	3	0	1
557	25	妻子的祖母	WFM	WFM	244	-10000	2	0	2	0
201	24	第二任女婿	DH2	DH	76	364	0	1	1	0
383	24	妻姊	WZ+	WZ	159	-10000	0	0	1	1
440	24	嗣祖父	FF*	FF	439	-10000	2	0	0	0
446	24	祖父之從兄弟;再從祖	FFFBS	FFFBS	445	-1	3	1	0	1
167	22	再從兄弟	FFBSS	FFBSS	167	-1	2	2	0	1
307	22	十四子	S14	S	75	111	0	1	0	0
22	21	十四世祖	G-14	G-14	286	286	14	0	0	0
286	21	十四世孫	G+14	G+14	22	-1	0	14	0	0
371	21	外祖母	MM	MM	238	372	2	0	0	0
384	21	妻妹	WZ-	WZ	136	-10000	0	0	1	1
401	21	妻之從子	WBS	WBS	426	-10000	0	1	1	1
469	21	祖姑	FFZ	FFZ	240	459	2	0	0	1
52	20	外曾祖父	MFF	MFF	252	-1	3	0	0	0
72	20	第一任妻之祖	W1FF	WFF	244	-10000	2	0	1	0
74	20	第二任妻之祖	W2FF	WFF	244	-10000	2	0	1	0
459	19	姪孫女	BSD	BSD	64	469	0	2	0	1
132	18	再從弟	FFBSS-	FFBSS	133	-1	2	2	0	1
413	18	表妹	P-(female)	P-(female)	403	412	1	1	0	1
521	18	夫之曾祖	HFFF	HFFF	-10000	481	3	0	1	0
93	17	族姑	K-1(female)	K-1(female)	210	471	2	1	0	1
100	17	妾之父	CF	CF	181	-10000	1	0	1	0
227	17	養女	D°	D	107	437	0	1	0	0
252	17	外孫女之子	DDS	DDS	52	-1	0	3	0	0
376	17	繼女	D^	D	98	375	0	1	0	0
421	17	表姪	P+1(male)	P+1(male)	422	580	1	2	0	1
33	16	五世叔伯祖	FFFFFB	FFFFFB	271	-1	5	0	0	1
224	16	第一任女婿	DH1	DH	76	364	0	1	1	0
271	16	從來孫	BSSSSS	BSSSSS	33	-1	0	5	0	1
411	16	表兄弟	P(male)	P(male)	411	414	1	1	0	1
437	16	養母	M°	M	436	227	1	0	0	0
451	16	六女	D6	D	75	111	0	1	0	0
468	16	庶母	M(C)	M	180	176	1	0	0	0
481	16	曾孫媳婦	SSSW	SSSW	521	-1	0	3	1	0
515	16	表親	Pn	Pn	515	515	1	1	0	1
47	15	同族五世祖	K-5	K-5	269	269	6	1	0	1
204	15	庶子	CS	CS	75	111	0	1	0	0
269	15	同族五世孫	K+5	K+5	47	47	1	6	0	1
550	14	五十五世祖	G-55	G-55	554	-1	55	0	0	0
94	13	妻之母舅	WMB	WMB	232	-10000	1	0	1	1
133	13	再從兄	FFBSS+	FFBSS	132	-1	2	2	0	1
172	13	繼兄	B+^	B	171	380	0	0	0	1
232	13	甥女婿;姊妹之女婿	ZDH	ZDH	94	-1	0	1	1	1
412	13	表姐	P+(female)	P+(female)	410	413	1	1	0	1
150	12	同母異父弟	B½-	B	151	382	0	0	0	1
151	12	同母異父兄	B½+	B	150	438	0	0	0	1
171	12	繼弟	B-^	B	172	379	0	0	0	1
343	12	獨女	D (only daughter)	D	75	111	0	1	0	0
419	12	族姊妹	K(female)	K(female)	325	419	2	2	0	1
554	12	五十五世孫	G+55	G+55	550	-1	0	55	0	0
65	11	妻之叔伯祖	WFFB	WFFB	245	-10000	2	0	1	1
205	11	十三子	S13	S	75	111	0	1	0	0
245	11	姪孫女之夫	BSDH	BSDH	65	-10000	0	2	1	1
367	11	高祖母	FFFM	FFFM	263	368	4	0	0	0
386	11	妻之姊妹	WZ	WZ	162	-10000	0	0	1	1
406	11	姨表兄弟	MZS	MZS	406	431	1	1	0	1
422	11	表叔伯	P-1(male)	P-1(male)	421	-1	2	1	0	1
-10000	10	非可用	"	
Not Applicable"	ZZZZZZZ	-10000	-10000	100	100	100	100
19	10	十七世祖	G-17	G-17	290	290	17	0	0	0
38	10	同族六世祖	K-6	K-6	275	275	7	1	0	1
157	10	堂姊妹之夫	FBDH	FBDH	156	-1	1	1	1	1
275	10	同族六世孫	K+6	K+6	38	38	1	7	0	1
290	10	十七世孫	G+17	G+17	19	-1	0	17	0	0
363	10	私生子之本生父	F!	F	226	373	1	1	0	0
435	10	夫之從女	HBD	HBD	-10000	400	0	1	1	1
452	10	七女	D7	D	75	111	0	1	0	0
508	10	姪媳婦	BSW	BSW	540	-10000	0	1	1	1
540	10	夫之從父	HFB	HFB	-10000	508	1	0	1	1
565	10	繼祖	FF^	FF	566	566	2	0	0	0
568	10	非親生子	S#	S	571	570	0	1	0	0
579	10	再從子;堂姪	FBSS	FBSS	581	582	1	2	0	1
588	10	妯娌;夫兄弟之妻	HBW	HBW	588	-10000	0	0	2	1
20	9	十六世祖	G-16	G-16	288	288	16	0	0	0
121	9	舅表兄弟	MBS	MBS	405	-1	1	1	0	1
156	9	妻之堂兄弟	WFBS	WFBS	157	-10000	1	1	1	1
221	9	十二子	S12	S	75	111	0	1	0	0
239	9	外孫女婿	DDH	DDH	67	-1	0	2	1	0
21	8	十五世祖	G-15	G-15	287	287	15	0	0	0
30	8	八世叔伯祖	G-8B	G-8B	278	278	8	0	0	1
42	8	外高祖父	MFFF	MFFF	265	-1	4	0	0	0
67	8	岳母之父	WMF	WMF	239	-10000	2	0	1	0
127	8	姑表弟	FZS-	FZS	128	-1	1	1	0	1
265	8	曾孫女之子	SSDS	SSDS	42	-1	0	4	0	0
278	8	兄弟之八世孫	BG+8	BG+8	30	-1	8	0	0	1
287	8	十五世孫	G+15	G+15	21	-1	0	15	0	0
429	8	外祖父之兄弟	MFB	MFB	430	-1	2	0	0	1
549	8	五十四世祖	G-54	G-54	553	-1	54	0	0	0
553	8	五十四世孫	G+54	G+54	549	-1	0	54	0	0
566	8	繼孫子	SS^	SS	565	565	0	2	0	0
570	8	非親生母	M#	M	568	569	1	0	0	0
581	8	再從父	FFBS	FFBS	579	583	2	1	0	1
16	7	十九世祖	G-19	G-19	292	292	19	0	0	0
46	7	同族四世祖	K-4	K-4	260	260	5	1	0	1
70	7	許妻以孫女	W%FF	WFF	248	-10000	2	0	1	0
90	7	第一任妻之叔伯	W1FB	WFB	178	-10000	1	0	1	1
96	7	第四任妻父	W4F	WF	181	-10000	1	0	1	0
128	7	舅表兄	MBS+	MBS	127	-1	1	1	0	1
149	7	自謂...之後	G-n (claimed)	G-n (claimed)	447	447	10	0	0	0
212	7	十七子	S17	S	75	111	0	1	0	0
248	7	得許娶其孫女	SDH%	SDH	70	-1	0	2	1	0
260	7	同族四世孫	K+4	K+4	46	46	1	5	0	1
288	7	十六世孫	G+16	G+16	20	-1	0	16	0	0
292	7	十九世孫	G+19	G+19	16	-1	0	19	0	0
357	7	七女婿	D7H	DH	76	364	0	1	1	0
405	7	姑表兄弟	FZS	FZS	121	-1	1	1	0	1
414	7	表姐妹	P(female)	P(female)	411	414	1	1	0	1
432	7	父之外祖	FMF	FMF	433	-1	3	0	0	0
460	7	族祖姑	K-2(female)	K-2(female)	250	-1	3	1	0	1
467	7	第四任妻	W4	W	134	-10000	0	0	1	0
471	7	族女	K+1(female)	K+1(female)	97	93	1	2	0	1
552	7	五十三世孫	G+53	G+53	548	-1	0	53	0	0
572	7	妾之子	S©	S	571	570	0	1	0	0
17	6	十八世祖	G-18	G-18	291	291	18	0	0	0
229	6	十六子	S16	S	75	111	0	1	0	0
291	6	十八世孫	G+18	G+18	17	-1	0	18	0	0
301	6	直系後裔之夫	G+nH	G+nH	3	3	0	99	1	0
350	6	二十世祖	G-20	G-20	351	351	20	0	0	0
351	6	二十世孫	G+20	G+20	350	-1	0	20	0	0
360	6	四十六世祖	G-46	G-46	340	340	46	0	0	0
391	6	四十五世祖	G-45	G-45	392	392	45	0	0	0
430	6	弟之外孫	BDS	BDS	429	-1	0	2	0	1
431	6	姨表姊妹;從母妹	MZD	MZD	406	431	1	1	0	1
433	6	外孫之子	DSS	DSS	432	-1	0	3	0	0
462	6	族妹	K-(female)	K-(female)	143	461	2	2	0	1
504	6	夫堂姪	HFBSS	HFBSS	-10000	538	1	2	1	1
564	6	私生孫	SS!	SS	563	563	0	2	0	0
3	5	妻之直系祖先	WG-n	WG-n	301	-10000	99	0	1	0
40	5	妻之高祖	WFFFF	WFFFF	266	-10000	4	0	1	0
211	5	二十子	S20	S	75	111	0	1	0	0
234	5	十五子	S15	S	75	111	0	1	0	0
266	5	玄孫女婿	SSSDH	SSSDH	40	-1	0	4	1	0
320	5	妻之族兄弟姊妹	WK	WK	321	-10000	2	2	1	1
321	5	族姊妹之夫	KH	KH	320	320	2	2	1	1
358	5	八女婿	D8H	DH	76	364	0	1	1	0
427	5	舅公;父或母之舅	FMB	FMB	428	-1	2	0	0	1
447	5	後裔(自稱)	G+n (claimed)	G+n (claimed)	149	149	0	99	0	0
453	5	八女	D8	D	75	111	0	1	0	0
475	5	從七世孫	BG+7	BG+7	476	-1	0	7	0	1
476	5	七世伯叔祖	G-7B	G-7B	475	475	7	0	0	1
492	5	堂舅;母亲的叔伯兄弟	MFBS	MFBS	532	-1	2	1	0	1
538	5	堂伯叔母	FFBSW	FFBSW	504	-10000	2	1	1	1
548	5	五十三世祖	G-53	G-53	552	-1	53	0	0	0
563	5	本生祖	FF!	FF	564	564	2	0	0	0
58	4	曾祖之從兄弟;再從曾祖	FFFFBS	FFFFBS	259	-1	4	1	0	1
153	4	第二任妻兄弟	W2B	WB	162	-10000	0	0	1	1
259	4	再從曾孫;堂姪曾孫	FBSSSS	FBSSSS	58	-1	1	4	0	1
312	4	第三任妻之祖	W3FF	WFF	244	-10000	2	0	1	0
352	4	二十一世祖	G-21	G-21	353	353	21	0	0	0
353	4	二十一世孫	G+21	G+21	352	-1	0	21	0	0
402	4	妻之從女	WBD	WBD	426	-10000	0	1	1	1
404	4	姑表兄	FZS+	FZS	415	-1	1	1	0	1
415	4	舅表弟	MBS-	MBS	404	-1	1	1	0	1
428	4	甥孫	ZSS	ZSS	427	-1	0	2	0	1
443	4	族曾孫	K+3(male)	K+3(male)	444	-1	1	4	0	1
444	4	族曾祖	K-3(male)	K-3(male)	443	-1	4	1	0	1
461	4	族姊	K+(female)	K+(female)	144	462	2	2	0	1
473	4	六世從孫; 姪昆孫	BG+6	BG+6	474	-1	0	6	0	1
474	4	太伯叔祖;六世叔伯祖	G-6B	G-6B	473	473	6	0	0	1
487	4	五十七世祖	G-57	G-57	527	527	57	0	0	0
499	4	伯叔祖母	FFBW	FFBW	536	-1	2	0	1	1
514	4	表姐妹婿	PH	PH	545	545	1	1	1	1
527	4	五十七世孫	G+57	G+57	487	-1	0	57	0	0
532	4	堂姊妹之子	FBDS	FBDS	492	-1	1	2	0	1
536	4	夫之姪孫;夫之從孫	HBSS	HBSS	-10000	499	0	2	1	1
545	4	妻之表兄弟姊妹	WP	WP	514	-10000	1	1	1	1
546	4	姨父	MZF	MZF	547	-1	1	0	1	1
559	4	第三任丈夫	H3	H	135	-1	0	0	1	0
561	4	妻之五世祖	WG-5	WG-5	562	-10000	5	0	1	0
567	4	前母	M+	M	568	569	1	0	0	0
580	4	表姑	K-1(female)	K-1(female)	421	-1	2	1	0	1
584	4	嗣祖母	MM*	MM	439	0	2	0	0	0
592	4	外孫媳	DSW	DSW	593	594	0	2	1	0
593	4	夫之外祖父	HMF	HMF	-10000	592	2	0	1	0
6	3	妻之同族祖先	WK-n	WK-n	305	-10000	2	1	1	2
14	3	二十七世祖	G-27	G-27	294	294	27	0	0	0
91	3	第二任妻之叔伯	W2FB	WFB	178	-10000	1	0	1	1
105	3	妻之姨夫	WMZH	WMZH	223	-10000	1	0	2	1
223	3	妻之甥女婿	WZDH	WZDH	105	-10000	0	1	2	1
294	3	二十七世孫	G+27	G+27	14	-1	0	27	0	0
315	3	妾之叔伯	CFB	CFB	178	-10000	1	0	1	1
326	3	十九子	S19	S	75	111	0	1	0	0
339	3	十八子	S18	S	75	111	0	1	0	0
387	3	五十世祖	G-50	G-50	388	388	50	0	0	0
407	3	姨表弟	MZS-	MZS	408	-1	1	1	0	1
454	3	九女	D9	D	75	111	0	1	0	0
544	3	HZSS / HZSD / HZDS / HZDD	HZS	HZS	512	-10000	0	1	1	1
547	3	妻之外甥	WZS	WZS	546	-10000	0	1	1	1
558	3	妻之姑母	WFZ	WFZ	178	-10000	1	0	1	1
585	3	第五任妻	W5	W	134	-10000	0	0	1	0
10	2	四十二世祖	G-42	G-42	298	298	42	0	0	0
11	2	三十八世祖	G-38	G-38	297	297	38	0	0	0
27	2	九世叔伯祖	G-9B	G-9B	280	280	9	0	0	1
51	2	妻之曾叔伯祖	WFFFB	WFFFB	254	-10000	3	0	1	1
112	2	第五任妻父	W5F	WF	181	-10000	1	0	1	0
158	2	第二任妻兄	W2B+	WB	159	-10000	0	0	1	1
170	2	同母異父兄弟	B½	B	170	381	0	0	0	1
202	2	二十五子	S25	S	75	111	0	1	0	0
231	2	二十二子	S22	S	75	111	0	1	0	0
235	2	二十一子	S21	S	75	111	0	1	0	0
254	2	曾姪孫女婿	BSSDH	BSSDH	51	-1	0	3	1	1
280	2	兄弟之九世孫	BG+9	BG+9	27	-1	9	0	0	1
297	2	三十八世孫	G+38	G+38	11	-1	0	38	0	0
298	2	四十二世孫	G+42	G+42	10	-1	0	42	0	0
305	2	同族晚輩之夫	K+nH	K+nH	6	6	2	2	1	1
323	2	妾之兄弟	CB	CB	162	-10000	0	0	1	1
340	2	四十六世孫	G+46	G+46	360	-1	0	46	0	0
348	2	二十三世祖	G-23	G-23	349	349	23	0	0	0
349	2	二十三世孫	G+23	G+23	348	-1	0	23	0	0
359	2	九女婿	D9H	DH	76	364	0	1	1	0
393	2	四十四世祖	G-44	G-44	394	394	44	0	0	0
408	2	姨表兄	MZS+	MZS	407	-1	1	1	0	1
418	2	曾姪孫女	BSSD	BSSD	50	470	0	3	0	1
450	2	十三女	D13	D	75	111	0	1	0	0
455	2	十女	D10	D	75	111	0	1	0	0
456	2	十一女	D11	D	75	111	0	1	0	0
457	2	十二女	D12	D	75	111	0	1	0	0
458	2	十四女	D14	D	75	111	0	1	0	0
470	2	曾祖姑	FFFZ	FFFZ	253	418	3	0	0	1
493	2	外玄孫	DSSS	DSSS	-10000	533	0	4	0	0
533	2	曾祖母之父	FFMF	FFMF	493	-1	4	0	0	0
551	2	五十六世祖	G-56	G-56	555	-1	56	0	0	0
555	2	五十六世孫	G+56	G+56	551	-1	0	56	0	0
562	2	五世孫婿	G+5H	G+5H	-10000	561	0	5	1	0
574	2	從姊妹	FBD	FBD	119	574	1	1	0	1
8	1	第一任妻之直系祖先	W1G-n	W1G-n	301	-10000	99	0	1	0
9	1	四十三世祖	G-43	G-43	299	299	43	0	0	0
13	1	三十世祖	G-30	G-30	295	295	30	0	0	0
18	1	妻之十七世祖	WG-17	WG-17	289	-10000	17	0	1	0
32	1	妻之七世祖	WG-7	WG-7	276	-10000	7	0	1	0
141	1	姨表姊妹之夫	MZDH	MZDH	142	-1	1	1	1	1
142	1	岳母之外甥;妻之姨表兄弟	WMZS	WMZS	141	-10000	1	1	1	1
213	1	二十三子	S23	S	75	111	0	1	0	0
222	1	二十四子	S24	S	75	111	0	1	0	0
276	1	七世孫婿	G+7H	G+7H	32	-1	0	7	1	0
289	1	十七世孫婿	G+17H	G+17H	18	-1	0	17	1	0
295	1	三十世孫	G+30	G+30	13	-1	0	30	0	0
299	1	四十三世孫	G+43	G+43	9	-1	0	43	0	0
308	1	第一任妻之堂兄弟	W1FBS	WFBS	157	-10000	1	1	1	1
309	1	第二任妻之堂兄弟	W2FBS	WFBS	157	-10000	1	1	1	1
354	1	三十六世祖	G-36	G-36	355	355	36	0	0	0
355	1	三十六世孫	G+36	G+36	354	-1	0	36	0	0
361	1	繼姊妹	Z^	Z	362	361	0	0	0	1
362	1	繼兄弟	B^	B	362	361	0	0	0	1
380	1	繼妹	Z-^	Z	172	379	0	0	0	1
388	1	五十世孫	G+50	G+50	387	-1	0	50	0	0
389	1	四十七世祖	G-47	G-47	390	390	47	0	0	0
390	1	四十七世孫	G+47	G+47	389	-1	0	47	0	0
392	1	四十五世孫	G+45	G+45	391	-1	0	45	0	0
482	1	二十四世祖	G-24	G-24	522	522	24	0	0	0
483	1	二十五世祖	G-25	G-25	523	523	25	0	0	0
494	1	高曾祖母	FFFFM	FFFFM	398	398	5	0	0	0
500	1	伯叔祖母姪	FFBWBS	FFBWBS	537	-1	2	1	1	2
501	1	太祖母	G-7W	G-7W	277	277	7	0	0	0
505	1	妻舅祖	WFMB	WFMB	539	-10000	2	0	1	1
510	1	曾祖母姪	FFMBS	FFMBS	542	-1	3	1	0	1
511	1	祖母姪	FMBS	FMBS	543	-1	2	1	0	1
512	1	舅婆;父或母之舅母 FMBW/MMBW	FMBW	FMBW	-10000	544	2	0	1	1
522	1	二十四世孫	G+24	G+24	482	-1	0	24	0	0
523	1	二十五世孫	G+25	G+25	483	-1	0	25	0	0
537	1	姑父之姪孫;姑父之從孫	FZHBSS	FZHBSS	500	-1	1	2	1	2
539	1	外甥孫婿	ZSDH	ZSDH	-10000	505	0	2	1	1
542	1	姑母之曾孫;姑表兄弟之孫	FZSSS	FZSSS	510	-1	1	3	0	1
543	1	姑母之孫;姑表兄弟之子	FZSS	FZSS	511	-1	1	2	0	1
556	1	妻之外甥女	WZD	WZD	546	-10000	0	1	1	1
569	1	非親生女	D#	D	571	570	0	1	0	0
571	1	非親生父	F#	F	568	569	1	0	0	0
573	1	妾之女	D©	D	571	570	0	1	0	0
586	1	外孫之女	DSD	DSD	587	-1	0	3	0	0
587	1	父之外祖母	FMM	FMM	586	-1	3	0	0	0
589	1	舅母	MBW	MBW	590	591	1	0	1	1
590	1	夫姊妹之子	HZS	HZS	589	-10000	0	1	1	1
